22	16055122	16055122
22	16057310	16057310
22	16287784	16287784
22	16486963	16486963
22	16495458	16495458
22	16504399	16504399
22	16855618	16855618
22	16856901	16856901
22	16868036	16868036
22	16872547	16872547
22	16874656	16874656
22	16886339	16886339
22	16888577	16888577
22	16890136	16890136
22	16897695	16897695
22	16898857	16898857
22	16905946	16905946
22	16938376	16938376
22	17012935	17012935
22	17054720	17054720
22	17055569	17055569
22	17056038	17056038
22	17061371	17061371
22	17063176	17063176
22	17068748	17068748
22	17070109	17070109
22	17072347	17072347
22	17072411	17072411
22	17073475	17073475
22	17075353	17075353
22	17079911	17079911
22	17091621	17091621
22	17094749	17094749
22	17099273	17099273
22	17100439	17100439
22	17102604	17102604
22	17108381	17108381
22	17116070	17116070
22	17119450	17119450
22	17128441	17128441
22	17177594	17177594
22	17178015	17178015
22	17196213	17196213
22	17199044	17199044
22	17199548	17199548
22	17203532	17203532
22	17211331	17211331
22	17212553	17212553
22	17217247	17217247
22	17217317	17217317
22	17221495	17221495
22	17222934	17222934
22	17223938	17223938
22	17227461	17227461
22	17278928	17278928
22	17289118	17289118
22	17301843	17301843
22	17303596	17303596
22	17317299	17317299
22	17318333	17318333
22	17318728	17318728
22	17319156	17319156
22	17326914	17326914
22	17327157	17327157
22	17337527	17337527
22	17339003	17339003
22	17340419	17340419
22	17388093	17388093
22	17392955	17392955
22	17398800	17398800
22	17399211	17399211
22	17408459	17408459
22	17414640	17414640
22	17427037	17427037
22	17427455	17427455
22	17429384	17429384
22	17434521	17434521
22	17437133	17437133
22	17443179	17443179
22	17443370	17443370
22	17444407	17444407
22	17446715	17446715
22	17446991	17446991
22	17450247	17450247
22	17450929	17450929
22	17450952	17450952
22	17451710	17451710
22	17468918	17468918
22	17469170	17469170
22	17469558	17469558
22	17474773	17474773
22	17476147	17476147
22	17489890	17489890
22	17491584	17491584
22	17492452	17492452
22	17492987	17492987
22	17493520	17493520
22	17539678	17539678
22	17542150	17542150
22	17550694	17550694
22	17561569	17561569
22	17561913	17561913
22	17562404	17562404
22	17573272	17573272
22	17579013	17579013
22	17579956	17579956
22	17581286	17581286
22	17581838	17581838
22	17586757	17586757
22	17589209	17589209
22	17589283	17589283
22	17589412	17589412
22	17589602	17589602
22	17589794	17589794
22	17597501	17597501
22	17600293	17600293
22	17600497	17600497
22	17600689	17600689
22	17603503	17603503
22	17605899	17605899
22	17610214	17610214
22	17611515	17611515
22	17616217	17616217
22	17616475	17616475
22	17618142	17618142
22	17619292	17619292
22	17619393	17619393
22	17620130	17620130
22	17622020	17622020
22	17623408	17623408
22	17625915	17625915
22	17625970	17625970
22	17630378	17630378
22	17635874	17635874
22	17639837	17639837
22	17640045	17640045
22	17645139	17645139
22	17647520	17647520
22	17649774	17649774
22	17649805	17649805
22	17653020	17653020
22	17654068	17654068
22	17658341	17658341
22	17661372	17661372
22	17662767	17662767
22	17662849	17662849
22	17664307	17664307
22	17666839	17666839
22	17669199	17669199
22	17669245	17669245
22	17669306	17669306
22	17670224	17670224
22	17671052	17671052
22	17674117	17674117
22	17675900	17675900
22	17680519	17680519
22	17680656	17680656
22	17682294	17682294
22	17684628	17684628
22	17690409	17690409
22	17694949	17694949
22	17698173	17698173
22	17701304	17701304
22	17702778	17702778
22	17709828	17709828
22	17713433	17713433
22	17714006	17714006
22	17714985	17714985
22	17715095	17715095
22	17717841	17717841
22	17722053	17722053
22	17722982	17722982
22	17723712	17723712
22	17723899	17723899
22	17724093	17724093
22	17725150	17725150
22	17725899	17725899
22	17726469	17726469
22	17727015	17727015
22	17727648	17727648
22	17728523	17728523
22	17728832	17728832
22	17731977	17731977
22	17733896	17733896
22	17735864	17735864
22	17738177	17738177
22	17738321	17738321
22	17741701	17741701
22	17751002	17751002
22	17753699	17753699
22	17762499	17762499
22	17765505	17765505
22	17766437	17766437
22	17770181	17770181
22	17780484	17780484
22	17781555	17781555
22	17783420	17783420
22	17784602	17784602
22	17785199	17785199
22	17785224	17785224
22	17789796	17789796
22	17790731	17790731
22	17790906	17790906
22	17792855	17792855
22	17793206	17793206
22	17797691	17797691
22	17798800	17798800
22	17800461	17800461
22	17803872	17803872
22	17816691	17816691
22	17818807	17818807
22	17818894	17818894
22	17818918	17818918
22	17827558	17827558
22	17827613	17827613
22	17831813	17831813
22	17834655	17834655
22	17839775	17839775
22	17840791	17840791
22	17841068	17841068
22	17845261	17845261
22	17846148	17846148
22	17849249	17849249
22	17850483	17850483
22	17853714	17853714
22	17858763	17858763
22	17860048	17860048
22	17860359	17860359
22	17861131	17861131
22	17861535	17861535
22	17868593	17868593
22	17874348	17874348
22	17876723	17876723
22	17877985	17877985
22	17881271	17881271
22	17883220	17883220
22	17886806	17886806
22	17890558	17890558
22	17891234	17891234
22	17892060	17892060
22	17895051	17895051
22	17897544	17897544
22	17898183	17898183
22	17898402	17898402
22	17898554	17898554
22	17901683	17901683
22	17901925	17901925
22	17901940	17901940
22	17903914	17903914
22	17903917	17903917
22	17907583	17907583
22	17910586	17910586
22	17914757	17914757
22	17915744	17915744
22	17916116	17916116
22	17916235	17916235
22	17924567	17924567
22	17929594	17929594
22	17932686	17932686
22	17936911	17936911
22	17945922	17945922
22	17946058	17946058
22	17946168	17946168
22	17952520	17952520
22	17958221	17958221
22	17965444	17965444
22	17967498	17967498
22	17979673	17979673
22	17984525	17984525
22	17985560	17985560
22	17986344	17986344
22	17988394	17988394
22	17990852	17990852
22	17990861	17990861
22	17990875	17990875
22	17992309	17992309
22	17992460	17992460
22	17999158	17999158
22	18002042	18002042
22	18003181	18003181
22	18003341	18003341
22	18005947	18005947
22	18009909	18009909
22	18010945	18010945
22	18013723	18013723
22	18015567	18015567
22	18016012	18016012
22	18016508	18016508
22	18018821	18018821
22	18020796	18020796
22	18021604	18021604
22	18021760	18021760
22	18022046	18022046
22	18022060	18022060
22	18022063	18022063
22	18024787	18024787
22	18025719	18025719
22	18028794	18028794
22	18029251	18029251
22	18029408	18029408
22	18030738	18030738
22	18031793	18031793
22	18036253	18036253
22	18036388	18036388
22	18042154	18042154
22	18046944	18046944
22	18049681	18049681
22	18050386	18050386
22	18054369	18054369
22	18055380	18055380
22	18057922	18057922
22	18067777	18067777
22	18068785	18068785
22	18076523	18076523
22	18081422	18081422
22	18083698	18083698
22	18090664	18090664
22	18093102	18093102
22	18099460	18099460
22	18102498	18102498
22	18103861	18103861
22	18105975	18105975
22	18111436	18111436
22	18118204	18118204
22	18118296	18118296
22	18119761	18119761
22	18120850	18120850
22	18122180	18122180
22	18123036	18123036
22	18161029	18161029
22	18161762	18161762
22	18163756	18163756
22	18166960	18166960
22	18167335	18167335
22	18171776	18171776
22	18174658	18174658
22	18183092	18183092
22	18207220	18207220
22	18209920	18209920
22	18210409	18210409
22	18218311	18218311
22	18221958	18221958
22	18222263	18222263
22	18225318	18225318
22	18226327	18226327
22	18226612	18226612
22	18226764	18226764
22	18226771	18226771
22	18229187	18229187
22	18233154	18233154
22	18235305	18235305
22	18240602	18240602
22	18247625	18247625
22	18253187	18253187
22	18253888	18253888
22	18255988	18255988
22	18258344	18258344
22	18259071	18259071
22	18261346	18261346
22	18262517	18262517
22	18263268	18263268
22	18265683	18265683
22	18268130	18268130
22	18270779	18270779
22	18271491	18271491
22	18273560	18273560
22	18273641	18273641
22	18273697	18273697
22	18274009	18274009
22	18274050	18274050
22	18275187	18275187
22	18276101	18276101
22	18278393	18278393
22	18279383	18279383
22	18282526	18282526
22	18288040	18288040
22	18288362	18288362
22	18289555	18289555
22	18293502	18293502
22	18293533	18293533
22	18294211	18294211
22	18299137	18299137
22	18299197	18299197
22	18300200	18300200
22	18300240	18300240
22	18300637	18300637
22	18300844	18300844
22	18301508	18301508
22	18304426	18304426
22	18307079	18307079
22	18307381	18307381
22	18309658	18309658
22	18310439	18310439
22	18312343	18312343
22	18314391	18314391
22	18314815	18314815
22	18317550	18317550
22	18320739	18320739
22	18320886	18320886
22	18323438	18323438
22	18330098	18330098
22	18333467	18333467
22	18333639	18333639
22	18334573	18334573
22	18336087	18336087
22	18343191	18343191
22	18347707	18347707
22	18349348	18349348
22	18350514	18350514
22	18354471	18354471
22	18358301	18358301
22	18368147	18368147
22	18374272	18374272
22	18377199	18377199
22	18391061	18391061
22	18393564	18393564
22	18399007	18399007
22	18399017	18399017
22	18403629	18403629
22	18417495	18417495
22	18421519	18421519
22	18424435	18424435
22	18425224	18425224
22	18428418	18428418
22	18434088	18434088
22	18439958	18439958
22	18441463	18441463
22	18444570	18444570
22	18444657	18444657
22	18445021	18445021
22	18446610	18446610
22	18448113	18448113
22	18451593	18451593
22	18452188	18452188
22	18465756	18465756
22	18469691	18469691
22	18484507	18484507
22	18486017	18486017
22	18486282	18486282
22	18486441	18486441
22	18489048	18489048
22	18497905	18497905
22	18502566	18502566
22	18504801	18504801
22	18505121	18505121
22	18506158	18506158
22	18507030	18507030
22	18514305	18514305
22	18515081	18515081
22	18520416	18520416
22	18520612	18520612
22	18523214	18523214
22	18526789	18526789
22	18528673	18528673
22	18531787	18531787
22	18533434	18533434
22	18534292	18534292
22	18539553	18539553
22	18542023	18542023
22	18542185	18542185
22	18543172	18543172
22	18545634	18545634
22	18547507	18547507
22	18549152	18549152
22	18552662	18552662
22	18553542	18553542
22	18553808	18553808
22	18562734	18562734
22	18565346	18565346
22	18566288	18566288
22	18570175	18570175
22	18573003	18573003
22	18574488	18574488
22	18576447	18576447
22	18582532	18582532
22	18582650	18582650
22	18583293	18583293
22	18584433	18584433
22	18586686	18586686
22	18587898	18587898
22	18592194	18592194
22	18594928	18594928
22	18596449	18596449
22	18599687	18599687
22	18604298	18604298
22	18605382	18605382
22	18606946	18606946
22	18606947	18606947
22	18607638	18607638
22	18607872	18607872
22	18609290	18609290
22	18609481	18609481
22	18609493	18609493
22	18609647	18609647
22	18609661	18609661
22	18609703	18609703
22	18609712	18609712
22	18610798	18610798
22	18612226	18612226
22	18613846	18613846
22	18614874	18614874
22	18617515	18617515
22	18619890	18619890
22	18628133	18628133
22	18628499	18628499
22	18629028	18629028
22	18631365	18631365
22	18633860	18633860
22	18635717	18635717
22	18637094	18637094
22	18637533	18637533
22	18639780	18639780
22	18640300	18640300
22	18652490	18652490
22	18668832	18668832
22	18737066	18737066
22	18737126	18737126
22	18737279	18737279
22	18877787	18877787
22	18882126	18882126
22	18889969	18889969
22	18892575	18892575
22	18896464	18896464
22	18901004	18901004
22	18901989	18901989
22	18905117	18905117
22	18905964	18905964
22	18905977	18905977
22	18906998	18906998
22	18907088	18907088
22	18907405	18907405
22	18907827	18907827
22	18907990	18907990
22	18910355	18910355
22	18912677	18912677
22	18912678	18912678
22	18915347	18915347
22	18917748	18917748
22	18918014	18918014
22	18919755	18919755
22	18921507	18921507
22	18923349	18923349
22	18935842	18935842
22	18936282	18936282
22	18936993	18936993
22	18942565	18942565
22	18945243	18945243
22	18951545	18951545
22	18957827	18957827
22	18961405	18961405
22	18965394	18965394
22	18966617	18966617
22	18972450	18972450
22	18975263	18975263
22	18975458	18975458
22	18975562	18975562
22	18981291	18981291
22	18981508	18981508
22	18981563	18981563
22	18982953	18982953
22	18986975	18986975
22	18987039	18987039
22	18993172	18993172
22	18994633	18994633
22	18995855	18995855
22	18996425	18996425
22	19002159	19002159
22	19007688	19007688
22	19025082	19025082
22	19028462	19028462
22	19028643	19028643
22	19029353	19029353
22	19036154	19036154
22	19037734	19037734
22	19047047	19047047
22	19052424	19052424
22	19059888	19059888
22	19062020	19062020
22	19062060	19062060
22	19075994	19075994
22	19076575	19076575
22	19089757	19089757
22	19104439	19104439
22	19106053	19106053
22	19106144	19106144
22	19113928	19113928
22	19118901	19118901
22	19119751	19119751
22	19121722	19121722
22	19121872	19121872
22	19124865	19124865
22	19132325	19132325
22	19133605	19133605
22	19133850	19133850
22	19134083	19134083
22	19134255	19134255
22	19139563	19139563
22	19141162	19141162
22	19148102	19148102
22	19148721	19148721
22	19149300	19149300
22	19149580	19149580
22	19154522	19154522
22	19155481	19155481
22	19156117	19156117
22	19160297	19160297
22	19160414	19160414
22	19164361	19164361
22	19175095	19175095
22	19178854	19178854
22	19180573	19180573
22	19183787	19183787
22	19184095	19184095
22	19185736	19185736
22	19187375	19187375
22	19190223	19190223
22	19195680	19195680
22	19196491	19196491
22	19196502	19196502
22	19196615	19196615
22	19197381	19197381
22	19197949	19197949
22	19201194	19201194
22	19203060	19203060
22	19203625	19203625
22	19204478	19204478
22	19207411	19207411
22	19207479	19207479
22	19207491	19207491
22	19210479	19210479
22	19210740	19210740
22	19212001	19212001
22	19212984	19212984
22	19212999	19212999
22	19213033	19213033
22	19213744	19213744
22	19213779	19213779
22	19217422	19217422
22	19221123	19221123
22	19221135	19221135
22	19222138	19222138
22	19223332	19223332
22	19223352	19223352
22	19228736	19228736
22	19262852	19262852
22	19264625	19264625
22	19267580	19267580
22	19268873	19268873
22	19269267	19269267
22	19270222	19270222
22	19271831	19271831
22	19273165	19273165
22	19287227	19287227
22	19295688	19295688
22	19299703	19299703
22	19310812	19310812
22	19337633	19337633
22	19343881	19343881
22	19348199	19348199
22	19348896	19348896
22	19367956	19367956
22	19380714	19380714
22	19381507	19381507
22	19387965	19387965
22	19414222	19414222
22	19414885	19414885
22	19422339	19422339
22	19423250	19423250
22	19431396	19431396
22	19432456	19432456
22	19434626	19434626
22	19435270	19435270
22	19443931	19443931
22	19446757	19446757
22	19453630	19453630
22	19456264	19456264
22	19459674	19459674
22	19460180	19460180
22	19472843	19472843
22	19479695	19479695
22	19487192	19487192
22	19487212	19487212
22	19491392	19491392
22	19491395	19491395
22	19493094	19493094
22	19496882	19496882
22	19499829	19499829
22	19503920	19503920
22	19507447	19507447
22	19508290	19508290
22	19515778	19515778
22	19521298	19521298
22	19528458	19528458
22	19529130	19529130
22	19533898	19533898
22	19534856	19534856
22	19537262	19537262
22	19538527	19538527
22	19547442	19547442
22	19555172	19555172
22	19556893	19556893
22	19558475	19558475
22	19561712	19561712
22	19564765	19564765
22	19565341	19565341
22	19565395	19565395
22	19569988	19569988
22	19577438	19577438
22	19580050	19580050
22	19581164	19581164
22	19581946	19581946
22	19588535	19588535
22	19593220	19593220
22	19593301	19593301
22	19593854	19593854
22	19594775	19594775
22	19596801	19596801
22	19596825	19596825
22	19597257	19597257
22	19597771	19597771
22	19600574	19600574
22	19600961	19600961
22	19602512	19602512
22	19609943	19609943
22	19611680	19611680
22	19616331	19616331
22	19616913	19616913
22	19618257	19618257
22	19618533	19618533
22	19620523	19620523
22	19621011	19621011
22	19621998	19621998
22	19622603	19622603
22	19624048	19624048
22	19624256	19624256
22	19627947	19627947
22	19629784	19629784
22	19629837	19629837
22	19633151	19633151
22	19634330	19634330
22	19634877	19634877
22	19636615	19636615
22	19639383	19639383
22	19640406	19640406
22	19643245	19643245
22	19644376	19644376
22	19652901	19652901
22	19654144	19654144
22	19655862	19655862
22	19659099	19659099
22	19662319	19662319
22	19667336	19667336
22	19667724	19667724
22	19675944	19675944
22	19676248	19676248
22	19678655	19678655
22	19682627	19682627
22	19690250	19690250
22	19693418	19693418
22	19698129	19698129
22	19701341	19701341
22	19704655	19704655
22	19712778	19712778
22	19717043	19717043
22	19717856	19717856
22	19721766	19721766
22	19721988	19721988
22	19724224	19724224
22	19732685	19732685
22	19738290	19738290
22	19741910	19741910
22	19750645	19750645
22	19751065	19751065
22	19754211	19754211
22	19755127	19755127
22	19758228	19758228
22	19765631	19765631
22	19766782	19766782
22	19767051	19767051
22	19767420	19767420
22	19772131	19772131
22	19775444	19775444
22	19776365	19776365
22	19785006	19785006
22	19788347	19788347
22	19797745	19797745
22	19799963	19799963
22	19800322	19800322
22	19800584	19800584
22	19807031	19807031
22	19808205	19808205
22	19808874	19808874
22	19808938	19808938
22	19825152	19825152
22	19833781	19833781
22	19836102	19836102
22	19836705	19836705
22	19846987	19846987
22	19863638	19863638
22	19864669	19864669
22	19864680	19864680
22	19864729	19864729
22	19868218	19868218
22	19873606	19873606
22	19874955	19874955
22	19879506	19879506
22	19880821	19880821
22	19881027	19881027
22	19883189	19883189
22	19886443	19886443
22	19887376	19887376
22	19887769	19887769
22	19889423	19889423
22	19889825	19889825
22	19891935	19891935
22	19898900	19898900
22	19898906	19898906
22	19898912	19898912
22	19903135	19903135
22	19904898	19904898
22	19905802	19905802
22	19906498	19906498
22	19906511	19906511
22	19907099	19907099
22	19912676	19912676
22	19918723	19918723
22	19920359	19920359
22	19924021	19924021
22	19928000	19928000
22	19928884	19928884
22	19929027	19929027
22	19930121	19930121
22	19930274	19930274
22	19930810	19930810
22	19937638	19937638
22	19940583	19940583
22	19941495	19941495
22	19942997	19942997
22	19948337	19948337
22	19949013	19949013
22	19949952	19949952
22	19950235	19950235
22	19950268	19950268
22	19950428	19950428
22	19951103	19951103
22	19951237	19951237
22	19951271	19951271
22	19951804	19951804
22	19951816	19951816
22	19952224	19952224
22	19952561	19952561
22	19954458	19954458
22	19956781	19956781
22	19957023	19957023
22	19959473	19959473
22	19960286	19960286
22	19960548	19960548
22	19961730	19961730
22	19962203	19962203
22	19965295	19965295
22	19965501	19965501
22	19966549	19966549
22	19966579	19966579
22	19967673	19967673
22	19969182	19969182
22	19969488	19969488
22	19970502	19970502
22	19973205	19973205
22	19976845	19976845
22	19978218	19978218
22	19978253	19978253
22	19984277	19984277
22	19991611	19991611
22	19995634	19995634
22	20002848	20002848
22	20006992	20006992
22	20012286	20012286
22	20015016	20015016
22	20017445	20017445
22	20019791	20019791
22	20022296	20022296
22	20024596	20024596
22	20025652	20025652
22	20037315	20037315
22	20043630	20043630
22	20045419	20045419
22	20051787	20051787
22	20057143	20057143
22	20060137	20060137
22	20073773	20073773
22	20076910	20076910
22	20077523	20077523
22	20081852	20081852
22	20082293	20082293
22	20084368	20084368
22	20093126	20093126
22	20098544	20098544
22	20100596	20100596
22	20101124	20101124
22	20103264	20103264
22	20121848	20121848
22	20122091	20122091
22	20130321	20130321
22	20136379	20136379
22	20139204	20139204
22	20146533	20146533
22	20156415	20156415
22	20160081	20160081
22	20168295	20168295
22	20170093	20170093
22	20174853	20174853
22	20179255	20179255
22	20185457	20185457
22	20189202	20189202
22	20189378	20189378
22	20189408	20189408
22	20190055	20190055
22	20193114	20193114
22	20201954	20201954
22	20202422	20202422
22	20204791	20204791
22	20213718	20213718
22	20217628	20217628
22	20219641	20219641
22	20220111	20220111
22	20222641	20222641
22	20225536	20225536
22	20227551	20227551
22	20233865	20233865
22	20241436	20241436
22	20244259	20244259
22	20248391	20248391
22	20248996	20248996
22	20250789	20250789
22	20258194	20258194
22	20262166	20262166
22	20264937	20264937
22	20270250	20270250
22	20278471	20278471
22	20279533	20279533
22	20279718	20279718
22	20280634	20280634
22	20283228	20283228
22	20284656	20284656
22	20293476	20293476
22	20298515	20298515
22	20299869	20299869
22	20300738	20300738
22	20306993	20306993
22	20311646	20311646
22	20329526	20329526
22	20457872	20457872
22	20708641	20708641
22	20708869	20708869
22	20709242	20709242
22	20709250	20709250
22	20709574	20709574
22	20710219	20710219
22	20710386	20710386
22	20710559	20710559
22	20711664	20711664
22	20712131	20712131
22	20714965	20714965
22	20714968	20714968
22	20715433	20715433
22	20718116	20718116
22	20718525	20718525
22	20719325	20719325
22	20720907	20720907
22	20742450	20742450
22	20753135	20753135
22	20753615	20753615
22	20764994	20764994
22	20765021	20765021
22	20766284	20766284
22	20767303	20767303
22	20772773	20772773
22	20774614	20774614
22	20778066	20778066
22	20780296	20780296
22	20783485	20783485
22	20789074	20789074
22	20789688	20789688
22	20795757	20795757
22	20798322	20798322
22	20798354	20798354
22	20800835	20800835
22	20806397	20806397
22	20810054	20810054
22	20844663	20844663
22	20856228	20856228
22	20862548	20862548
22	20872855	20872855
22	20875570	20875570
22	20876509	20876509
22	20877989	20877989
22	20881678	20881678
22	20883449	20883449
22	20886533	20886533
22	20887166	20887166
22	20893767	20893767
22	20903410	20903410
22	20906367	20906367
22	20910482	20910482
22	20911756	20911756
22	20924375	20924375
22	20933209	20933209
22	20946403	20946403
22	20947274	20947274
22	20950564	20950564
22	20954760	20954760
22	20956600	20956600
22	20956684	20956684
22	20957000	20957000
22	20957037	20957037
22	20957858	20957858
22	20961189	20961189
22	20962689	20962689
22	20962978	20962978
22	20963475	20963475
22	20964056	20964056
22	20966125	20966125
22	20978672	20978672
22	20983228	20983228
22	20990570	20990570
22	20992947	20992947
22	20993328	20993328
22	20993477	20993477
22	20993519	20993519
22	20996595	20996595
22	20999208	20999208
22	20999626	20999626
22	21001472	21001472
22	21004805	21004805
22	21005667	21005667
22	21005697	21005697
22	21009596	21009596
22	21015218	21015218
22	21025441	21025441
22	21028007	21028007
22	21062168	21062168
22	21062177	21062177
22	21069073	21069073
22	21071147	21071147
22	21075586	21075586
22	21078991	21078991
22	21105255	21105255
22	21106550	21106550
22	21113894	21113894
22	21115244	21115244
22	21120359	21120359
22	21134023	21134023
22	21134223	21134223
22	21137765	21137765
22	21139239	21139239
22	21145397	21145397
22	21146015	21146015
22	21147077	21147077
22	21147113	21147113
22	21148180	21148180
22	21155569	21155569
22	21156277	21156277
22	21157174	21157174
22	21165311	21165311
22	21167787	21167787
22	21174444	21174444
22	21188823	21188823
22	21190377	21190377
22	21198776	21198776
22	21199572	21199572
22	21219710	21219710
22	21224023	21224023
22	21224705	21224705
22	21235389	21235389
22	21236559	21236559
22	21241976	21241976
22	21242879	21242879
22	21244675	21244675
22	21246902	21246902
22	21247007	21247007
22	21260951	21260951
22	21261417	21261417
22	21261449	21261449
22	21263353	21263353
22	21272734	21272734
22	21305473	21305473
22	21307058	21307058
22	21317432	21317432
22	21318433	21318433
22	21320528	21320528
22	21323357	21323357
22	21324484	21324484
22	21328568	21328568
22	21331556	21331556
22	21335135	21335135
22	21335606	21335606
22	21338036	21338036
22	21338632	21338632
22	21339751	21339751
22	21341857	21341857
22	21342811	21342811
22	21343965	21343965
22	21349277	21349277
22	21350370	21350370
22	21352181	21352181
22	21355501	21355501
22	21357119	21357119
22	21358127	21358127
22	21361870	21361870
22	21362849	21362849
22	21363960	21363960
22	21369454	21369454
22	21369548	21369548
22	21371227	21371227
22	21377071	21377071
22	21377650	21377650
22	21377958	21377958
22	21384578	21384578
22	21385277	21385277
22	21386019	21386019
22	21392943	21392943
22	21393701	21393701
22	21398354	21398354
22	21402372	21402372
22	21403375	21403375
22	21403376	21403376
22	21406353	21406353
22	21406460	21406460
22	21406930	21406930
22	21409018	21409018
22	21409191	21409191
22	21410886	21410886
22	21424414	21424414
22	21425769	21425769
22	21427621	21427621
22	21430958	21430958
22	21431054	21431054
22	21432229	21432229
22	21438369	21438369
22	21438417	21438417
22	21441353	21441353
22	21442000	21442000
22	21443310	21443310
22	21445920	21445920
22	21447294	21447294
22	21452237	21452237
22	21454525	21454525
22	21460008	21460008
22	21460220	21460220
22	21461607	21461607
22	21579834	21579834
22	21726191	21726191
22	21804903	21804903
22	21806401	21806401
22	21917190	21917190
22	21926013	21926013
22	21928641	21928641
22	21932068	21932068
22	21939675	21939675
22	21939765	21939765
22	21964761	21964761
22	21967395	21967395
22	21973319	21973319
22	21976051	21976051
22	21979096	21979096
22	21982892	21982892
22	21988833	21988833
22	21989142	21989142
22	21989325	21989325
22	21990823	21990823
22	21991120	21991120
22	21994044	21994044
22	21998280	21998280
22	22000109	22000109
22	22010918	22010918
22	22015144	22015144
22	22015327	22015327
22	22015771	22015771
22	22028124	22028124
22	22035555	22035555
22	22036640	22036640
22	22050361	22050361
22	22055280	22055280
22	22055394	22055394
22	22059968	22059968
22	22068740	22068740
22	22076177	22076177
22	22077124	22077124
22	22078367	22078367
22	22082919	22082919
22	22094016	22094016
22	22095920	22095920
22	22107057	22107057
22	22110167	22110167
22	22110359	22110359
22	22111985	22111985
22	22115004	22115004
22	22115353	22115353
22	22115886	22115886
22	22118229	22118229
22	22131125	22131125
22	22138017	22138017
22	22141229	22141229
22	22143849	22143849
22	22178218	22178218
22	22199970	22199970
22	22200530	22200530
22	22204793	22204793
22	22214572	22214572
22	22235510	22235510
22	22259174	22259174
22	22262369	22262369
22	22271797	22271797
22	22274021	22274021
22	22277571	22277571
22	22288560	22288560
22	22290403	22290403
22	22304127	22304127
22	22304943	22304943
22	22318346	22318346
22	22318354	22318354
22	22318364	22318364
22	22318538	22318538
22	22318568	22318568
22	22323019	22323019
22	22326283	22326283
22	22328297	22328297
22	22330082	22330082
22	22332898	22332898
22	22342678	22342678
22	22343023	22343023
22	22343553	22343553
22	22344330	22344330
22	22344848	22344848
22	22349201	22349201
22	22355496	22355496
22	22357620	22357620
22	22358201	22358201
22	22359389	22359389
22	22360650	22360650
22	22369207	22369207
22	22372518	22372518
22	22372593	22372593
22	22375705	22375705
22	22377206	22377206
22	22384364	22384364
22	22388539	22388539
22	22399916	22399916
22	22401170	22401170
22	22401267	22401267
22	22402940	22402940
22	22404083	22404083
22	22414663	22414663
22	22416707	22416707
22	22418813	22418813
22	22419249	22419249
22	22421412	22421412
22	22422622	22422622
22	22426145	22426145
22	22426545	22426545
22	22428083	22428083
22	22428155	22428155
22	22428873	22428873
22	22433108	22433108
22	22435843	22435843
22	22437655	22437655
22	22437747	22437747
22	22440499	22440499
22	22440788	22440788
22	22440829	22440829
22	22444683	22444683
22	22450073	22450073
22	22451791	22451791
22	22454496	22454496
22	22456900	22456900
22	22467903	22467903
22	22477036	22477036
22	22478113	22478113
22	22479924	22479924
22	22484210	22484210
22	22486646	22486646
22	22489904	22489904
22	22493764	22493764
22	22505762	22505762
22	22508432	22508432
22	22517705	22517705
22	22517826	22517826
22	22518517	22518517
22	22531074	22531074
22	22531572	22531572
22	22533348	22533348
22	22535082	22535082
22	22535973	22535973
22	22536846	22536846
22	22537581	22537581
22	22539704	22539704
22	22548577	22548577
22	22548831	22548831
22	22549738	22549738
22	22554512	22554512
22	22560977	22560977
22	22563845	22563845
22	22579286	22579286
22	22584809	22584809
22	22597173	22597173
22	22599216	22599216
22	22601293	22601293
22	22603373	22603373
22	22668453	22668453
22	22696066	22696066
22	22702508	22702508
22	22712350	22712350
22	22727571	22727571
22	22737744	22737744
22	22739955	22739955
22	22741239	22741239
22	22749340	22749340
22	22753204	22753204
22	22797979	22797979
22	22811375	22811375
22	22817540	22817540
22	22834620	22834620
22	22837279	22837279
22	22875841	22875841
22	22877480	22877480
22	22887247	22887247
22	22890552	22890552
22	22966043	22966043
22	23000892	23000892
22	23015030	23015030
22	23018540	23018540
22	23059563	23059563
22	23110658	23110658
22	23137299	23137299
22	23249354	23249354
22	23250088	23250088
22	23250737	23250737
22	23251857	23251857
22	23254219	23254219
22	23257499	23257499
22	23258438	23258438
22	23262118	23262118
22	23262137	23262137
22	23263708	23263708
22	23266118	23266118
22	23268390	23268390
22	23270732	23270732
22	23272656	23272656
22	23275227	23275227
22	23276421	23276421
22	23278593	23278593
22	23278613	23278613
22	23279385	23279385
22	23279752	23279752
22	23281789	23281789
22	23283517	23283517
22	23283632	23283632
22	23283834	23283834
22	23284781	23284781
22	23285223	23285223
22	23285967	23285967
22	23286059	23286059
22	23287367	23287367
22	23292407	23292407
22	23295133	23295133
22	23296231	23296231
22	23299147	23299147
22	23299769	23299769
22	23317598	23317598
22	23329477	23329477
22	23337642	23337642
22	23338634	23338634
22	23339200	23339200
22	23340580	23340580
22	23350450	23350450
22	23350708	23350708
22	23352798	23352798
22	23353442	23353442
22	23362084	23362084
22	23375062	23375062
22	23375624	23375624
22	23379985	23379985
22	23380766	23380766
22	23395750	23395750
22	23397014	23397014
22	23401865	23401865
22	23407301	23407301
22	23412017	23412017
22	23416005	23416005
22	23421736	23421736
22	23422756	23422756
22	23430889	23430889
22	23433799	23433799
22	23433965	23433965
22	23435041	23435041
22	23445483	23445483
22	23453917	23453917
22	23454485	23454485
22	23454881	23454881
22	23460443	23460443
22	23461300	23461300
22	23468790	23468790
22	23472999	23472999
22	23474579	23474579
22	23474756	23474756
22	23475102	23475102
22	23482483	23482483
22	23486453	23486453
22	23488775	23488775
22	23492082	23492082
22	23497674	23497674
22	23504405	23504405
22	23506771	23506771
22	23512554	23512554
22	23540970	23540970
22	23545434	23545434
22	23558688	23558688
22	23568858	23568858
22	23571481	23571481
22	23581772	23581772
22	23584163	23584163
22	23584361	23584361
22	23584441	23584441
22	23587341	23587341
22	23587894	23587894
22	23592166	23592166
22	23593051	23593051
22	23598009	23598009
22	23602419	23602419
22	23603636	23603636
22	23606544	23606544
22	23610288	23610288
22	23610765	23610765
22	23610800	23610800
22	23611456	23611456
22	23612628	23612628
22	23621387	23621387
22	23623284	23623284
22	23627256	23627256
22	23627369	23627369
22	23631147	23631147
22	23634790	23634790
22	23643721	23643721
22	23644631	23644631
22	23644794	23644794
22	23648478	23648478
22	23649242	23649242
22	23650847	23650847
22	23657766	23657766
22	23658006	23658006
22	23662662	23662662
22	23665372	23665372
22	23667018	23667018
22	23673094	23673094
22	23680734	23680734
22	23688345	23688345
22	23688412	23688412
22	23695404	23695404
22	23695447	23695447
22	23700907	23700907
22	23708020	23708020
22	23710013	23710013
22	23710483	23710483
22	23712647	23712647
22	23715914	23715914
22	23717465	23717465
22	23723202	23723202
22	23725620	23725620
22	23737214	23737214
22	23739622	23739622
22	23740460	23740460
22	23742049	23742049
22	23754578	23754578
22	23755228	23755228
22	23756475	23756475
22	23757786	23757786
22	23757964	23757964
22	23758531	23758531
22	23763114	23763114
22	23763969	23763969
22	23765006	23765006
22	23765246	23765246
22	23765265	23765265
22	23766423	23766423
22	23769665	23769665
22	23770554	23770554
22	23781075	23781075
22	23785166	23785166
22	23787187	23787187
22	23788736	23788736
22	23804670	23804670
22	23808436	23808436
22	23815049	23815049
22	23815760	23815760
22	23816428	23816428
22	23817486	23817486
22	23827584	23827584
22	23836819	23836819
22	23842972	23842972
22	23843439	23843439
22	23845547	23845547
22	23846436	23846436
22	23846520	23846520
22	23846835	23846835
22	23847843	23847843
22	23849044	23849044
22	23849126	23849126
22	23849519	23849519
22	23849683	23849683
22	23850130	23850130
22	23851629	23851629
22	23852494	23852494
22	23852526	23852526
22	23854226	23854226
22	23854282	23854282
22	23854864	23854864
22	23855320	23855320
22	23856954	23856954
22	23858666	23858666
22	23867924	23867924
22	23872787	23872787
22	23874713	23874713
22	23875592	23875592
22	23875963	23875963
22	23877915	23877915
22	23884219	23884219
22	23886337	23886337
22	23889980	23889980
22	23894242	23894242
22	23898047	23898047
22	23899964	23899964
22	23912806	23912806
22	23912877	23912877
22	23913717	23913717
22	23916424	23916424
22	23920102	23920102
22	23921427	23921427
22	23922281	23922281
22	23922983	23922983
22	23923425	23923425
22	23925335	23925335
22	23925431	23925431
22	23925566	23925566
22	23925779	23925779
22	23925837	23925837
22	23930279	23930279
22	23934280	23934280
22	23937732	23937732
22	23938120	23938120
22	23938204	23938204
22	23938230	23938230
22	23938941	23938941
22	23941648	23941648
22	23948561	23948561
22	23949744	23949744
22	23949997	23949997
22	23951928	23951928
22	23952160	23952160
22	23955765	23955765
22	23956673	23956673
22	23963154	23963154
22	23971028	23971028
22	23974200	23974200
22	23974817	23974817
22	23975185	23975185
22	23979219	23979219
22	23983234	23983234
22	23993051	23993051
22	23996463	23996463
22	24000347	24000347
22	24017929	24017929
22	24024430	24024430
22	24029646	24029646
22	24033466	24033466
22	24035970	24035970
22	24038847	24038847
22	24039410	24039410
22	24040692	24040692
22	24042963	24042963
22	24047199	24047199
22	24047657	24047657
22	24048743	24048743
22	24049993	24049993
22	24074312	24074312
22	24075195	24075195
22	24076554	24076554
22	24083128	24083128
22	24086026	24086026
22	24090369	24090369
22	24093876	24093876
22	24094295	24094295
22	24096400	24096400
22	24096783	24096783
22	24105274	24105274
22	24106448	24106448
22	24107048	24107048
22	24109550	24109550
22	24111044	24111044
22	24113236	24113236
22	24116586	24116586
22	24120982	24120982
22	24121067	24121067
22	24121288	24121288
22	24121539	24121539
22	24122582	24122582
22	24123479	24123479
22	24123521	24123521
22	24123727	24123727
22	24125689	24125689
22	24131009	24131009
22	24133570	24133570
22	24137149	24137149
22	24143573	24143573
22	24145016	24145016
22	24155332	24155332
22	24158315	24158315
22	24170996	24170996
22	24172071	24172071
22	24179132	24179132
22	24179819	24179819
22	24184398	24184398
22	24184696	24184696
22	24187113	24187113
22	24187123	24187123
22	24187820	24187820
22	24192879	24192879
22	24194941	24194941
22	24199260	24199260
22	24207962	24207962
22	24222710	24222710
22	24226674	24226674
22	24226890	24226890
22	24234172	24234172
22	24234493	24234493
22	24239868	24239868
22	24240340	24240340
22	24241101	24241101
22	24247310	24247310
22	24248370	24248370
22	24256056	24256056
22	24261143	24261143
22	24268120	24268120
22	24272122	24272122
22	24299035	24299035
22	24300580	24300580
22	24302259	24302259
22	24312589	24312589
22	24338071	24338071
22	24340940	24340940
22	24390432	24390432
22	24402531	24402531
22	24409792	24409792
22	24410374	24410374
22	24414829	24414829
22	24418531	24418531
22	24424831	24424831
22	24427490	24427490
22	24428001	24428001
22	24432541	24432541
22	24434850	24434850
22	24442459	24442459
22	24445320	24445320
22	24447303	24447303
22	24447436	24447436
22	24451389	24451389
22	24456518	24456518
22	24458016	24458016
22	24459843	24459843
22	24460593	24460593
22	24460606	24460606
22	24462180	24462180
22	24462546	24462546
22	24463996	24463996
22	24464377	24464377
22	24466964	24466964
22	24469083	24469083
22	24469397	24469397
22	24477037	24477037
22	24480566	24480566
22	24483117	24483117
22	24483658	24483658
22	24487546	24487546
22	24487739	24487739
22	24497847	24497847
22	24509645	24509645
22	24509986	24509986
22	24515881	24515881
22	24522144	24522144
22	24525666	24525666
22	24535630	24535630
22	24539368	24539368
22	24545912	24545912
22	24562844	24562844
22	24567795	24567795
22	24571852	24571852
22	24574054	24574054
22	24574137	24574137
22	24582041	24582041
22	24583138	24583138
22	24594349	24594349
22	24608924	24608924
22	24610854	24610854
22	24621293	24621293
22	24621541	24621541
22	24622188	24622188
22	24622648	24622648
22	24628908	24628908
22	24629912	24629912
22	24639069	24639069
22	24643540	24643540
22	24666311	24666311
22	24667478	24667478
22	24669912	24669912
22	24679907	24679907
22	24682696	24682696
22	24704732	24704732
22	24715049	24715049
22	24717411	24717411
22	24717510	24717510
22	24717835	24717835
22	24718347	24718347
22	24718408	24718408
22	24718677	24718677
22	24718681	24718681
22	24723444	24723444
22	24726329	24726329
22	24726917	24726917
22	24729210	24729210
22	24742493	24742493
22	24744702	24744702
22	24745877	24745877
22	24747031	24747031
22	24748394	24748394
22	24755025	24755025
22	24764081	24764081
22	24776451	24776451
22	24780460	24780460
22	24788697	24788697
22	24797178	24797178
22	24798294	24798294
22	24801367	24801367
22	24802564	24802564
22	24815406	24815406
22	24820483	24820483
22	24827622	24827622
22	24828853	24828853
22	24830595	24830595
22	24836024	24836024
22	24837301	24837301
22	24842452	24842452
22	24843594	24843594
22	24844883	24844883
22	24863017	24863017
22	24876628	24876628
22	24881781	24881781
22	24882925	24882925
22	24888192	24888192
22	24891292	24891292
22	24891462	24891462
22	24893281	24893281
22	24894856	24894856
22	24895416	24895416
22	24895723	24895723
22	24897241	24897241
22	24898092	24898092
22	24898175	24898175
22	24898310	24898310
22	24901186	24901186
22	24904003	24904003
22	24908352	24908352
22	24911253	24911253
22	24914297	24914297
22	24915951	24915951
22	24916355	24916355
22	24916426	24916426
22	24919611	24919611
22	24919647	24919647
22	24924177	24924177
22	24933069	24933069
22	24936970	24936970
22	24937388	24937388
22	24955484	24955484
22	24955609	24955609
22	24955863	24955863
22	24971692	24971692
22	24990213	24990213
22	24992266	24992266
22	24996630	24996630
22	25002081	25002081
22	25010855	25010855
22	25047314	25047314
22	25064809	25064809
22	25065822	25065822
22	25069276	25069276
22	25079925	25079925
22	25086734	25086734
22	25089751	25089751
22	25097248	25097248
22	25099115	25099115
22	25100466	25100466
22	25102033	25102033
22	25103024	25103024
22	25109027	25109027
22	25111122	25111122
22	25112325	25112325
22	25115449	25115449
22	25115524	25115524
22	25117920	25117920
22	25119210	25119210
22	25124143	25124143
22	25124155	25124155
22	25124176	25124176
22	25128338	25128338
22	25129826	25129826
22	25130948	25130948
22	25131425	25131425
22	25135200	25135200
22	25150797	25150797
22	25153457	25153457
22	25158445	25158445
22	25168397	25168397
22	25168878	25168878
22	25173569	25173569
22	25173964	25173964
22	25187544	25187544
22	25189055	25189055
22	25194795	25194795
22	25200426	25200426
22	25205100	25205100
22	25206344	25206344
22	25207239	25207239
22	25208398	25208398
22	25209481	25209481
22	25209724	25209724
22	25211229	25211229
22	25211793	25211793
22	25214733	25214733
22	25217740	25217740
22	25220446	25220446
22	25221408	25221408
22	25223662	25223662
22	25225580	25225580
22	25225879	25225879
22	25227705	25227705
22	25231422	25231422
22	25232862	25232862
22	25238806	25238806
22	25242592	25242592
22	25245838	25245838
22	25256011	25256011
22	25260984	25260984
22	25263048	25263048
22	25269424	25269424
22	25269518	25269518
22	25274327	25274327
22	25280841	25280841
22	25282711	25282711
22	25283063	25283063
22	25283602	25283602
22	25284829	25284829
22	25286983	25286983
22	25287528	25287528
22	25287815	25287815
22	25288102	25288102
22	25290487	25290487
22	25294369	25294369
22	25294376	25294376
22	25297338	25297338
22	25297404	25297404
22	25298169	25298169
22	25303941	25303941
22	25307611	25307611
22	25308272	25308272
22	25308991	25308991
22	25314193	25314193
22	25320371	25320371
22	25328686	25328686
22	25330911	25330911
22	25347070	25347070
22	25351379	25351379
22	25376200	25376200
22	25381045	25381045
22	25386266	25386266
22	25388426	25388426
22	25390088	25390088
22	25390274	25390274
22	25390704	25390704
22	25393014	25393014
22	25397740	25397740
22	25401483	25401483
22	25426950	25426950
22	25454424	25454424
22	25455087	25455087
22	25457412	25457412
22	25458813	25458813
22	25463824	25463824
22	25467632	25467632
22	25468019	25468019
22	25468406	25468406
22	25473134	25473134
22	25474752	25474752
22	25481086	25481086
22	25481750	25481750
22	25481989	25481989
22	25484177	25484177
22	25488051	25488051
22	25495049	25495049
22	25504247	25504247
22	25504760	25504760
22	25506866	25506866
22	25508375	25508375
22	25509030	25509030
22	25510459	25510459
22	25510694	25510694
22	25516689	25516689
22	25530376	25530376
22	25530408	25530408
22	25530896	25530896
22	25541388	25541388
22	25548986	25548986
22	25551002	25551002
22	25554936	25554936
22	25569939	25569939
22	25571815	25571815
22	25572748	25572748
22	25573281	25573281
22	25577862	25577862
22	25595556	25595556
22	25596227	25596227
22	25596638	25596638
22	25598661	25598661
22	25599737	25599737
22	25599770	25599770
22	25599849	25599849
22	25601251	25601251
22	25603018	25603018
22	25603127	25603127
22	25603553	25603553
22	25608548	25608548
22	25616213	25616213
22	25616584	25616584
22	25618615	25618615
22	25620142	25620142
22	25622442	25622442
22	25623839	25623839
22	25623887	25623887
22	25624049	25624049
22	25626566	25626566
22	25627510	25627510
22	25628386	25628386
22	25629682	25629682
22	25632493	25632493
22	25634657	25634657
22	25640628	25640628
22	25640962	25640962
22	25642206	25642206
22	25646493	25646493
22	25650333	25650333
22	25650406	25650406
22	25655751	25655751
22	25658525	25658525
22	25661725	25661725
22	25662513	25662513
22	25669106	25669106
22	25686040	25686040
22	25687568	25687568
22	25688138	25688138
22	25700895	25700895
22	25710828	25710828
22	25714539	25714539
22	25716759	25716759
22	25723537	25723537
22	25729992	25729992
22	25731297	25731297
22	25731679	25731679
22	25755878	25755878
22	25758845	25758845
22	25761309	25761309
22	25762338	25762338
22	25768387	25768387
22	25770201	25770201
22	25773378	25773378
22	25779198	25779198
22	25785191	25785191
22	25791019	25791019
22	25809940	25809940
22	25815491	25815491
22	25816074	25816074
22	25818327	25818327
22	25824572	25824572
22	25834323	25834323
22	25842934	25842934
22	25845832	25845832
22	25846283	25846283
22	25849697	25849697
22	25869092	25869092
22	25871709	25871709
22	25872690	25872690
22	25875573	25875573
22	25875813	25875813
22	25880883	25880883
22	25882628	25882628
22	25885084	25885084
22	25887513	25887513
22	25889157	25889157
22	25892660	25892660
22	25903666	25903666
22	25903901	25903901
22	25909435	25909435
22	25911465	25911465
22	25924444	25924444
22	25929538	25929538
22	25931372	25931372
22	25931437	25931437
22	25931606	25931606
22	25938025	25938025
22	25938944	25938944
22	25939254	25939254
22	25940411	25940411
22	25942595	25942595
22	25945704	25945704
22	25946301	25946301
22	25950921	25950921
22	25951739	25951739
22	25953350	25953350
22	25955459	25955459
22	25955765	25955765
22	25959309	25959309
22	25959702	25959702
22	25964737	25964737
22	25969455	25969455
22	25973678	25973678
22	25978279	25978279
22	25978464	25978464
22	25984058	25984058
22	25985070	25985070
22	25988497	25988497
22	25993171	25993171
22	25995783	25995783
22	26011073	26011073
22	26022728	26022728
22	26031613	26031613
22	26039263	26039263
22	26046513	26046513
22	26061048	26061048
22	26065034	26065034
22	26069934	26069934
22	26071558	26071558
22	26075188	26075188
22	26084003	26084003
22	26086323	26086323
22	26090805	26090805
22	26091306	26091306
22	26100037	26100037
22	26110305	26110305
22	26115228	26115228
22	26117001	26117001
22	26118500	26118500
22	26119378	26119378
22	26122513	26122513
22	26124125	26124125
22	26132612	26132612
22	26133455	26133455
22	26134776	26134776
22	26144760	26144760
22	26146429	26146429
22	26151433	26151433
22	26152229	26152229
22	26156401	26156401
22	26157068	26157068
22	26157081	26157081
22	26157299	26157299
22	26158448	26158448
22	26159289	26159289
22	26162902	26162902
22	26164079	26164079
22	26165514	26165514
22	26166934	26166934
22	26167705	26167705
22	26169203	26169203
22	26169910	26169910
22	26173661	26173661
22	26175283	26175283
22	26179312	26179312
22	26179340	26179340
22	26180032	26180032
22	26181397	26181397
22	26181617	26181617
22	26182829	26182829
22	26184205	26184205
22	26185235	26185235
22	26185291	26185291
22	26185771	26185771
22	26188939	26188939
22	26192765	26192765
22	26197929	26197929
22	26199527	26199527
22	26202924	26202924
22	26209553	26209553
22	26210585	26210585
22	26216160	26216160
22	26216282	26216282
22	26222454	26222454
22	26224704	26224704
22	26224835	26224835
22	26225298	26225298
22	26225384	26225384
22	26226133	26226133
22	26226630	26226630
22	26226815	26226815
22	26229142	26229142
22	26230640	26230640
22	26232096	26232096
22	26234872	26234872
22	26239698	26239698
22	26239784	26239784
22	26239950	26239950
22	26240650	26240650
22	26242096	26242096
22	26242129	26242129
22	26242796	26242796
22	26244940	26244940
22	26247456	26247456
22	26250235	26250235
22	26254248	26254248
22	26260606	26260606
22	26264278	26264278
22	26264290	26264290
22	26265711	26265711
22	26268476	26268476
22	26270464	26270464
22	26272244	26272244
22	26273049	26273049
22	26274949	26274949
22	26277148	26277148
22	26278427	26278427
22	26283020	26283020
22	26286730	26286730
22	26287482	26287482
22	26290723	26290723
22	26293158	26293158
22	26297142	26297142
22	26304988	26304988
22	26309130	26309130
22	26313745	26313745
22	26316491	26316491
22	26317261	26317261
22	26319451	26319451
22	26324320	26324320
22	26326222	26326222
22	26329358	26329358
22	26329516	26329516
22	26330370	26330370
22	26333551	26333551
22	26335966	26335966
22	26346108	26346108
22	26351253	26351253
22	26351314	26351314
22	26361327	26361327
22	26364619	26364619
22	26369358	26369358
22	26376541	26376541
22	26378715	26378715
22	26378722	26378722
22	26379837	26379837
22	26383294	26383294
22	26385093	26385093
22	26387064	26387064
22	26388398	26388398
22	26394724	26394724
22	26395407	26395407
22	26407134	26407134
22	26408660	26408660
22	26412755	26412755
22	26415475	26415475
22	26418568	26418568
22	26423285	26423285
22	26423579	26423579
22	26425690	26425690
22	26427848	26427848
22	26429185	26429185
22	26430149	26430149
22	26430221	26430221
22	26438495	26438495
22	26440366	26440366
22	26440520	26440520
22	26453030	26453030
22	26464705	26464705
22	26466235	26466235
22	26467325	26467325
22	26471046	26471046
22	26472006	26472006
22	26473643	26473643
22	26474522	26474522
22	26476063	26476063
22	26479951	26479951
22	26485668	26485668
22	26487205	26487205
22	26490284	26490284
22	26496258	26496258
22	26500417	26500417
22	26500958	26500958
22	26501161	26501161
22	26503944	26503944
22	26504839	26504839
22	26506851	26506851
22	26520808	26520808
22	26521071	26521071
22	26536088	26536088
22	26543287	26543287
22	26544820	26544820
22	26545840	26545840
22	26546312	26546312
22	26548342	26548342
22	26549355	26549355
22	26553694	26553694
22	26555239	26555239
22	26565156	26565156
22	26565686	26565686
22	26568194	26568194
22	26572830	26572830
22	26574856	26574856
22	26580013	26580013
22	26581926	26581926
22	26582436	26582436
22	26583547	26583547
22	26593779	26593779
22	26597805	26597805
22	26598376	26598376
22	26602964	26602964
22	26610335	26610335
22	26634750	26634750
22	26642068	26642068
22	26642646	26642646
22	26651766	26651766
22	26653212	26653212
22	26653614	26653614
22	26659335	26659335
22	26660760	26660760
22	26666748	26666748
22	26668524	26668524
22	26675608	26675608
22	26681453	26681453
22	26681640	26681640
22	26688831	26688831
22	26690308	26690308
22	26695920	26695920
22	26697120	26697120
22	26702015	26702015
22	26702041	26702041
22	26706697	26706697
22	26706743	26706743
22	26707892	26707892
22	26715393	26715393
22	26715923	26715923
22	26718894	26718894
22	26719009	26719009
22	26720194	26720194
22	26722944	26722944
22	26723950	26723950
22	26729475	26729475
22	26729946	26729946
22	26735570	26735570
22	26738225	26738225
22	26739167	26739167
22	26748225	26748225
22	26748910	26748910
22	26750230	26750230
22	26751224	26751224
22	26759177	26759177
22	26760736	26760736
22	26767018	26767018
22	26767267	26767267
22	26769261	26769261
22	26773254	26773254
22	26774580	26774580
22	26778335	26778335
22	26781250	26781250
22	26784284	26784284
22	26789595	26789595
22	26789849	26789849
22	26792236	26792236
22	26792243	26792243
22	26792433	26792433
22	26792602	26792602
22	26792643	26792643
22	26793284	26793284
22	26794102	26794102
22	26796531	26796531
22	26800199	26800199
22	26800975	26800975
22	26801287	26801287
22	26801967	26801967
22	26808392	26808392
22	26808788	26808788
22	26812132	26812132
22	26813302	26813302
22	26833455	26833455
22	26836008	26836008
22	26840074	26840074
22	26841390	26841390
22	26844866	26844866
22	26846387	26846387
22	26846447	26846447
22	26849285	26849285
22	26858108	26858108
22	26870985	26870985
22	26873051	26873051
22	26874614	26874614
22	26878283	26878283
22	26880174	26880174
22	26888024	26888024
22	26909750	26909750
22	26910261	26910261
22	26916722	26916722
22	26917418	26917418
22	26917626	26917626
22	26920048	26920048
22	26920312	26920312
22	26922228	26922228
22	26923155	26923155
22	26923878	26923878
22	26924312	26924312
22	26932231	26932231
22	26937087	26937087
22	26939365	26939365
22	26941385	26941385
22	26942127	26942127
22	26954578	26954578
22	26955896	26955896
22	26956562	26956562
22	26959859	26959859
22	26960402	26960402
22	26961570	26961570
22	26962033	26962033
22	26963254	26963254
22	26963438	26963438
22	26973261	26973261
22	26977835	26977835
22	26981039	26981039
22	26982787	26982787
22	26988625	26988625
22	26990807	26990807
22	26995524	26995524
22	27002555	27002555
22	27011460	27011460
22	27019197	27019197
22	27019225	27019225
22	27019235	27019235
22	27019264	27019264
22	27021401	27021401
22	27024258	27024258
22	27024395	27024395
22	27030951	27030951
22	27033321	27033321
22	27036505	27036505
22	27038853	27038853
22	27051299	27051299
22	27054179	27054179
22	27054199	27054199
22	27056518	27056518
22	27057439	27057439
22	27061285	27061285
22	27064287	27064287
22	27069835	27069835
22	27075281	27075281
22	27085310	27085310
22	27089752	27089752
22	27095262	27095262
22	27100562	27100562
22	27107115	27107115
22	27109475	27109475
22	27117240	27117240
22	27117672	27117672
22	27119905	27119905
22	27122480	27122480
22	27128276	27128276
22	27129463	27129463
22	27132550	27132550
22	27133734	27133734
22	27136852	27136852
22	27141605	27141605
22	27149053	27149053
22	27152775	27152775
22	27153246	27153246
22	27159657	27159657
22	27159832	27159832
22	27161035	27161035
22	27161589	27161589
22	27163014	27163014
22	27167348	27167348
22	27170725	27170725
22	27172360	27172360
22	27177355	27177355
22	27179871	27179871
22	27180156	27180156
22	27180392	27180392
22	27182656	27182656
22	27186310	27186310
22	27188868	27188868
22	27189536	27189536
22	27189774	27189774
22	27190432	27190432
22	27190734	27190734
22	27191942	27191942
22	27194757	27194757
22	27195261	27195261
22	27197034	27197034
22	27198719	27198719
22	27199237	27199237
22	27205534	27205534
22	27206289	27206289
22	27210131	27210131
22	27211083	27211083
22	27211572	27211572
22	27213199	27213199
22	27213968	27213968
22	27219881	27219881
22	27222059	27222059
22	27222694	27222694
22	27223656	27223656
22	27227219	27227219
22	27227454	27227454
22	27230344	27230344
22	27231303	27231303
22	27236439	27236439
22	27240175	27240175
22	27240456	27240456
22	27242407	27242407
22	27243234	27243234
22	27244809	27244809
22	27245137	27245137
22	27245485	27245485
22	27248484	27248484
22	27251046	27251046
22	27258789	27258789
22	27263317	27263317
22	27264282	27264282
22	27264880	27264880
22	27268535	27268535
22	27268625	27268625
22	27273064	27273064
22	27274720	27274720
22	27274880	27274880
22	27276488	27276488
22	27277683	27277683
22	27284022	27284022
22	27287323	27287323
22	27294773	27294773
22	27296460	27296460
22	27299692	27299692
22	27300463	27300463
22	27301137	27301137
22	27303200	27303200
22	27305180	27305180
22	27305781	27305781
22	27306502	27306502
22	27310310	27310310
22	27314016	27314016
22	27320093	27320093
22	27325416	27325416
22	27331206	27331206
22	27333147	27333147
22	27337048	27337048
22	27338017	27338017
22	27339184	27339184
22	27341095	27341095
22	27343107	27343107
22	27343369	27343369
22	27348456	27348456
22	27349849	27349849
22	27350567	27350567
22	27353319	27353319
22	27355277	27355277
22	27355348	27355348
22	27361417	27361417
22	27361465	27361465
22	27372397	27372397
22	27373926	27373926
22	27373934	27373934
22	27376910	27376910
22	27379830	27379830
22	27381346	27381346
22	27383227	27383227
22	27384411	27384411
22	27385471	27385471
22	27385618	27385618
22	27388110	27388110
22	27389201	27389201
22	27394612	27394612
22	27394843	27394843
22	27395324	27395324
22	27395937	27395937
22	27399100	27399100
22	27405928	27405928
22	27406436	27406436
22	27406501	27406501
22	27406912	27406912
22	27413509	27413509
22	27416197	27416197
22	27418958	27418958
22	27419239	27419239
22	27420113	27420113
22	27424579	27424579
22	27425365	27425365
22	27430724	27430724
22	27435086	27435086
22	27435450	27435450
22	27435577	27435577
22	27437755	27437755
22	27438359	27438359
22	27438543	27438543
22	27440326	27440326
22	27441379	27441379
22	27443484	27443484
22	27444509	27444509
22	27444609	27444609
22	27460810	27460810
22	27461803	27461803
22	27463700	27463700
22	27470329	27470329
22	27471525	27471525
22	27473169	27473169
22	27481176	27481176
22	27481970	27481970
22	27482638	27482638
22	27485111	27485111
22	27485345	27485345
22	27487640	27487640
22	27487815	27487815
22	27489102	27489102
22	27491363	27491363
22	27492463	27492463
22	27493601	27493601
22	27497182	27497182
22	27497704	27497704
22	27499784	27499784
22	27499878	27499878
22	27501497	27501497
22	27502783	27502783
22	27508858	27508858
22	27511707	27511707
22	27512383	27512383
22	27520665	27520665
22	27520769	27520769
22	27521114	27521114
22	27521818	27521818
22	27522430	27522430
22	27527005	27527005
22	27532926	27532926
22	27534117	27534117
22	27534520	27534520
22	27536125	27536125
22	27536275	27536275
22	27543843	27543843
22	27548374	27548374
22	27550639	27550639
22	27552631	27552631
22	27553126	27553126
22	27557030	27557030
22	27557349	27557349
22	27557779	27557779
22	27557929	27557929
22	27559540	27559540
22	27559701	27559701
22	27561500	27561500
22	27562937	27562937
22	27563274	27563274
22	27563565	27563565
22	27565531	27565531
22	27565958	27565958
22	27566382	27566382
22	27567120	27567120
22	27567244	27567244
22	27571639	27571639
22	27575927	27575927
22	27576391	27576391
22	27583397	27583397
22	27583494	27583494
22	27584291	27584291
22	27587001	27587001
22	27588590	27588590
22	27591348	27591348
22	27592937	27592937
22	27600211	27600211
22	27603908	27603908
22	27610995	27610995
22	27611054	27611054
22	27614526	27614526
22	27616270	27616270
22	27616993	27616993
22	27617895	27617895
22	27620995	27620995
22	27621252	27621252
22	27622907	27622907
22	27626877	27626877
22	27627392	27627392
22	27627416	27627416
22	27628728	27628728
22	27632675	27632675
22	27635263	27635263
22	27636606	27636606
22	27638662	27638662
22	27641031	27641031
22	27642581	27642581
22	27644589	27644589
22	27647504	27647504
22	27649024	27649024
22	27651715	27651715
22	27652289	27652289
22	27653252	27653252
22	27655025	27655025
22	27657507	27657507
22	27657544	27657544
22	27657550	27657550
22	27659743	27659743
22	27660348	27660348
22	27660487	27660487
22	27661009	27661009
22	27662213	27662213
22	27662460	27662460
22	27668370	27668370
22	27673865	27673865
22	27674832	27674832
22	27676577	27676577
22	27680780	27680780
22	27681410	27681410
22	27682627	27682627
22	27687672	27687672
22	27689956	27689956
22	27690377	27690377
22	27693774	27693774
22	27694867	27694867
22	27696194	27696194
22	27696999	27696999
22	27701317	27701317
22	27715209	27715209
22	27715760	27715760
22	27719339	27719339
22	27719834	27719834
22	27726472	27726472
22	27728405	27728405
22	27729548	27729548
22	27731470	27731470
22	27732598	27732598
22	27733540	27733540
22	27737024	27737024
22	27742732	27742732
22	27746401	27746401
22	27747270	27747270
22	27748742	27748742
22	27749010	27749010
22	27754802	27754802
22	27756300	27756300
22	27757114	27757114
22	27762454	27762454
22	27763506	27763506
22	27764258	27764258
22	27765630	27765630
22	27766758	27766758
22	27777552	27777552
22	27778268	27778268
22	27779122	27779122
22	27781783	27781783
22	27783185	27783185
22	27784837	27784837
22	27785809	27785809
22	27786725	27786725
22	27786950	27786950
22	27787480	27787480
22	27787622	27787622
22	27787906	27787906
22	27788460	27788460
22	27789634	27789634
22	27792405	27792405
22	27793283	27793283
22	27793289	27793289
22	27793641	27793641
22	27794842	27794842
22	27796866	27796866
22	27798982	27798982
22	27804019	27804019
22	27814314	27814314
22	27815426	27815426
22	27816514	27816514
22	27816784	27816784
22	27817300	27817300
22	27819250	27819250
22	27820156	27820156
22	27820751	27820751
22	27823827	27823827
22	27825804	27825804
22	27829108	27829108
22	27831075	27831075
22	27831342	27831342
22	27831347	27831347
22	27831965	27831965
22	27835627	27835627
22	27838849	27838849
22	27839161	27839161
22	27840037	27840037
22	27843494	27843494
22	27846802	27846802
22	27847318	27847318
22	27847393	27847393
22	27847401	27847401
22	27852183	27852183
22	27854724	27854724
22	27857717	27857717
22	27861369	27861369
22	27862808	27862808
22	27866472	27866472
22	27872277	27872277
22	27873319	27873319
22	27876939	27876939
22	27878619	27878619
22	27878857	27878857
22	27886736	27886736
22	27888434	27888434
22	27891410	27891410
22	27894675	27894675
22	27895825	27895825
22	27898321	27898321
22	27899464	27899464
22	27899867	27899867
22	27900025	27900025
22	27900961	27900961
22	27901804	27901804
22	27903116	27903116
22	27905428	27905428
22	27905762	27905762
22	27913012	27913012
22	27913532	27913532
22	27914576	27914576
22	27915705	27915705
22	27917070	27917070
22	27918710	27918710
22	27920038	27920038
22	27920961	27920961
22	27923635	27923635
22	27923644	27923644
22	27923888	27923888
22	27924906	27924906
22	27925288	27925288
22	27927026	27927026
22	27931842	27931842
22	27932079	27932079
22	27934709	27934709
22	27935369	27935369
22	27937681	27937681
22	27937982	27937982
22	27944404	27944404
22	27946507	27946507
22	27946986	27946986
22	27948878	27948878
22	27953418	27953418
22	27953716	27953716
22	27953924	27953924
22	27957965	27957965
22	27960673	27960673
22	27965330	27965330
22	27966655	27966655
22	27967966	27967966
22	27970444	27970444
22	27974819	27974819
22	27979102	27979102
22	27985473	27985473
22	27988228	27988228
22	27988234	27988234
22	27989777	27989777
22	27994183	27994183
22	27997290	27997290
22	28005082	28005082
22	28005495	28005495
22	28016289	28016289
22	28019060	28019060
22	28022728	28022728
22	28025519	28025519
22	28027395	28027395
22	28029538	28029538
22	28030650	28030650
22	28034964	28034964
22	28036418	28036418
22	28040054	28040054
22	28041883	28041883
22	28046516	28046516
22	28048932	28048932
22	28050390	28050390
22	28050517	28050517
22	28051433	28051433
22	28053874	28053874
22	28056207	28056207
22	28058655	28058655
22	28062509	28062509
22	28062787	28062787
22	28065480	28065480
22	28069659	28069659
22	28069802	28069802
22	28071675	28071675
22	28072029	28072029
22	28075879	28075879
22	28081137	28081137
22	28082093	28082093
22	28085792	28085792
22	28090374	28090374
22	28094751	28094751
22	28094845	28094845
22	28096820	28096820
22	28098110	28098110
22	28099042	28099042
22	28099659	28099659
22	28101366	28101366
22	28101614	28101614
22	28101703	28101703
22	28102627	28102627
22	28103259	28103259
22	28105851	28105851
22	28107887	28107887
22	28110965	28110965
22	28114971	28114971
22	28115498	28115498
22	28118307	28118307
22	28119559	28119559
22	28127758	28127758
22	28128858	28128858
22	28129120	28129120
22	28129521	28129521
22	28129613	28129613
22	28133403	28133403
22	28135297	28135297
22	28136728	28136728
22	28141301	28141301
22	28145327	28145327
22	28146277	28146277
22	28146735	28146735
22	28147189	28147189
22	28147477	28147477
22	28149693	28149693
22	28152601	28152601
22	28152639	28152639
22	28155404	28155404
22	28160074	28160074
22	28161931	28161931
22	28163994	28163994
22	28171510	28171510
22	28175162	28175162
22	28178514	28178514
22	28182510	28182510
22	28183653	28183653
22	28185452	28185452
22	28189171	28189171
22	28190802	28190802
22	28191895	28191895
22	28192982	28192982
22	28193807	28193807
22	28196248	28196248
22	28196476	28196476
22	28197815	28197815
22	28208794	28208794
22	28209867	28209867
22	28270372	28270372
22	28281348	28281348
22	28288136	28288136
22	28288310	28288310
22	28298336	28298336
22	28299705	28299705
22	28311543	28311543
22	28326028	28326028
22	28333183	28333183
22	28335603	28335603
22	28341895	28341895
22	28350807	28350807
22	28368266	28368266
22	28373744	28373744
22	28374461	28374461
22	28377908	28377908
22	28378472	28378472
22	28378998	28378998
22	28394985	28394985
22	28397709	28397709
22	28406222	28406222
22	28422777	28422777
22	28423935	28423935
22	28426321	28426321
22	28430952	28430952
22	28440671	28440671
22	28444431	28444431
22	28459665	28459665
22	28459871	28459871
22	28477048	28477048
22	28497917	28497917
22	28498525	28498525
22	28501414	28501414
22	28508895	28508895
22	28518270	28518270
22	28537490	28537490
22	28541350	28541350
22	28546311	28546311
22	28546346	28546346
22	28570450	28570450
22	28575543	28575543
22	28583738	28583738
22	28605145	28605145
22	28613947	28613947
22	28620222	28620222
22	28620687	28620687
22	28625291	28625291
22	28652769	28652769
22	28669296	28669296
22	28672798	28672798
22	28685796	28685796
22	28693496	28693496
22	28714205	28714205
22	28717643	28717643
22	28737499	28737499
22	28740064	28740064
22	28742156	28742156
22	28750293	28750293
22	28769172	28769172
22	28781758	28781758
22	28794069	28794069
22	28795082	28795082
22	28800401	28800401
22	28819454	28819454
22	28828832	28828832
22	28841049	28841049
22	28846811	28846811
22	28847723	28847723
22	28861979	28861979
22	28869010	28869010
22	28882973	28882973
22	28894879	28894879
22	28896176	28896176
22	28910521	28910521
22	28910679	28910679
22	28912855	28912855
22	28915176	28915176
22	28919200	28919200
22	28923317	28923317
22	28933320	28933320
22	28972465	28972465
22	28995694	28995694
22	28997273	28997273
22	29004570	29004570
22	29010654	29010654
22	29038445	29038445
22	29039167	29039167
22	29056152	29056152
22	29069740	29069740
22	29070251	29070251
22	29090030	29090030
22	29091147	29091147
22	29091178	29091178
22	29091846	29091846
22	29100711	29100711
22	29101636	29101636
22	29104959	29104959
22	29105527	29105527
22	29106733	29106733
22	29107858	29107858
22	29107895	29107895
22	29108112	29108112
22	29108695	29108695
22	29115066	29115066
22	29115403	29115403
22	29121077	29121077
22	29121087	29121087
22	29121360	29121360
22	29130012	29130012
22	29130300	29130300
22	29130456	29130456
22	29132393	29132393
22	29132990	29132990
22	29134719	29134719
22	29141513	29141513
22	29154237	29154237
22	29156448	29156448
22	29165766	29165766
22	29174770	29174770
22	29182169	29182169
22	29182795	29182795
22	29192670	29192670
22	29196757	29196757
22	29196769	29196769
22	29199790	29199790
22	29227672	29227672
22	29227971	29227971
22	29231383	29231383
22	29236395	29236395
22	29236402	29236402
22	29261685	29261685
22	29277895	29277895
22	29286180	29286180
22	29299100	29299100
22	29300306	29300306
22	29307158	29307158
22	29342963	29342963
22	29351030	29351030
22	29351381	29351381
22	29376972	29376972
22	29378708	29378708
22	29379891	29379891
22	29383927	29383927
22	29390049	29390049
22	29398459	29398459
22	29406609	29406609
22	29413019	29413019
22	29416751	29416751
22	29420482	29420482
22	29422227	29422227
22	29422855	29422855
22	29428897	29428897
22	29430848	29430848
22	29449477	29449477
22	29450193	29450193
22	29451671	29451671
22	29453027	29453027
22	29456699	29456699
22	29456733	29456733
22	29456796	29456796
22	29457550	29457550
22	29463089	29463089
22	29477841	29477841
22	29480954	29480954
22	29484928	29484928
22	29489001	29489001
22	29490148	29490148
22	29492258	29492258
22	29492880	29492880
22	29495373	29495373
22	29498137	29498137
22	29508504	29508504
22	29513811	29513811
22	29520410	29520410
22	29523124	29523124
22	29525126	29525126
22	29531712	29531712
22	29536549	29536549
22	29537109	29537109
22	29538468	29538468
22	29541697	29541697
22	29544839	29544839
22	29550379	29550379
22	29552276	29552276
22	29553039	29553039
22	29556739	29556739
22	29561826	29561826
22	29573165	29573165
22	29583608	29583608
22	29588294	29588294
22	29588634	29588634
22	29596992	29596992
22	29597315	29597315
22	29599170	29599170
22	29603611	29603611
22	29603796	29603796
22	29606907	29606907
22	29620385	29620385
22	29621477	29621477
22	29625911	29625911
22	29625946	29625946
22	29630269	29630269
22	29630337	29630337
22	29630564	29630564
22	29636110	29636110
22	29640019	29640019
22	29640845	29640845
22	29651332	29651332
22	29653611	29653611
22	29656431	29656431
22	29656905	29656905
22	29666174	29666174
22	29685163	29685163
22	29685831	29685831
22	29695929	29695929
22	29698458	29698458
22	29702135	29702135
22	29710360	29710360
22	29716768	29716768
22	29718321	29718321
22	29719683	29719683
22	29720083	29720083
22	29724916	29724916
22	29737071	29737071
22	29748859	29748859
22	29772423	29772423
22	29791234	29791234
22	29794913	29794913
22	29797373	29797373
22	29805162	29805162
22	29818854	29818854
22	29823860	29823860
22	29827256	29827256
22	29837599	29837599
22	29840180	29840180
22	29844314	29844314
22	29845921	29845921
22	29847722	29847722
22	29850959	29850959
22	29851002	29851002
22	29852594	29852594
22	29854959	29854959
22	29874250	29874250
22	29880261	29880261
22	29889201	29889201
22	29891925	29891925
22	29898728	29898728
22	29899724	29899724
22	29902192	29902192
22	29904519	29904519
22	29924825	29924825
22	29927243	29927243
22	29946238	29946238
22	29955623	29955623
22	29957570	29957570
22	29967630	29967630
22	29971431	29971431
22	29977229	29977229
22	29981324	29981324
22	29989913	29989913
22	30032880	30032880
22	30048182	30048182
22	30058754	30058754
22	30062452	30062452
22	30078205	30078205
22	30079213	30079213
22	30089766	30089766
22	30094366	30094366
22	30108660	30108660
22	30110038	30110038
22	30121285	30121285
22	30121678	30121678
22	30127367	30127367
22	30139064	30139064
22	30139377	30139377
22	30155113	30155113
22	30164511	30164511
22	30175163	30175163
22	30187965	30187965
22	30189642	30189642
22	30192483	30192483
22	30198025	30198025
22	30200761	30200761
22	30208543	30208543
22	30220331	30220331
22	30220834	30220834
22	30221120	30221120
22	30221201	30221201
22	30222678	30222678
22	30223584	30223584
22	30240575	30240575
22	30287289	30287289
22	30302267	30302267
22	30311198	30311198
22	30312091	30312091
22	30315173	30315173
22	30317477	30317477
22	30318076	30318076
22	30331577	30331577
22	30337586	30337586
22	30343702	30343702
22	30345581	30345581
22	30355838	30355838
22	30357136	30357136
22	30360781	30360781
22	30367854	30367854
22	30374414	30374414
22	30378703	30378703
22	30378926	30378926
22	30408710	30408710
22	30410231	30410231
22	30411462	30411462
22	30415983	30415983
22	30416527	30416527
22	30421066	30421066
22	30422708	30422708
22	30422860	30422860
22	30432403	30432403
22	30434963	30434963
22	30440533	30440533
22	30441219	30441219
22	30467773	30467773
22	30470080	30470080
22	30473712	30473712
22	30474310	30474310
22	30486826	30486826
22	30489945	30489945
22	30494371	30494371
22	30517476	30517476
22	30529631	30529631
22	30544559	30544559
22	30557267	30557267
22	30557278	30557278
22	30581722	30581722
22	30586761	30586761
22	30592487	30592487
22	30592808	30592808
22	30597810	30597810
22	30602105	30602105
22	30606986	30606986
22	30611005	30611005
22	30611088	30611088
22	30617227	30617227
22	30618648	30618648
22	30620360	30620360
22	30627635	30627635
22	30629289	30629289
22	30638664	30638664
22	30640214	30640214
22	30641339	30641339
22	30650983	30650983
22	30656268	30656268
22	30658722	30658722
22	30660517	30660517
22	30672420	30672420
22	30673368	30673368
22	30679387	30679387
22	30681257	30681257
22	30682767	30682767
22	30691631	30691631
22	30694998	30694998
22	30695372	30695372
22	30702551	30702551
22	30714123	30714123
22	30732236	30732236
22	30740653	30740653
22	30745204	30745204
22	30749230	30749230
22	30753834	30753834
22	30762035	30762035
22	30762178	30762178
22	30763735	30763735
22	30771458	30771458
22	30775120	30775120
22	30783659	30783659
22	30794950	30794950
22	30823250	30823250
22	30830773	30830773
22	30833372	30833372
22	30836313	30836313
22	30842190	30842190
22	30842264	30842264
22	30843495	30843495
22	30846783	30846783
22	30846972	30846972
22	30851610	30851610
22	30855697	30855697
22	30856121	30856121
22	30864655	30864655
22	30866053	30866053
22	30866497	30866497
22	30868349	30868349
22	30868599	30868599
22	30869336	30869336
22	30887555	30887555
22	30889646	30889646
22	30890223	30890223
22	30891300	30891300
22	30905491	30905491
22	30920120	30920120
22	30926352	30926352
22	30928956	30928956
22	30929905	30929905
22	30934885	30934885
22	30948752	30948752
22	30951208	30951208
22	30951956	30951956
22	30953280	30953280
22	30953295	30953295
22	30955907	30955907
22	30957832	30957832
22	30958789	30958789
22	30966176	30966176
22	30968752	30968752
22	30975053	30975053
22	30975066	30975066
22	30975861	30975861
22	30980914	30980914
22	30980922	30980922
22	30986172	30986172
22	30988382	30988382
22	30989492	30989492
22	30990141	30990141
22	30991124	30991124
22	30993836	30993836
22	31003561	31003561
22	31006860	31006860
22	31006882	31006882
22	31008867	31008867
22	31009026	31009026
22	31009752	31009752
22	31010408	31010408
22	31010431	31010431
22	31010455	31010455
22	31011906	31011906
22	31013296	31013296
22	31013374	31013374
22	31018975	31018975
22	31019044	31019044
22	31024934	31024934
22	31032881	31032881
22	31042592	31042592
22	31046587	31046587
22	31047681	31047681
22	31048188	31048188
22	31050264	31050264
22	31051168	31051168
22	31065067	31065067
22	31067427	31067427
22	31068127	31068127
22	31068865	31068865
22	31071354	31071354
22	31077232	31077232
22	31091305	31091305
22	31108617	31108617
22	31113828	31113828
22	31114911	31114911
22	31123292	31123292
22	31137512	31137512
22	31139318	31139318
22	31139653	31139653
22	31148104	31148104
22	31153162	31153162
22	31154422	31154422
22	31160424	31160424
22	31170608	31170608
22	31179867	31179867
22	31181571	31181571
22	31195775	31195775
22	31198037	31198037
22	31205334	31205334
22	31223456	31223456
22	31227901	31227901
22	31232074	31232074
22	31233875	31233875
22	31249202	31249202
22	31249333	31249333
22	31256066	31256066
22	31256367	31256367
22	31256584	31256584
22	31258967	31258967
22	31259530	31259530
22	31261107	31261107
22	31261888	31261888
22	31266546	31266546
22	31268091	31268091
22	31268556	31268556
22	31282120	31282120
22	31286928	31286928
22	31288769	31288769
22	31295004	31295004
22	31295082	31295082
22	31303401	31303401
22	31317710	31317710
22	31319187	31319187
22	31321492	31321492
22	31346752	31346752
22	31353354	31353354
22	31363699	31363699
22	31370043	31370043
22	31380011	31380011
22	31381741	31381741
22	31410356	31410356
22	31435650	31435650
22	31438975	31438975
22	31451194	31451194
22	31459194	31459194
22	31459255	31459255
22	31471125	31471125
22	31491332	31491332
22	31492951	31492951
22	31500991	31500991
22	31501788	31501788
22	31507866	31507866
22	31514545	31514545
22	31521404	31521404
22	31521595	31521595
22	31526811	31526811
22	31532567	31532567
22	31532702	31532702
22	31532894	31532894
22	31532960	31532960
22	31533855	31533855
22	31533967	31533967
22	31535872	31535872
22	31538002	31538002
22	31546951	31546951
22	31551160	31551160
22	31553510	31553510
22	31554764	31554764
22	31555512	31555512
22	31563555	31563555
22	31572415	31572415
22	31575749	31575749
22	31588870	31588870
22	31602139	31602139
22	31603465	31603465
22	31608618	31608618
22	31618958	31618958
22	31621792	31621792
22	31630327	31630327
22	31645759	31645759
22	31648576	31648576
22	31653885	31653885
22	31658205	31658205
22	31663066	31663066
22	31665044	31665044
22	31673859	31673859
22	31675662	31675662
22	31676454	31676454
22	31681368	31681368
22	31685129	31685129
22	31688249	31688249
22	31688583	31688583
22	31699702	31699702
22	31711786	31711786
22	31729557	31729557
22	31733556	31733556
22	31748126	31748126
22	31753376	31753376
22	31784399	31784399
22	31809161	31809161
22	31838085	31838085
22	31838469	31838469
22	31850607	31850607
22	31854911	31854911
22	31855777	31855777
22	31863097	31863097
22	31864941	31864941
22	31871179	31871179
22	31873376	31873376
22	31878424	31878424
22	31888007	31888007
22	31889168	31889168
22	31916885	31916885
22	31942909	31942909
22	31946282	31946282
22	31966051	31966051
22	31971282	31971282
22	31971351	31971351
22	31979911	31979911
22	31996625	31996625
22	31999127	31999127
22	32005929	32005929
22	32007153	32007153
22	32014161	32014161
22	32020180	32020180
22	32023359	32023359
22	32024980	32024980
22	32027449	32027449
22	32033190	32033190
22	32044166	32044166
22	32050286	32050286
22	32057501	32057501
22	32059436	32059436
22	32069433	32069433
22	32075899	32075899
22	32097775	32097775
22	32099218	32099218
22	32104196	32104196
22	32108475	32108475
22	32110943	32110943
22	32110988	32110988
22	32113164	32113164
22	32113269	32113269
22	32125521	32125521
22	32141377	32141377
22	32145436	32145436
22	32151704	32151704
22	32161029	32161029
22	32161567	32161567
22	32175993	32175993
22	32176540	32176540
22	32176704	32176704
22	32179926	32179926
22	32193632	32193632
22	32200849	32200849
22	32205630	32205630
22	32205632	32205632
22	32208399	32208399
22	32211147	32211147
22	32217608	32217608
22	32218692	32218692
22	32220680	32220680
22	32229649	32229649
22	32229931	32229931
22	32230414	32230414
22	32231806	32231806
22	32232288	32232288
22	32232979	32232979
22	32239669	32239669
22	32239739	32239739
22	32253516	32253516
22	32265903	32265903
22	32266275	32266275
22	32266603	32266603
22	32270378	32270378
22	32272191	32272191
22	32275576	32275576
22	32275852	32275852
22	32287059	32287059
22	32294050	32294050
22	32294957	32294957
22	32296000	32296000
22	32302045	32302045
22	32306245	32306245
22	32323511	32323511
22	32335594	32335594
22	32342976	32342976
22	32352045	32352045
22	32364809	32364809
22	32366359	32366359
22	32370628	32370628
22	32446805	32446805
22	32446856	32446856
22	32452928	32452928
22	32461497	32461497
22	32467651	32467651
22	32470850	32470850
22	32473980	32473980
22	32480505	32480505
22	32482251	32482251
22	32492278	32492278
22	32496387	32496387
22	32500485	32500485
22	32508004	32508004
22	32509440	32509440
22	32528603	32528603
22	32546126	32546126
22	32552840	32552840
22	32554985	32554985
22	32557200	32557200
22	32559835	32559835
22	32560263	32560263
22	32561588	32561588
22	32573884	32573884
22	32574274	32574274
22	32577520	32577520
22	32579559	32579559
22	32580030	32580030
22	32581841	32581841
22	32586695	32586695
22	32587348	32587348
22	32589023	32589023
22	32599642	32599642
22	32606790	32606790
22	32607074	32607074
22	32611236	32611236
22	32611862	32611862
22	32615293	32615293
22	32615811	32615811
22	32616870	32616870
22	32620724	32620724
22	32624603	32624603
22	32626908	32626908
22	32628357	32628357
22	32628900	32628900
22	32630946	32630946
22	32632543	32632543
22	32633733	32633733
22	32635461	32635461
22	32636089	32636089
22	32640087	32640087
22	32641892	32641892
22	32643460	32643460
22	32649431	32649431
22	32650200	32650200
22	32651262	32651262
22	32651306	32651306
22	32653038	32653038
22	32655284	32655284
22	32656177	32656177
22	32658620	32658620
22	32662384	32662384
22	32664241	32664241
22	32664612	32664612
22	32665507	32665507
22	32666003	32666003
22	32666627	32666627
22	32666945	32666945
22	32667507	32667507
22	32668008	32668008
22	32668904	32668904
22	32669044	32669044
22	32670765	32670765
22	32673200	32673200
22	32675303	32675303
22	32679381	32679381
22	32679804	32679804
22	32683073	32683073
22	32703157	32703157
22	32705515	32705515
22	32707019	32707019
22	32707844	32707844
22	32712863	32712863
22	32716956	32716956
22	32717930	32717930
22	32719337	32719337
22	32719612	32719612
22	32722207	32722207
22	32722963	32722963
22	32723038	32723038
22	32723723	32723723
22	32724253	32724253
22	32724611	32724611
22	32727545	32727545
22	32728966	32728966
22	32729530	32729530
22	32730830	32730830
22	32732357	32732357
22	32738182	32738182
22	32738469	32738469
22	32739638	32739638
22	32744045	32744045
22	32747253	32747253
22	32748873	32748873
22	32750036	32750036
22	32754232	32754232
22	32754306	32754306
22	32755659	32755659
22	32756101	32756101
22	32757167	32757167
22	32763112	32763112
22	32763523	32763523
22	32769268	32769268
22	32772712	32772712
22	32773266	32773266
22	32773382	32773382
22	32773493	32773493
22	32774472	32774472
22	32779131	32779131
22	32779501	32779501
22	32781500	32781500
22	32785078	32785078
22	32785840	32785840
22	32787802	32787802
22	32793269	32793269
22	32800352	32800352
22	32803289	32803289
22	32807769	32807769
22	32808355	32808355
22	32809223	32809223
22	32811952	32811952
22	32813600	32813600
22	32814532	32814532
22	32817398	32817398
22	32818916	32818916
22	32821648	32821648
22	32823071	32823071
22	32823132	32823132
22	32827586	32827586
22	32830958	32830958
22	32831809	32831809
22	32832874	32832874
22	32835943	32835943
22	32836632	32836632
22	32836684	32836684
22	32838376	32838376
22	32838494	32838494
22	32842083	32842083
22	32845727	32845727
22	32850800	32850800
22	32852855	32852855
22	32853948	32853948
22	32856516	32856516
22	32857285	32857285
22	32859702	32859702
22	32862027	32862027
22	32864879	32864879
22	32865604	32865604
22	32871442	32871442
22	32873496	32873496
22	32880006	32880006
22	32880067	32880067
22	32880585	32880585
22	32882808	32882808
22	32894025	32894025
22	32908723	32908723
22	32911747	32911747
22	32912277	32912277
22	32914866	32914866
22	32921325	32921325
22	32922125	32922125
22	32923673	32923673
22	32925170	32925170
22	32926413	32926413
22	32930568	32930568
22	32935425	32935425
22	32937112	32937112
22	32937292	32937292
22	32939719	32939719
22	32944027	32944027
22	32946342	32946342
22	32946884	32946884
22	32947487	32947487
22	32950839	32950839
22	32951827	32951827
22	32952012	32952012
22	32954314	32954314
22	32956862	32956862
22	32959350	32959350
22	32963983	32963983
22	32968093	32968093
22	32969167	32969167
22	32969388	32969388
22	32971498	32971498
22	32971900	32971900
22	32978804	32978804
22	32980147	32980147
22	32980676	32980676
22	32982433	32982433
22	32989033	32989033
22	32990228	32990228
22	32990273	32990273
22	32994093	32994093
22	32994224	32994224
22	32995751	32995751
22	32995957	32995957
22	32997894	32997894
22	32998019	32998019
22	33000440	33000440
22	33001199	33001199
22	33001354	33001354
22	33001359	33001359
22	33001708	33001708
22	33001950	33001950
22	33006279	33006279
22	33006503	33006503
22	33007142	33007142
22	33007706	33007706
22	33025155	33025155
22	33030026	33030026
22	33032890	33032890
22	33040513	33040513
22	33044995	33044995
22	33045395	33045395
22	33045573	33045573
22	33045619	33045619
22	33047706	33047706
22	33056341	33056341
22	33074506	33074506
22	33095075	33095075
22	33097662	33097662
22	33102413	33102413
22	33103455	33103455
22	33105817	33105817
22	33110597	33110597
22	33110986	33110986
22	33114815	33114815
22	33116314	33116314
22	33117736	33117736
22	33118048	33118048
22	33118165	33118165
22	33124633	33124633
22	33130898	33130898
22	33131673	33131673
22	33132579	33132579
22	33133216	33133216
22	33135514	33135514
22	33138682	33138682
22	33139757	33139757
22	33142908	33142908
22	33143700	33143700
22	33146241	33146241
22	33147773	33147773
22	33151639	33151639
22	33152977	33152977
22	33158058	33158058
22	33159636	33159636
22	33160751	33160751
22	33161627	33161627
22	33163549	33163549
22	33164873	33164873
22	33173596	33173596
22	33173944	33173944
22	33174766	33174766
22	33177192	33177192
22	33179223	33179223
22	33182007	33182007
22	33188545	33188545
22	33192544	33192544
22	33194162	33194162
22	33205757	33205757
22	33210005	33210005
22	33211050	33211050
22	33219899	33219899
22	33225732	33225732
22	33229830	33229830
22	33234880	33234880
22	33240290	33240290
22	33247859	33247859
22	33248902	33248902
22	33251059	33251059
22	33257397	33257397
22	33270222	33270222
22	33272699	33272699
22	33273870	33273870
22	33276686	33276686
22	33279237	33279237
22	33280453	33280453
22	33281502	33281502
22	33284221	33284221
22	33286798	33286798
22	33288875	33288875
22	33289510	33289510
22	33291742	33291742
22	33292689	33292689
22	33298616	33298616
22	33305108	33305108
22	33312387	33312387
22	33327519	33327519
22	33328381	33328381
22	33328805	33328805
22	33330335	33330335
22	33350798	33350798
22	33350940	33350940
22	33366051	33366051
22	33381222	33381222
22	33394092	33394092
22	33395071	33395071
22	33395851	33395851
22	33402604	33402604
22	33408519	33408519
22	33411326	33411326
22	33411446	33411446
22	33412520	33412520
22	33417607	33417607
22	33422506	33422506
22	33430734	33430734
22	33437578	33437578
22	33441876	33441876
22	33442942	33442942
22	33445757	33445757
22	33447328	33447328
22	33447946	33447946
22	33452626	33452626
22	33453422	33453422
22	33462254	33462254
22	33462739	33462739
22	33463222	33463222
22	33465640	33465640
22	33467057	33467057
22	33469031	33469031
22	33470948	33470948
22	33473566	33473566
22	33478194	33478194
22	33493657	33493657
22	33502167	33502167
22	33504108	33504108
22	33508006	33508006
22	33508318	33508318
22	33510161	33510161
22	33511194	33511194
22	33512106	33512106
22	33512743	33512743
22	33514133	33514133
22	33515087	33515087
22	33517666	33517666
22	33523109	33523109
22	33523221	33523221
22	33527405	33527405
22	33531406	33531406
22	33533165	33533165
22	33546519	33546519
22	33556550	33556550
22	33559108	33559108
22	33561625	33561625
22	33563455	33563455
22	33563878	33563878
22	33565203	33565203
22	33570845	33570845
22	33589432	33589432
22	33592362	33592362
22	33594662	33594662
22	33594683	33594683
22	33609311	33609311
22	33612126	33612126
22	33617882	33617882
22	33617929	33617929
22	33628586	33628586
22	33635267	33635267
22	33637087	33637087
22	33637381	33637381
22	33650045	33650045
22	33656156	33656156
22	33656603	33656603
22	33659787	33659787
22	33664704	33664704
22	33668456	33668456
22	33670206	33670206
22	33672085	33672085
22	33672688	33672688
22	33673125	33673125
22	33683442	33683442
22	33683735	33683735
22	33694613	33694613
22	33700360	33700360
22	33700786	33700786
22	33700965	33700965
22	33701527	33701527
22	33703156	33703156
22	33706945	33706945
22	33726911	33726911
22	33728035	33728035
22	33729399	33729399
22	33729763	33729763
22	33730575	33730575
22	33730608	33730608
22	33731899	33731899
22	33733678	33733678
22	33734152	33734152
22	33738709	33738709
22	33740860	33740860
22	33751062	33751062
22	33758173	33758173
22	33759753	33759753
22	33764669	33764669
22	33776882	33776882
22	33777684	33777684
22	33782415	33782415
22	33787184	33787184
22	33787751	33787751
22	33791374	33791374
22	33800119	33800119
22	33801983	33801983
22	33802257	33802257
22	33804893	33804893
22	33807636	33807636
22	33811494	33811494
22	33816222	33816222
22	33817219	33817219
22	33820640	33820640
22	33826566	33826566
22	33826743	33826743
22	33828432	33828432
22	33831448	33831448
22	33832735	33832735
22	33840615	33840615
22	33842027	33842027
22	33842671	33842671
22	33843452	33843452
22	33843956	33843956
22	33845817	33845817
22	33848010	33848010
22	33848370	33848370
22	33870884	33870884
22	33875161	33875161
22	33887064	33887064
22	33890629	33890629
22	33893601	33893601
22	33900964	33900964
22	33904754	33904754
22	33915214	33915214
22	33916477	33916477
22	33919903	33919903
22	33924787	33924787
22	33932624	33932624
22	33941163	33941163
22	33945678	33945678
22	33949704	33949704
22	33950537	33950537
22	33954321	33954321
22	33962732	33962732
22	33962949	33962949
22	33965497	33965497
22	33967686	33967686
22	33979353	33979353
22	33983411	33983411
22	33984394	33984394
22	33992584	33992584
22	33996191	33996191
22	34000230	34000230
22	34004270	34004270
22	34005555	34005555
22	34012066	34012066
22	34013807	34013807
22	34021876	34021876
22	34022024	34022024
22	34022284	34022284
22	34025619	34025619
22	34031711	34031711
22	34045644	34045644
22	34047793	34047793
22	34049393	34049393
22	34053443	34053443
22	34061053	34061053
22	34061215	34061215
22	34061221	34061221
22	34066384	34066384
22	34066580	34066580
22	34067054	34067054
22	34068825	34068825
22	34070821	34070821
22	34071663	34071663
22	34077047	34077047
22	34079989	34079989
22	34086416	34086416
22	34086494	34086494
22	34089863	34089863
22	34090440	34090440
22	34092189	34092189
22	34096135	34096135
22	34098342	34098342
22	34103188	34103188
22	34103264	34103264
22	34108174	34108174
22	34109454	34109454
22	34110028	34110028
22	34113347	34113347
22	34117355	34117355
22	34119032	34119032
22	34119682	34119682
22	34133896	34133896
22	34135007	34135007
22	34144122	34144122
22	34144823	34144823
22	34145542	34145542
22	34152899	34152899
22	34153395	34153395
22	34153853	34153853
22	34154020	34154020
22	34154285	34154285
22	34155838	34155838
22	34156544	34156544
22	34161718	34161718
22	34164100	34164100
22	34167296	34167296
22	34169292	34169292
22	34171993	34171993
22	34172588	34172588
22	34176109	34176109
22	34179621	34179621
22	34187093	34187093
22	34196332	34196332
22	34202493	34202493
22	34206039	34206039
22	34207052	34207052
22	34208551	34208551
22	34210843	34210843
22	34210917	34210917
22	34212201	34212201
22	34215828	34215828
22	34218171	34218171
22	34219939	34219939
22	34226685	34226685
22	34234855	34234855
22	34245401	34245401
22	34249434	34249434
22	34258472	34258472
22	34260738	34260738
22	34267987	34267987
22	34270693	34270693
22	34271409	34271409
22	34271689	34271689
22	34272509	34272509
22	34273145	34273145
22	34277434	34277434
22	34279596	34279596
22	34291750	34291750
22	34294069	34294069
22	34295410	34295410
22	34298354	34298354
22	34300734	34300734
22	34302336	34302336
22	34304283	34304283
22	34306103	34306103
22	34306502	34306502
22	34315577	34315577
22	34320457	34320457
22	34322368	34322368
22	34323287	34323287
22	34325547	34325547
22	34326399	34326399
22	34332195	34332195
22	34336250	34336250
22	34337020	34337020
22	34339887	34339887
22	34354273	34354273
22	34357236	34357236
22	34359717	34359717
22	34361770	34361770
22	34368674	34368674
22	34389955	34389955
22	34395171	34395171
22	34400253	34400253
22	34400890	34400890
22	34411707	34411707
22	34411714	34411714
22	34412897	34412897
22	34423169	34423169
22	34429222	34429222
22	34437237	34437237
22	34439755	34439755
22	34454537	34454537
22	34458847	34458847
22	34460730	34460730
22	34466882	34466882
22	34469447	34469447
22	34474370	34474370
22	34474560	34474560
22	34484181	34484181
22	34485384	34485384
22	34486857	34486857
22	34493647	34493647
22	34504961	34504961
22	34508491	34508491
22	34509709	34509709
22	34514810	34514810
22	34519226	34519226
22	34523555	34523555
22	34523560	34523560
22	34525115	34525115
22	34536720	34536720
22	34537450	34537450
22	34545881	34545881
22	34550083	34550083
22	34550905	34550905
22	34551061	34551061
22	34553443	34553443
22	34554980	34554980
22	34556705	34556705
22	34560376	34560376
22	34562299	34562299
22	34570681	34570681
22	34574038	34574038
22	34578637	34578637
22	34582279	34582279
22	34589966	34589966
22	34603597	34603597
22	34605946	34605946
22	34620442	34620442
22	34621964	34621964
22	34623658	34623658
22	34624564	34624564
22	34640618	34640618
22	34646980	34646980
22	34654148	34654148
22	34657069	34657069
22	34668311	34668311
22	34668330	34668330
22	34672001	34672001
22	34681163	34681163
22	34682265	34682265
22	34687670	34687670
22	34689189	34689189
22	34694532	34694532
22	34698408	34698408
22	34708649	34708649
22	34719475	34719475
22	34723559	34723559
22	34731553	34731553
22	34735373	34735373
22	34735732	34735732
22	34741985	34741985
22	34745198	34745198
22	34746698	34746698
22	34746805	34746805
22	34750997	34750997
22	34751133	34751133
22	34762714	34762714
22	34769203	34769203
22	34771389	34771389
22	34772326	34772326
22	34773031	34773031
22	34775367	34775367
22	34787677	34787677
22	34797119	34797119
22	34798245	34798245
22	34799261	34799261
22	34802671	34802671
22	34803550	34803550
22	34811838	34811838
22	34812333	34812333
22	34815889	34815889
22	34817038	34817038
22	34828825	34828825
22	34832739	34832739
22	34842677	34842677
22	34846202	34846202
22	34846352	34846352
22	34847299	34847299
22	34848550	34848550
22	34851133	34851133
22	34869455	34869455
22	34875791	34875791
22	34890704	34890704
22	34898423	34898423
22	34903156	34903156
22	34904916	34904916
22	34911380	34911380
22	34918250	34918250
22	34920388	34920388
22	34926457	34926457
22	34929202	34929202
22	34934348	34934348
22	34936608	34936608
22	34940942	34940942
22	34962560	34962560
22	34963722	34963722
22	34977907	34977907
22	34981294	34981294
22	34985127	34985127
22	34985195	34985195
22	34988887	34988887
22	34990465	34990465
22	34993160	34993160
22	35001232	35001232
22	35001433	35001433
22	35001774	35001774
22	35003222	35003222
22	35027585	35027585
22	35027996	35027996
22	35031598	35031598
22	35033249	35033249
22	35036942	35036942
22	35039035	35039035
22	35041206	35041206
22	35047216	35047216
22	35048291	35048291
22	35049402	35049402
22	35055905	35055905
22	35057629	35057629
22	35066091	35066091
22	35092473	35092473
22	35095967	35095967
22	35098555	35098555
22	35108876	35108876
22	35109337	35109337
22	35131487	35131487
22	35138148	35138148
22	35140389	35140389
22	35147080	35147080
22	35151151	35151151
22	35151714	35151714
22	35157380	35157380
22	35158586	35158586
22	35166424	35166424
22	35168581	35168581
22	35170796	35170796
22	35171071	35171071
22	35173016	35173016
22	35192087	35192087
22	35202015	35202015
22	35202152	35202152
22	35209406	35209406
22	35211032	35211032
22	35211173	35211173
22	35224378	35224378
22	35225787	35225787
22	35230810	35230810
22	35238768	35238768
22	35250911	35250911
22	35258961	35258961
22	35287696	35287696
22	35292292	35292292
22	35296277	35296277
22	35298506	35298506
22	35301788	35301788
22	35309065	35309065
22	35315294	35315294
22	35317012	35317012
22	35328916	35328916
22	35330410	35330410
22	35331041	35331041
22	35337195	35337195
22	35339383	35339383
22	35342654	35342654
22	35347360	35347360
22	35347797	35347797
22	35349368	35349368
22	35352397	35352397
22	35353262	35353262
22	35353740	35353740
22	35359702	35359702
22	35360057	35360057
22	35360118	35360118
22	35360419	35360419
22	35366055	35366055
22	35370103	35370103
22	35371248	35371248
22	35371444	35371444
22	35372628	35372628
22	35373807	35373807
22	35375665	35375665
22	35378256	35378256
22	35386401	35386401
22	35395550	35395550
22	35398125	35398125
22	35400639	35400639
22	35404874	35404874
22	35406283	35406283
22	35408124	35408124
22	35410898	35410898
22	35413447	35413447
22	35414017	35414017
22	35419169	35419169
22	35429977	35429977
22	35430897	35430897
22	35433821	35433821
22	35436793	35436793
22	35440082	35440082
22	35441637	35441637
22	35443419	35443419
22	35444010	35444010
22	35444362	35444362
22	35450940	35450940
22	35457391	35457391
22	35472266	35472266
22	35474058	35474058
22	35474647	35474647
22	35475457	35475457
22	35481493	35481493
22	35492313	35492313
22	35498652	35498652
22	35499256	35499256
22	35505610	35505610
22	35507831	35507831
22	35513951	35513951
22	35516556	35516556
22	35522108	35522108
22	35533126	35533126
22	35537036	35537036
22	35540423	35540423
22	35540602	35540602
22	35541191	35541191
22	35543391	35543391
22	35554537	35554537
22	35571006	35571006
22	35577382	35577382
22	35579271	35579271
22	35579481	35579481
22	35588844	35588844
22	35615574	35615574
22	35615960	35615960
22	35616077	35616077
22	35631590	35631590
22	35649598	35649598
22	35660875	35660875
22	35680095	35680095
22	35699103	35699103
22	35704080	35704080
22	35707588	35707588
22	35711098	35711098
22	35712553	35712553
22	35722011	35722011
22	35723831	35723831
22	35724815	35724815
22	35727154	35727154
22	35727976	35727976
22	35728466	35728466
22	35730852	35730852
22	35731094	35731094
22	35731175	35731175
22	35731245	35731245
22	35733654	35733654
22	35742762	35742762
22	35758019	35758019
22	35761650	35761650
22	35774920	35774920
22	35777984	35777984
22	35779124	35779124
22	35779162	35779162
22	35782737	35782737
22	35782786	35782786
22	35786659	35786659
22	35789560	35789560
22	35792477	35792477
22	35792974	35792974
22	35797333	35797333
22	35798935	35798935
22	35799213	35799213
22	35799487	35799487
22	35799525	35799525
22	35802621	35802621
22	35802675	35802675
22	35804479	35804479
22	35805720	35805720
22	35805870	35805870
22	35808550	35808550
22	35809945	35809945
22	35812781	35812781
22	35813772	35813772
22	35814215	35814215
22	35815980	35815980
22	35817403	35817403
22	35817597	35817597
22	35836634	35836634
22	35843799	35843799
22	35844298	35844298
22	35846168	35846168
22	35851976	35851976
22	35856828	35856828
22	35864572	35864572
22	35865844	35865844
22	35868337	35868337
22	35879081	35879081
22	35879139	35879139
22	35882281	35882281
22	35882725	35882725
22	35885798	35885798
22	35887956	35887956
22	35889624	35889624
22	35890112	35890112
22	35892277	35892277
22	35899384	35899384
22	35905067	35905067
22	35911044	35911044
22	35915388	35915388
22	35916645	35916645
22	35917546	35917546
22	35921936	35921936
22	35923409	35923409
22	35924115	35924115
22	35933578	35933578
22	35933613	35933613
22	35938381	35938381
22	35939369	35939369
22	35944774	35944774
22	35949334	35949334
22	35950648	35950648
22	35956126	35956126
22	35962060	35962060
22	35966607	35966607
22	35970554	35970554
22	35975792	35975792
22	35978615	35978615
22	35981447	35981447
22	35982589	35982589
22	35982672	35982672
22	35983242	35983242
22	35987001	35987001
22	35990653	35990653
22	35993599	35993599
22	35993783	35993783
22	35996272	35996272
22	35998588	35998588
22	36002985	36002985
22	36006732	36006732
22	36014553	36014553
22	36022702	36022702
22	36026268	36026268
22	36027062	36027062
22	36027241	36027241
22	36030165	36030165
22	36034983	36034983
22	36038700	36038700
22	36040164	36040164
22	36041650	36041650
22	36044352	36044352
22	36044487	36044487
22	36052321	36052321
22	36053342	36053342
22	36056728	36056728
22	36063884	36063884
22	36071537	36071537
22	36074043	36074043
22	36085208	36085208
22	36087286	36087286
22	36089189	36089189
22	36102700	36102700
22	36107321	36107321
22	36109570	36109570
22	36112965	36112965
22	36117892	36117892
22	36125876	36125876
22	36127324	36127324
22	36128062	36128062
22	36128931	36128931
22	36130557	36130557
22	36130577	36130577
22	36134426	36134426
22	36140474	36140474
22	36164773	36164773
22	36170990	36170990
22	36175768	36175768
22	36176495	36176495
22	36198350	36198350
22	36218764	36218764
22	36220446	36220446
22	36231357	36231357
22	36233761	36233761
22	36242779	36242779
22	36271656	36271656
22	36283665	36283665
22	36288320	36288320
22	36306594	36306594
22	36321663	36321663
22	36322921	36322921
22	36342905	36342905
22	36347646	36347646
22	36355358	36355358
22	36360896	36360896
22	36365901	36365901
22	36369287	36369287
22	36375913	36375913
22	36377903	36377903
22	36398061	36398061
22	36403785	36403785
22	36414359	36414359
22	36425725	36425725
22	36433664	36433664
22	36433816	36433816
22	36459301	36459301
22	36467031	36467031
22	36474881	36474881
22	36490485	36490485
22	36491506	36491506
22	36498598	36498598
22	36500899	36500899
22	36506188	36506188
22	36512910	36512910
22	36512983	36512983
22	36519040	36519040
22	36526011	36526011
22	36528895	36528895
22	36537725	36537725
22	36539754	36539754
22	36542498	36542498
22	36545661	36545661
22	36546358	36546358
22	36555896	36555896
22	36556698	36556698
22	36556768	36556768
22	36556823	36556823
22	36557550	36557550
22	36563412	36563412
22	36570688	36570688
22	36570890	36570890
22	36576171	36576171
22	36577942	36577942
22	36583084	36583084
22	36588489	36588489
22	36592731	36592731
22	36592855	36592855
22	36593130	36593130
22	36594371	36594371
22	36594631	36594631
22	36596960	36596960
22	36597744	36597744
22	36598058	36598058
22	36598790	36598790
22	36600814	36600814
22	36601057	36601057
22	36605331	36605331
22	36608205	36608205
22	36611863	36611863
22	36615069	36615069
22	36616445	36616445
22	36616857	36616857
22	36618432	36618432
22	36620961	36620961
22	36621216	36621216
22	36622906	36622906
22	36623920	36623920
22	36624123	36624123
22	36626762	36626762
22	36629077	36629077
22	36633225	36633225
22	36633452	36633452
22	36633861	36633861
22	36635032	36635032
22	36635445	36635445
22	36636794	36636794
22	36640533	36640533
22	36641792	36641792
22	36643730	36643730
22	36649574	36649574
22	36650956	36650956
22	36652931	36652931
22	36653986	36653986
22	36657023	36657023
22	36657329	36657329
22	36657596	36657596
22	36658534	36658534
22	36659571	36659571
22	36661152	36661152
22	36661330	36661330
22	36661536	36661536
22	36661566	36661566
22	36661646	36661646
22	36661842	36661842
22	36661906	36661906
22	36662034	36662034
22	36662654	36662654
22	36664339	36664339
22	36668760	36668760
22	36668884	36668884
22	36672295	36672295
22	36673639	36673639
22	36674199	36674199
22	36677400	36677400
22	36679593	36679593
22	36681289	36681289
22	36681327	36681327
22	36682706	36682706
22	36684817	36684817
22	36685292	36685292
22	36685483	36685483
22	36688226	36688226
22	36689506	36689506
22	36690985	36690985
22	36691016	36691016
22	36692752	36692752
22	36693922	36693922
22	36696777	36696777
22	36697486	36697486
22	36714659	36714659
22	36715274	36715274
22	36723697	36723697
22	36727551	36727551
22	36745049	36745049
22	36745146	36745146
22	36748399	36748399
22	36748993	36748993
22	36751101	36751101
22	36753803	36753803
22	36763048	36763048
22	36770038	36770038
22	36776099	36776099
22	36777739	36777739
22	36777803	36777803
22	36781217	36781217
22	36782759	36782759
22	36795584	36795584
22	36804282	36804282
22	36812517	36812517
22	36813201	36813201
22	36831704	36831704
22	36837065	36837065
22	36844793	36844793
22	36852003	36852003
22	36852471	36852471
22	36855147	36855147
22	36855763	36855763
22	36861320	36861320
22	36863491	36863491
22	36865604	36865604
22	36865622	36865622
22	36870845	36870845
22	36871714	36871714
22	36872818	36872818
22	36885026	36885026
22	36888066	36888066
22	36889116	36889116
22	36892369	36892369
22	36897427	36897427
22	36900271	36900271
22	36906173	36906173
22	36912074	36912074
22	36917349	36917349
22	36920319	36920319
22	36922262	36922262
22	36923158	36923158
22	36923499	36923499
22	36926927	36926927
22	36926979	36926979
22	36939236	36939236
22	36941065	36941065
22	36941503	36941503
22	36953965	36953965
22	36954605	36954605
22	36959500	36959500
22	36963065	36963065
22	36965284	36965284
22	36969134	36969134
22	36976975	36976975
22	36978260	36978260
22	36979808	36979808
22	36984307	36984307
22	36984918	36984918
22	36986092	36986092
22	36988654	36988654
22	36994063	36994063
22	36996189	36996189
22	37002064	37002064
22	37013694	37013694
22	37017246	37017246
22	37019059	37019059
22	37022532	37022532
22	37025274	37025274
22	37027467	37027467
22	37032163	37032163
22	37063016	37063016
22	37078176	37078176
22	37096927	37096927
22	37097564	37097564
22	37100260	37100260
22	37103563	37103563
22	37104419	37104419
22	37114970	37114970
22	37116098	37116098
22	37121731	37121731
22	37122455	37122455
22	37122615	37122615
22	37122724	37122724
22	37123295	37123295
22	37124298	37124298
22	37126789	37126789
22	37129340	37129340
22	37131707	37131707
22	37153289	37153289
22	37154413	37154413
22	37158985	37158985
22	37158995	37158995
22	37160049	37160049
22	37170915	37170915
22	37181778	37181778
22	37193502	37193502
22	37193986	37193986
22	37196680	37196680
22	37197530	37197530
22	37199132	37199132
22	37199806	37199806
22	37206341	37206341
22	37208149	37208149
22	37210656	37210656
22	37211803	37211803
22	37212089	37212089
22	37212154	37212154
22	37215827	37215827
22	37217354	37217354
22	37222929	37222929
22	37224160	37224160
22	37228277	37228277
22	37229503	37229503
22	37241788	37241788
22	37251377	37251377
22	37252010	37252010
22	37252618	37252618
22	37256262	37256262
22	37256846	37256846
22	37257712	37257712
22	37258844	37258844
22	37259534	37259534
22	37261015	37261015
22	37261021	37261021
22	37262753	37262753
22	37263706	37263706
22	37263846	37263846
22	37265314	37265314
22	37271802	37271802
22	37274943	37274943
22	37275555	37275555
22	37275904	37275904
22	37276285	37276285
22	37276622	37276622
22	37277701	37277701
22	37279156	37279156
22	37289869	37289869
22	37290201	37290201
22	37291789	37291789
22	37293910	37293910
22	37296129	37296129
22	37296596	37296596
22	37296672	37296672
22	37306899	37306899
22	37307865	37307865
22	37308785	37308785
22	37310046	37310046
22	37311858	37311858
22	37314600	37314600
22	37317914	37317914
22	37321080	37321080
22	37322820	37322820
22	37323988	37323988
22	37324740	37324740
22	37325227	37325227
22	37325582	37325582
22	37325833	37325833
22	37326794	37326794
22	37327707	37327707
22	37328051	37328051
22	37328751	37328751
22	37329339	37329339
22	37329545	37329545
22	37329999	37329999
22	37333657	37333657
22	37333936	37333936
22	37334953	37334953
22	37335326	37335326
22	37337409	37337409
22	37337772	37337772
22	37340429	37340429
22	37343210	37343210
22	37343442	37343442
22	37345312	37345312
22	37348019	37348019
22	37353226	37353226
22	37359961	37359961
22	37360416	37360416
22	37365039	37365039
22	37365352	37365352
22	37367928	37367928
22	37371109	37371109
22	37375668	37375668
22	37383241	37383241
22	37386108	37386108
22	37386920	37386920
22	37387257	37387257
22	37391202	37391202
22	37407216	37407216
22	37407346	37407346
22	37407527	37407527
22	37412967	37412967
22	37417197	37417197
22	37417326	37417326
22	37424991	37424991
22	37425508	37425508
22	37427005	37427005
22	37429129	37429129
22	37432693	37432693
22	37434028	37434028
22	37437172	37437172
22	37442255	37442255
22	37453378	37453378
22	37454132	37454132
22	37454236	37454236
22	37455874	37455874
22	37462173	37462173
22	37462813	37462813
22	37462926	37462926
22	37462936	37462936
22	37466962	37466962
22	37467001	37467001
22	37467009	37467009
22	37467270	37467270
22	37467392	37467392
22	37469591	37469591
22	37470224	37470224
22	37470640	37470640
22	37470665	37470665
22	37471208	37471208
22	37471300	37471300
22	37471385	37471385
22	37474667	37474667
22	37475307	37475307
22	37479628	37479628
22	37479864	37479864
22	37480797	37480797
22	37480861	37480861
22	37492078	37492078
22	37492129	37492129
22	37492731	37492731
22	37494485	37494485
22	37494542	37494542
22	37496847	37496847
22	37499019	37499019
22	37500643	37500643
22	37505552	37505552
22	37509087	37509087
22	37510072	37510072
22	37519864	37519864
22	37524483	37524483
22	37524619	37524619
22	37524639	37524639
22	37524683	37524683
22	37524990	37524990
22	37525044	37525044
22	37529432	37529432
22	37532954	37532954
22	37533068	37533068
22	37534034	37534034
22	37535471	37535471
22	37535494	37535494
22	37539128	37539128
22	37543156	37543156
22	37543173	37543173
22	37544438	37544438
22	37544536	37544536
22	37544810	37544810
22	37544931	37544931
22	37547987	37547987
22	37551607	37551607
22	37554229	37554229
22	37558279	37558279
22	37558356	37558356
22	37560170	37560170
22	37560751	37560751
22	37565492	37565492
22	37567490	37567490
22	37570845	37570845
22	37572236	37572236
22	37578388	37578388
22	37578579	37578579
22	37581485	37581485
22	37586018	37586018
22	37587111	37587111
22	37588566	37588566
22	37591318	37591318
22	37591807	37591807
22	37592504	37592504
22	37596679	37596679
22	37603745	37603745
22	37611807	37611807
22	37612042	37612042
22	37613309	37613309
22	37618637	37618637
22	37619021	37619021
22	37622882	37622882
22	37630318	37630318
22	37631358	37631358
22	37632295	37632295
22	37632770	37632770
22	37635055	37635055
22	37638960	37638960
22	37641440	37641440
22	37643464	37643464
22	37645230	37645230
22	37649529	37649529
22	37660255	37660255
22	37660702	37660702
22	37661288	37661288
22	37669321	37669321
22	37671896	37671896
22	37673781	37673781
22	37673788	37673788
22	37677892	37677892
22	37677949	37677949
22	37678531	37678531
22	37678565	37678565
22	37686902	37686902
22	37696570	37696570
22	37698667	37698667
22	37699377	37699377
22	37703957	37703957
22	37710569	37710569
22	37713048	37713048
22	37715105	37715105
22	37719004	37719004
22	37728491	37728491
22	37731438	37731438
22	37733159	37733159
22	37734452	37734452
22	37737276	37737276
22	37738621	37738621
22	37740853	37740853
22	37746192	37746192
22	37751698	37751698
22	37752981	37752981
22	37754246	37754246
22	37755214	37755214
22	37755223	37755223
22	37755323	37755323
22	37756431	37756431
22	37761743	37761743
22	37761813	37761813
22	37763862	37763862
22	37766088	37766088
22	37770630	37770630
22	37771985	37771985
22	37777031	37777031
22	37784161	37784161
22	37789106	37789106
22	37792590	37792590
22	37793408	37793408
22	37797697	37797697
22	37806276	37806276
22	37806962	37806962
22	37807303	37807303
22	37809655	37809655
22	37812495	37812495
22	37812911	37812911
22	37818011	37818011
22	37818507	37818507
22	37820415	37820415
22	37836819	37836819
22	37843239	37843239
22	37843741	37843741
22	37845116	37845116
22	37849017	37849017
22	37852174	37852174
22	37858354	37858354
22	37866063	37866063
22	37868170	37868170
22	37875447	37875447
22	37886629	37886629
22	37887018	37887018
22	37893501	37893501
22	37899804	37899804
22	37902793	37902793
22	37902926	37902926
22	37904251	37904251
22	37910395	37910395
22	37910612	37910612
22	37913936	37913936
22	37915100	37915100
22	37918472	37918472
22	37918672	37918672
22	37919267	37919267
22	37920097	37920097
22	37929759	37929759
22	37939252	37939252
22	37942412	37942412
22	37943299	37943299
22	37951451	37951451
22	37951581	37951581
22	37958268	37958268
22	37961120	37961120
22	37962740	37962740
22	37966686	37966686
22	37966689	37966689
22	37968063	37968063
22	37968265	37968265
22	37970189	37970189
22	37972628	37972628
22	37973153	37973153
22	37973296	37973296
22	37977481	37977481
22	37981995	37981995
22	37982012	37982012
22	37985387	37985387
22	38001541	38001541
22	38003070	38003070
22	38004362	38004362
22	38013172	38013172
22	38026059	38026059
22	38040097	38040097
22	38041015	38041015
22	38044341	38044341
22	38046695	38046695
22	38053908	38053908
22	38054580	38054580
22	38059925	38059925
22	38062589	38062589
22	38069622	38069622
22	38077935	38077935
22	38079239	38079239
22	38088643	38088643
22	38093169	38093169
22	38096470	38096470
22	38106473	38106473
22	38106693	38106693
22	38117943	38117943
22	38121040	38121040
22	38121152	38121152
22	38121258	38121258
22	38121795	38121795
22	38122252	38122252
22	38127774	38127774
22	38129388	38129388
22	38130827	38130827
22	38135319	38135319
22	38136546	38136546
22	38138110	38138110
22	38142368	38142368
22	38147018	38147018
22	38147834	38147834
22	38151516	38151516
22	38151587	38151587
22	38151606	38151606
22	38153696	38153696
22	38155195	38155195
22	38155255	38155255
22	38163722	38163722
22	38165091	38165091
22	38165269	38165269
22	38167706	38167706
22	38170046	38170046
22	38175477	38175477
22	38176270	38176270
22	38177768	38177768
22	38205989	38205989
22	38212624	38212624
22	38216579	38216579
22	38226158	38226158
22	38228802	38228802
22	38263404	38263404
22	38273749	38273749
22	38278741	38278741
22	38280192	38280192
22	38288393	38288393
22	38306671	38306671
22	38306893	38306893
22	38321806	38321806
22	38323700	38323700
22	38328597	38328597
22	38339298	38339298
22	38342963	38342963
22	38350450	38350450
22	38354684	38354684
22	38371396	38371396
22	38382304	38382304
22	38383890	38383890
22	38386876	38386876
22	38388217	38388217
22	38392662	38392662
22	38402311	38402311
22	38423264	38423264
22	38424971	38424971
22	38446872	38446872
22	38447444	38447444
22	38448732	38448732
22	38456598	38456598
22	38458681	38458681
22	38459430	38459430
22	38463652	38463652
22	38464090	38464090
22	38468504	38468504
22	38472286	38472286
22	38476276	38476276
22	38483171	38483171
22	38487029	38487029
22	38495011	38495011
22	38500270	38500270
22	38500480	38500480
22	38501333	38501333
22	38505356	38505356
22	38509439	38509439
22	38509628	38509628
22	38522424	38522424
22	38526090	38526090
22	38528888	38528888
22	38531036	38531036
22	38531680	38531680
22	38533089	38533089
22	38544298	38544298
22	38546033	38546033
22	38548516	38548516
22	38560836	38560836
22	38561562	38561562
22	38562258	38562258
22	38563548	38563548
22	38565347	38565347
22	38569006	38569006
22	38572672	38572672
22	38577755	38577755
22	38583466	38583466
22	38600542	38600542
22	38604803	38604803
22	38605927	38605927
22	38611842	38611842
22	38614095	38614095
22	38614472	38614472
22	38614933	38614933
22	38622471	38622471
22	38627339	38627339
22	38627429	38627429
22	38628306	38628306
22	38628643	38628643
22	38633145	38633145
22	38635244	38635244
22	38636795	38636795
22	38638071	38638071
22	38646900	38646900
22	38652531	38652531
22	38653625	38653625
22	38653689	38653689
22	38653851	38653851
22	38653875	38653875
22	38659518	38659518
22	38662396	38662396
22	38671383	38671383
22	38671786	38671786
22	38678387	38678387
22	38680361	38680361
22	38681644	38681644
22	38683637	38683637
22	38685423	38685423
22	38690698	38690698
22	38690899	38690899
22	38692380	38692380
22	38693520	38693520
22	38695099	38695099
22	38699334	38699334
22	38703653	38703653
22	38715222	38715222
22	38725141	38725141
22	38740101	38740101
22	38746745	38746745
22	38747922	38747922
22	38753311	38753311
22	38767733	38767733
22	38777738	38777738
22	38778965	38778965
22	38791832	38791832
22	38792382	38792382
22	38795842	38795842
22	38796813	38796813
22	38804536	38804536
22	38807144	38807144
22	38811111	38811111
22	38819457	38819457
22	38819613	38819613
22	38823895	38823895
22	38825689	38825689
22	38826799	38826799
22	38832096	38832096
22	38832112	38832112
22	38832512	38832512
22	38839485	38839485
22	38841703	38841703
22	38852429	38852429
22	38854161	38854161
22	38864835	38864835
22	38865221	38865221
22	38865863	38865863
22	38868143	38868143
22	38901526	38901526
22	38912665	38912665
22	38917703	38917703
22	38921214	38921214
22	38922579	38922579
22	38932631	38932631
22	38933740	38933740
22	38945975	38945975
22	38949578	38949578
22	38951615	38951615
22	38953862	38953862
22	38957563	38957563
22	38958260	38958260
22	38967786	38967786
22	38976135	38976135
22	38979154	38979154
22	38982031	38982031
22	38987434	38987434
22	38993370	38993370
22	38995544	38995544
22	39007401	39007401
22	39015244	39015244
22	39016403	39016403
22	39017893	39017893
22	39022553	39022553
22	39032131	39032131
22	39032252	39032252
22	39034786	39034786
22	39039405	39039405
22	39046854	39046854
22	39064088	39064088
22	39066934	39066934
22	39067128	39067128
22	39082412	39082412
22	39087007	39087007
22	39090350	39090350
22	39094562	39094562
22	39095987	39095987
22	39100646	39100646
22	39101338	39101338
22	39110218	39110218
22	39119397	39119397
22	39120162	39120162
22	39121079	39121079
22	39124185	39124185
22	39125529	39125529
22	39125820	39125820
22	39137513	39137513
22	39138332	39138332
22	39138538	39138538
22	39145816	39145816
22	39150993	39150993
22	39163362	39163362
22	39163856	39163856
22	39168596	39168596
22	39168987	39168987
22	39172286	39172286
22	39176518	39176518
22	39181795	39181795
22	39195645	39195645
22	39218001	39218001
22	39222598	39222598
22	39227793	39227793
22	39228572	39228572
22	39230358	39230358
22	39230707	39230707
22	39231066	39231066
22	39231168	39231168
22	39232459	39232459
22	39232506	39232506
22	39243709	39243709
22	39245618	39245618
22	39246716	39246716
22	39254513	39254513
22	39255591	39255591
22	39255957	39255957
22	39256244	39256244
22	39265385	39265385
22	39268785	39268785
22	39276060	39276060
22	39276845	39276845
22	39287468	39287468
22	39291257	39291257
22	39291626	39291626
22	39298776	39298776
22	39301932	39301932
22	39306080	39306080
22	39306784	39306784
22	39319033	39319033
22	39320828	39320828
22	39332229	39332229
22	39332623	39332623
22	39333340	39333340
22	39333937	39333937
22	39340670	39340670
22	39343083	39343083
22	39343916	39343916
22	39350072	39350072
22	39352175	39352175
22	39353184	39353184
22	39355109	39355109
22	39358037	39358037
22	39375940	39375940
22	39387395	39387395
22	39392250	39392250
22	39392480	39392480
22	39405806	39405806
22	39407399	39407399
22	39413668	39413668
22	39425328	39425328
22	39445554	39445554
22	39462113	39462113
22	39467803	39467803
22	39474635	39474635
22	39477391	39477391
22	39477566	39477566
22	39479352	39479352
22	39485921	39485921
22	39493898	39493898
22	39497549	39497549
22	39499763	39499763
22	39506976	39506976
22	39507014	39507014
22	39507337	39507337
22	39510995	39510995
22	39514163	39514163
22	39519154	39519154
22	39519780	39519780
22	39522940	39522940
22	39526063	39526063
22	39527884	39527884
22	39529817	39529817
22	39532554	39532554
22	39540803	39540803
22	39542292	39542292
22	39549426	39549426
22	39553496	39553496
22	39565547	39565547
22	39567613	39567613
22	39568585	39568585
22	39571918	39571918
22	39572598	39572598
22	39573724	39573724
22	39574124	39574124
22	39574481	39574481
22	39575221	39575221
22	39575322	39575322
22	39575873	39575873
22	39575900	39575900
22	39581162	39581162
22	39581501	39581501
22	39582668	39582668
22	39594740	39594740
22	39600651	39600651
22	39601990	39601990
22	39605158	39605158
22	39609131	39609131
22	39618289	39618289
22	39620002	39620002
22	39622096	39622096
22	39622711	39622711
22	39631786	39631786
22	39634434	39634434
22	39646422	39646422
22	39650356	39650356
22	39659773	39659773
22	39661087	39661087
22	39668922	39668922
22	39670851	39670851
22	39685832	39685832
22	39690791	39690791
22	39699465	39699465
22	39703314	39703314
22	39705965	39705965
22	39708357	39708357
22	39708965	39708965
22	39709605	39709605
22	39710237	39710237
22	39712782	39712782
22	39726754	39726754
22	39734647	39734647
22	39738379	39738379
22	39738725	39738725
22	39739638	39739638
22	39747671	39747671
22	39751711	39751711
22	39762311	39762311
22	39764554	39764554
22	39771114	39771114
22	39774525	39774525
22	39777788	39777788
22	39780819	39780819
22	39798127	39798127
22	39800050	39800050
22	39811645	39811645
22	39814746	39814746
22	39825322	39825322
22	39826049	39826049
22	39830560	39830560
22	39831278	39831278
22	39835587	39835587
22	39843409	39843409
22	39843651	39843651
22	39846367	39846367
22	39850174	39850174
22	39859169	39859169
22	39862343	39862343
22	39875966	39875966
22	39876838	39876838
22	39877087	39877087
22	39877556	39877556
22	39881140	39881140
22	39884942	39884942
22	39888774	39888774
22	39897792	39897792
22	39906610	39906610
22	39911144	39911144
22	39912969	39912969
22	39913420	39913420
22	39919408	39919408
22	39936135	39936135
22	39941154	39941154
22	39941935	39941935
22	39947574	39947574
22	39952098	39952098
22	39952197	39952197
22	39955632	39955632
22	39972070	39972070
22	39972162	39972162
22	39976133	39976133
22	39976943	39976943
22	39978039	39978039
22	39982721	39982721
22	39982756	39982756
22	39988178	39988178
22	39989216	39989216
22	39991692	39991692
22	39993923	39993923
22	39997710	39997710
22	40000313	40000313
22	40000442	40000442
22	40001759	40001759
22	40010383	40010383
22	40011273	40011273
22	40014769	40014769
22	40016286	40016286
22	40018212	40018212
22	40025446	40025446
22	40029845	40029845
22	40031771	40031771
22	40033247	40033247
22	40046176	40046176
22	40046538	40046538
22	40049185	40049185
22	40061683	40061683
22	40066873	40066873
22	40066958	40066958
22	40067640	40067640
22	40069449	40069449
22	40075733	40075733
22	40075948	40075948
22	40079407	40079407
22	40086560	40086560
22	40092864	40092864
22	40102918	40102918
22	40111623	40111623
22	40111811	40111811
22	40116547	40116547
22	40118460	40118460
22	40122607	40122607
22	40126026	40126026
22	40131030	40131030
22	40145841	40145841
22	40146285	40146285
22	40158228	40158228
22	40169926	40169926
22	40204329	40204329
22	40207399	40207399
22	40213280	40213280
22	40218102	40218102
22	40242068	40242068
22	40271496	40271496
22	40288385	40288385
22	40293487	40293487
22	40304195	40304195
22	40311879	40311879
22	40322684	40322684
22	40325161	40325161
22	40326174	40326174
22	40326509	40326509
22	40351438	40351438
22	40357667	40357667
22	40363433	40363433
22	40363778	40363778
22	40365361	40365361
22	40369367	40369367
22	40376381	40376381
22	40388308	40388308
22	40390173	40390173
22	40400164	40400164
22	40400735	40400735
22	40403113	40403113
22	40403988	40403988
22	40404116	40404116
22	40406350	40406350
22	40443422	40443422
22	40452119	40452119
22	40466495	40466495
22	40476546	40476546
22	40477813	40477813
22	40478222	40478222
22	40479448	40479448
22	40495473	40495473
22	40507282	40507282
22	40528393	40528393
22	40538762	40538762
22	40549383	40549383
22	40552119	40552119
22	40562227	40562227
22	40578455	40578455
22	40587118	40587118
22	40592458	40592458
22	40610398	40610398
22	40611012	40611012
22	40615276	40615276
22	40616112	40616112
22	40629980	40629980
22	40648972	40648972
22	40652873	40652873
22	40654276	40654276
22	40661729	40661729
22	40661979	40661979
22	40662585	40662585
22	40662984	40662984
22	40670894	40670894
22	40673525	40673525
22	40674621	40674621
22	40676092	40676092
22	40697581	40697581
22	40698362	40698362
22	40701516	40701516
22	40704537	40704537
22	40725149	40725149
22	40734860	40734860
22	40736472	40736472
22	40738280	40738280
22	40738486	40738486
22	40741520	40741520
22	40742567	40742567
22	40755001	40755001
22	40757292	40757292
22	40757509	40757509
22	40757524	40757524
22	40759308	40759308
22	40760290	40760290
22	40770353	40770353
22	40775481	40775481
22	40778231	40778231
22	40779964	40779964
22	40791403	40791403
22	40794243	40794243
22	40797647	40797647
22	40798179	40798179
22	40800071	40800071
22	40800518	40800518
22	40802189	40802189
22	40802893	40802893
22	40804356	40804356
22	40804844	40804844
22	40805713	40805713
22	40810951	40810951
22	40813931	40813931
22	40814431	40814431
22	40814461	40814461
22	40814988	40814988
22	40815034	40815034
22	40816889	40816889
22	40819629	40819629
22	40823284	40823284
22	40825765	40825765
22	40831256	40831256
22	40831541	40831541
22	40849704	40849704
22	40855131	40855131
22	40858693	40858693
22	40874860	40874860
22	40876234	40876234
22	40885023	40885023
22	40904707	40904707
22	40914949	40914949
22	40919160	40919160
22	40919417	40919417
22	40952051	40952051
22	40952799	40952799
22	40958071	40958071
22	40963903	40963903
22	40990077	40990077
22	40999221	40999221
22	41002252	41002252
22	41009015	41009015
22	41009391	41009391
22	41014198	41014198
22	41022281	41022281
22	41038054	41038054
22	41042091	41042091
22	41046355	41046355
22	41054954	41054954
22	41061691	41061691
22	41075695	41075695
22	41076597	41076597
22	41077283	41077283
22	41077453	41077453
22	41077613	41077613
22	41077804	41077804
22	41078473	41078473
22	41078533	41078533
22	41081561	41081561
22	41082343	41082343
22	41104224	41104224
22	41110066	41110066
22	41132402	41132402
22	41135189	41135189
22	41138784	41138784
22	41143019	41143019
22	41146567	41146567
22	41149047	41149047
22	41149865	41149865
22	41153879	41153879
22	41166135	41166135
22	41171790	41171790
22	41193771	41193771
22	41195082	41195082
22	41204323	41204323
22	41210141	41210141
22	41223859	41223859
22	41230003	41230003
22	41240651	41240651
22	41243100	41243100
22	41258144	41258144
22	41263423	41263423
22	41264541	41264541
22	41268925	41268925
22	41272143	41272143
22	41275124	41275124
22	41282116	41282116
22	41284843	41284843
22	41291730	41291730
22	41292444	41292444
22	41298977	41298977
22	41310997	41310997
22	41320390	41320390
22	41322392	41322392
22	41346645	41346645
22	41351180	41351180
22	41386788	41386788
22	41389334	41389334
22	41408694	41408694
22	41408991	41408991
22	41415644	41415644
22	41424903	41424903
22	41427715	41427715
22	41437796	41437796
22	41461836	41461836
22	41466229	41466229
22	41469714	41469714
22	41479380	41479380
22	41485781	41485781
22	41500750	41500750
22	41507400	41507400
22	41520729	41520729
22	41521877	41521877
22	41523772	41523772
22	41532025	41532025
22	41536452	41536452
22	41540984	41540984
22	41568185	41568185
22	41568480	41568480
22	41572541	41572541
22	41588798	41588798
22	41609690	41609690
22	41610240	41610240
22	41624465	41624465
22	41626647	41626647
22	41626663	41626663
22	41642411	41642411
22	41647303	41647303
22	41648808	41648808
22	41651467	41651467
22	41655058	41655058
22	41655340	41655340
22	41661154	41661154
22	41703510	41703510
22	41719248	41719248
22	41736090	41736090
22	41739370	41739370
22	41743050	41743050
22	41752747	41752747
22	41753059	41753059
22	41757647	41757647
22	41768862	41768862
22	41769083	41769083
22	41775940	41775940
22	41783206	41783206
22	41788915	41788915
22	41793090	41793090
22	41797846	41797846
22	41815609	41815609
22	41831267	41831267
22	41831322	41831322
22	41835452	41835452
22	41849430	41849430
22	41855923	41855923
22	41856785	41856785
22	41878367	41878367
22	41888112	41888112
22	41900439	41900439
22	41903841	41903841
22	41906827	41906827
22	41911085	41911085
22	41911426	41911426
22	41911805	41911805
22	41919850	41919850
22	41919893	41919893
22	41923121	41923121
22	41949259	41949259
22	41985797	41985797
22	42008031	42008031
22	42012457	42012457
22	42013053	42013053
22	42016526	42016526
22	42019251	42019251
22	42023714	42023714
22	42038786	42038786
22	42041391	42041391
22	42043970	42043970
22	42058592	42058592
22	42089623	42089623
22	42089659	42089659
22	42091063	42091063
22	42095658	42095658
22	42119065	42119065
22	42126821	42126821
22	42142393	42142393
22	42142725	42142725
22	42144372	42144372
22	42151926	42151926
22	42159072	42159072
22	42167358	42167358
22	42177317	42177317
22	42190309	42190309
22	42194176	42194176
22	42210985	42210985
22	42214719	42214719
22	42223410	42223410
22	42230472	42230472
22	42231556	42231556
22	42235352	42235352
22	42240378	42240378
22	42250802	42250802
22	42258272	42258272
22	42264732	42264732
22	42276742	42276742
22	42276792	42276792
22	42276825	42276825
22	42280135	42280135
22	42281294	42281294
22	42281429	42281429
22	42282012	42282012
22	42287454	42287454
22	42290857	42290857
22	42294757	42294757
22	42295992	42295992
22	42299116	42299116
22	42300675	42300675
22	42321451	42321451
22	42335970	42335970
22	42340844	42340844
22	42347060	42347060
22	42354389	42354389
22	42364432	42364432
22	42370991	42370991
22	42374985	42374985
22	42377878	42377878
22	42379813	42379813
22	42381703	42381703
22	42388841	42388841
22	42391176	42391176
22	42392091	42392091
22	42392811	42392811
22	42412365	42412365
22	42412711	42412711
22	42417260	42417260
22	42428104	42428104
22	42433887	42433887
22	42445174	42445174
22	42446215	42446215
22	42448761	42448761
22	42454587	42454587
22	42457056	42457056
22	42461804	42461804
22	42463267	42463267
22	42464645	42464645
22	42480007	42480007
22	42483090	42483090
22	42504679	42504679
22	42508937	42508937
22	42522601	42522601
22	42522613	42522613
22	42522724	42522724
22	42523209	42523209
22	42523358	42523358
22	42523475	42523475
22	42523515	42523515
22	42523610	42523610
22	42523824	42523824
22	42523858	42523858
22	42523896	42523896
22	42523943	42523943
22	42523998	42523998
22	42524168	42524168
22	42524175	42524175
22	42524341	42524341
22	42524352	42524352
22	42524485	42524485
22	42524796	42524796
22	42524809	42524809
22	42524963	42524963
22	42525035	42525035
22	42525077	42525077
22	42525085	42525085
22	42525100	42525100
22	42525176	42525176
22	42525724	42525724
22	42525756	42525756
22	42525772	42525772
22	42525821	42525821
22	42526188	42526188
22	42526573	42526573
22	42526969	42526969
22	42527147	42527147
22	42527291	42527291
22	42527533	42527533
22	42527804	42527804
22	42528538	42528538
22	42536487	42536487
22	42537310	42537310
22	42552875	42552875
22	42563308	42563308
22	42567090	42567090
22	42578054	42578054
22	42583871	42583871
22	42584918	42584918
22	42593624	42593624
22	42603814	42603814
22	42614362	42614362
22	42616513	42616513
22	42628335	42628335
22	42630772	42630772
22	42631236	42631236
22	42640518	42640518
22	42651536	42651536
22	42659964	42659964
22	42661144	42661144
22	42661935	42661935
22	42670965	42670965
22	42677324	42677324
22	42685537	42685537
22	42688639	42688639
22	42690000	42690000
22	42692339	42692339
22	42694220	42694220
22	42696005	42696005
22	42698800	42698800
22	42727231	42727231
22	42728168	42728168
22	42730837	42730837
22	42733021	42733021
22	42733867	42733867
22	42737789	42737789
22	42738766	42738766
22	42742451	42742451
22	42750618	42750618
22	42752792	42752792
22	42758726	42758726
22	42761285	42761285
22	42772101	42772101
22	42773943	42773943
22	42777621	42777621
22	42784944	42784944
22	42787471	42787471
22	42789950	42789950
22	42811919	42811919
22	42812820	42812820
22	42813753	42813753
22	42817792	42817792
22	42822283	42822283
22	42826710	42826710
22	42832748	42832748
22	42843101	42843101
22	42855277	42855277
22	42855719	42855719
22	42857928	42857928
22	42862481	42862481
22	42866614	42866614
22	42871115	42871115
22	42875373	42875373
22	42876604	42876604
22	42884997	42884997
22	42914033	42914033
22	42915843	42915843
22	42928487	42928487
22	42959624	42959624
22	42962330	42962330
22	42964319	42964319
22	42970680	42970680
22	42980631	42980631
22	42981138	42981138
22	42997627	42997627
22	42998902	42998902
22	43014916	43014916
22	43015387	43015387
22	43015795	43015795
22	43019252	43019252
22	43020234	43020234
22	43021954	43021954
22	43024214	43024214
22	43024701	43024701
22	43041636	43041636
22	43044149	43044149
22	43045295	43045295
22	43058398	43058398
22	43061482	43061482
22	43062797	43062797
22	43066531	43066531
22	43071309	43071309
22	43076708	43076708
22	43076809	43076809
22	43088463	43088463
22	43088971	43088971
22	43090249	43090249
22	43097551	43097551
22	43099621	43099621
22	43099957	43099957
22	43103684	43103684
22	43110919	43110919
22	43112961	43112961
22	43113434	43113434
22	43114204	43114204
22	43115576	43115576
22	43121426	43121426
22	43122720	43122720
22	43126236	43126236
22	43126998	43126998
22	43135731	43135731
22	43142778	43142778
22	43148872	43148872
22	43153807	43153807
22	43154742	43154742
22	43155357	43155357
22	43158483	43158483
22	43158867	43158867
22	43159368	43159368
22	43161405	43161405
22	43162952	43162952
22	43165866	43165866
22	43174578	43174578
22	43175821	43175821
22	43178043	43178043
22	43187236	43187236
22	43188309	43188309
22	43195109	43195109
22	43195296	43195296
22	43197034	43197034
22	43212635	43212635
22	43217080	43217080
22	43218397	43218397
22	43225174	43225174
22	43232973	43232973
22	43255049	43255049
22	43273219	43273219
22	43295648	43295648
22	43298426	43298426
22	43303882	43303882
22	43313954	43313954
22	43325352	43325352
22	43329819	43329819
22	43331540	43331540
22	43339467	43339467
22	43341718	43341718
22	43342723	43342723
22	43343890	43343890
22	43346878	43346878
22	43347699	43347699
22	43356699	43356699
22	43371787	43371787
22	43375701	43375701
22	43386716	43386716
22	43397036	43397036
22	43410386	43410386
22	43411887	43411887
22	43414330	43414330
22	43414728	43414728
22	43415116	43415116
22	43419385	43419385
22	43432826	43432826
22	43436793	43436793
22	43439296	43439296
22	43442557	43442557
22	43442599	43442599
22	43448117	43448117
22	43456450	43456450
22	43458018	43458018
22	43460215	43460215
22	43465529	43465529
22	43466217	43466217
22	43473662	43473662
22	43475508	43475508
22	43478509	43478509
22	43481948	43481948
22	43483242	43483242
22	43486745	43486745
22	43495678	43495678
22	43500003	43500003
22	43500212	43500212
22	43513244	43513244
22	43514187	43514187
22	43515339	43515339
22	43518822	43518822
22	43520105	43520105
22	43525197	43525197
22	43533515	43533515
22	43537078	43537078
22	43540174	43540174
22	43540820	43540820
22	43542792	43542792
22	43544823	43544823
22	43550149	43550149
22	43551052	43551052
22	43556316	43556316
22	43557085	43557085
22	43558926	43558926
22	43558972	43558972
22	43561675	43561675
22	43562247	43562247
22	43566559	43566559
22	43568096	43568096
22	43568512	43568512
22	43570068	43570068
22	43572180	43572180
22	43574090	43574090
22	43575129	43575129
22	43577048	43577048
22	43577307	43577307
22	43585305	43585305
22	43586327	43586327
22	43594138	43594138
22	43599917	43599917
22	43605127	43605127
22	43605708	43605708
22	43607868	43607868
22	43609197	43609197
22	43610867	43610867
22	43613252	43613252
22	43614099	43614099
22	43614601	43614601
22	43615005	43615005
22	43615868	43615868
22	43618192	43618192
22	43619200	43619200
22	43619631	43619631
22	43622819	43622819
22	43624305	43624305
22	43629518	43629518
22	43631736	43631736
22	43632100	43632100
22	43633977	43633977
22	43635549	43635549
22	43636729	43636729
22	43639989	43639989
22	43640728	43640728
22	43645133	43645133
22	43646613	43646613
22	43646647	43646647
22	43647870	43647870
22	43649715	43649715
22	43650729	43650729
22	43650988	43650988
22	43653625	43653625
22	43655427	43655427
22	43657040	43657040
22	43661080	43661080
22	43662468	43662468
22	43663734	43663734
22	43664665	43664665
22	43667423	43667423
22	43673471	43673471
22	43673800	43673800
22	43678135	43678135
22	43680239	43680239
22	43681537	43681537
22	43682503	43682503
22	43684257	43684257
22	43685657	43685657
22	43688504	43688504
22	43692768	43692768
22	43696044	43696044
22	43696688	43696688
22	43699774	43699774
22	43700013	43700013
22	43701218	43701218
22	43704192	43704192
22	43705185	43705185
22	43705678	43705678
22	43709929	43709929
22	43716324	43716324
22	43717635	43717635
22	43721994	43721994
22	43729172	43729172
22	43736392	43736392
22	43742379	43742379
22	43754675	43754675
22	43755827	43755827
22	43760031	43760031
22	43761203	43761203
22	43768298	43768298
22	43779867	43779867
22	43780291	43780291
22	43781850	43781850
22	43781881	43781881
22	43782937	43782937
22	43785605	43785605
22	43787437	43787437
22	43798373	43798373
22	43802061	43802061
22	43805095	43805095
22	43805809	43805809
22	43810009	43810009
22	43812896	43812896
22	43823014	43823014
22	43825979	43825979
22	43826783	43826783
22	43830353	43830353
22	43830910	43830910
22	43831058	43831058
22	43832593	43832593
22	43832845	43832845
22	43834820	43834820
22	43840982	43840982
22	43845708	43845708
22	43857328	43857328
22	43860845	43860845
22	43866756	43866756
22	43870800	43870800
22	43872810	43872810
22	43875565	43875565
22	43876153	43876153
22	43877096	43877096
22	43886370	43886370
22	43886854	43886854
22	43894599	43894599
22	43897310	43897310
22	43897433	43897433
22	43898650	43898650
22	43900259	43900259
22	43900524	43900524
22	43903769	43903769
22	43907291	43907291
22	43924609	43924609
22	43927320	43927320
22	43928877	43928877
22	43931236	43931236
22	43936117	43936117
22	43936383	43936383
22	43939631	43939631
22	43949009	43949009
22	43950853	43950853
22	43956566	43956566
22	43976396	43976396
22	43985334	43985334
22	43996843	43996843
22	43998724	43998724
22	44000711	44000711
22	44012172	44012172
22	44012951	44012951
22	44018906	44018906
22	44022345	44022345
22	44031042	44031042
22	44042383	44042383
22	44083002	44083002
22	44090333	44090333
22	44092683	44092683
22	44113813	44113813
22	44114861	44114861
22	44121569	44121569
22	44125457	44125457
22	44127255	44127255
22	44129156	44129156
22	44138332	44138332
22	44143638	44143638
22	44147012	44147012
22	44151656	44151656
22	44155674	44155674
22	44169426	44169426
22	44181312	44181312
22	44183913	44183913
22	44195654	44195654
22	44196183	44196183
22	44212184	44212184
22	44220673	44220673
22	44222744	44222744
22	44222807	44222807
22	44227025	44227025
22	44228367	44228367
22	44236168	44236168
22	44238974	44238974
22	44245179	44245179
22	44254243	44254243
22	44257833	44257833
22	44270663	44270663
22	44273276	44273276
22	44274202	44274202
22	44278752	44278752
22	44280150	44280150
22	44280193	44280193
22	44282276	44282276
22	44282368	44282368
22	44284854	44284854
22	44285258	44285258
22	44285418	44285418
22	44285428	44285428
22	44285723	44285723
22	44286531	44286531
22	44286950	44286950
22	44287403	44287403
22	44287586	44287586
22	44290315	44290315
22	44293787	44293787
22	44293814	44293814
22	44298499	44298499
22	44304419	44304419
22	44305065	44305065
22	44305218	44305218
22	44313508	44313508
22	44314205	44314205
22	44318244	44318244
22	44322970	44322970
22	44324727	44324727
22	44326204	44326204
22	44327219	44327219
22	44328043	44328043
22	44328851	44328851
22	44328870	44328870
22	44332570	44332570
22	44333694	44333694
22	44340904	44340904
22	44355693	44355693
22	44360001	44360001
22	44360007	44360007
22	44368741	44368741
22	44370336	44370336
22	44371406	44371406
22	44378368	44378368
22	44379838	44379838
22	44388281	44388281
22	44389392	44389392
22	44391234	44391234
22	44394402	44394402
22	44395389	44395389
22	44399761	44399761
22	44403184	44403184
22	44404484	44404484
22	44404522	44404522
22	44410173	44410173
22	44411804	44411804
22	44411910	44411910
22	44412635	44412635
22	44413945	44413945
22	44416429	44416429
22	44417927	44417927
22	44417970	44417970
22	44418444	44418444
22	44421563	44421563
22	44424108	44424108
22	44425836	44425836
22	44427251	44427251
22	44427967	44427967
22	44429762	44429762
22	44435552	44435552
22	44448338	44448338
22	44448402	44448402
22	44452318	44452318
22	44456692	44456692
22	44456841	44456841
22	44466550	44466550
22	44467446	44467446
22	44467676	44467676
22	44471488	44471488
22	44472281	44472281
22	44474024	44474024
22	44480397	44480397
22	44488632	44488632
22	44489868	44489868
22	44489896	44489896
22	44494527	44494527
22	44496917	44496917
22	44499343	44499343
22	44499859	44499859
22	44503633	44503633
22	44506233	44506233
22	44511918	44511918
22	44515711	44515711
22	44517438	44517438
22	44517889	44517889
22	44522312	44522312
22	44524638	44524638
22	44526105	44526105
22	44530201	44530201
22	44530420	44530420
22	44532145	44532145
22	44534073	44534073
22	44542873	44542873
22	44544028	44544028
22	44554779	44554779
22	44562756	44562756
22	44563678	44563678
22	44566226	44566226
22	44566906	44566906
22	44567435	44567435
22	44571828	44571828
22	44572578	44572578
22	44575868	44575868
22	44576132	44576132
22	44579736	44579736
22	44581549	44581549
22	44582499	44582499
22	44582820	44582820
22	44589008	44589008
22	44595239	44595239
22	44595591	44595591
22	44598088	44598088
22	44598692	44598692
22	44614313	44614313
22	44614363	44614363
22	44615218	44615218
22	44617864	44617864
22	44623871	44623871
22	44628068	44628068
22	44633619	44633619
22	44634211	44634211
22	44646119	44646119
22	44649665	44649665
22	44653054	44653054
22	44654646	44654646
22	44656980	44656980
22	44657628	44657628
22	44661641	44661641
22	44663209	44663209
22	44664764	44664764
22	44664866	44664866
22	44671960	44671960
22	44677081	44677081
22	44677647	44677647
22	44677783	44677783
22	44679762	44679762
22	44682737	44682737
22	44684979	44684979
22	44685618	44685618
22	44686967	44686967
22	44687571	44687571
22	44692540	44692540
22	44695088	44695088
22	44695739	44695739
22	44698909	44698909
22	44700267	44700267
22	44701372	44701372
22	44701906	44701906
22	44702106	44702106
22	44703234	44703234
22	44703774	44703774
22	44705095	44705095
22	44706649	44706649
22	44706814	44706814
22	44710758	44710758
22	44714544	44714544
22	44715032	44715032
22	44715451	44715451
22	44723069	44723069
22	44723271	44723271
22	44723542	44723542
22	44734901	44734901
22	44737646	44737646
22	44739132	44739132
22	44739592	44739592
22	44740406	44740406
22	44740415	44740415
22	44740938	44740938
22	44744080	44744080
22	44744453	44744453
22	44745251	44745251
22	44745694	44745694
22	44745765	44745765
22	44745963	44745963
22	44747100	44747100
22	44747334	44747334
22	44747800	44747800
22	44750010	44750010
22	44751158	44751158
22	44751785	44751785
22	44753351	44753351
22	44754444	44754444
22	44754963	44754963
22	44757071	44757071
22	44758421	44758421
22	44758515	44758515
22	44760039	44760039
22	44760984	44760984
22	44761314	44761314
22	44763277	44763277
22	44763651	44763651
22	44763799	44763799
22	44764343	44764343
22	44768559	44768559
22	44769535	44769535
22	44770316	44770316
22	44771763	44771763
22	44773183	44773183
22	44774868	44774868
22	44775847	44775847
22	44776964	44776964
22	44778354	44778354
22	44778738	44778738
22	44779501	44779501
22	44780843	44780843
22	44784847	44784847
22	44787383	44787383
22	44788714	44788714
22	44790471	44790471
22	44791343	44791343
22	44792065	44792065
22	44792128	44792128
22	44793300	44793300
22	44795895	44795895
22	44797723	44797723
22	44803722	44803722
22	44803990	44803990
22	44807473	44807473
22	44807977	44807977
22	44812036	44812036
22	44818780	44818780
22	44818986	44818986
22	44826561	44826561
22	44827204	44827204
22	44828077	44828077
22	44833655	44833655
22	44834292	44834292
22	44834394	44834394
22	44836139	44836139
22	44840030	44840030
22	44842354	44842354
22	44843171	44843171
22	44869030	44869030
22	44875600	44875600
22	44875959	44875959
22	44881837	44881837
22	44881968	44881968
22	44886297	44886297
22	44886854	44886854
22	44888397	44888397
22	44892058	44892058
22	44903465	44903465
22	44913845	44913845
22	44922843	44922843
22	44924394	44924394
22	44926599	44926599
22	44932250	44932250
22	44933114	44933114
22	44933987	44933987
22	44934539	44934539
22	44942469	44942469
22	44942507	44942507
22	44943401	44943401
22	44954251	44954251
22	44965320	44965320
22	44968170	44968170
22	44972159	44972159
22	44973723	44973723
22	44973739	44973739
22	44975213	44975213
22	44979441	44979441
22	44980838	44980838
22	44980963	44980963
22	44981992	44981992
22	44992815	44992815
22	44996319	44996319
22	45003748	45003748
22	45004364	45004364
22	45007348	45007348
22	45008056	45008056
22	45011401	45011401
22	45011761	45011761
22	45012097	45012097
22	45012570	45012570
22	45017526	45017526
22	45022668	45022668
22	45024282	45024282
22	45026573	45026573
22	45044681	45044681
22	45046319	45046319
22	45048253	45048253
22	45052844	45052844
22	45055741	45055741
22	45057826	45057826
22	45067165	45067165
22	45069235	45069235
22	45073039	45073039
22	45074565	45074565
22	45075116	45075116
22	45075303	45075303
22	45075738	45075738
22	45075871	45075871
22	45078443	45078443
22	45078454	45078454
22	45078460	45078460
22	45078496	45078496
22	45083619	45083619
22	45086730	45086730
22	45088880	45088880
22	45090008	45090008
22	45091560	45091560
22	45091748	45091748
22	45092400	45092400
22	45095466	45095466
22	45095527	45095527
22	45095654	45095654
22	45097815	45097815
22	45109027	45109027
22	45109666	45109666
22	45111398	45111398
22	45114672	45114672
22	45115000	45115000
22	45115579	45115579
22	45116127	45116127
22	45117395	45117395
22	45118533	45118533
22	45123084	45123084
22	45124846	45124846
22	45125680	45125680
22	45125832	45125832
22	45129531	45129531
22	45130428	45130428
22	45131996	45131996
22	45133238	45133238
22	45134981	45134981
22	45139506	45139506
22	45139569	45139569
22	45142816	45142816
22	45144268	45144268
22	45149541	45149541
22	45150659	45150659
22	45151106	45151106
22	45154502	45154502
22	45155509	45155509
22	45156143	45156143
22	45157608	45157608
22	45158410	45158410
22	45158714	45158714
22	45160622	45160622
22	45163228	45163228
22	45165408	45165408
22	45167436	45167436
22	45169167	45169167
22	45169376	45169376
22	45169471	45169471
22	45170122	45170122
22	45171729	45171729
22	45173060	45173060
22	45176861	45176861
22	45177112	45177112
22	45177118	45177118
22	45178565	45178565
22	45178823	45178823
22	45179647	45179647
22	45180554	45180554
22	45180663	45180663
22	45183014	45183014
22	45187306	45187306
22	45187679	45187679
22	45188601	45188601
22	45189299	45189299
22	45192621	45192621
22	45192660	45192660
22	45194131	45194131
22	45194424	45194424
22	45194632	45194632
22	45198494	45198494
22	45202328	45202328
22	45208159	45208159
22	45210666	45210666
22	45216340	45216340
22	45216899	45216899
22	45217779	45217779
22	45225297	45225297
22	45225826	45225826
22	45231981	45231981
22	45234658	45234658
22	45236935	45236935
22	45237092	45237092
22	45240091	45240091
22	45242474	45242474
22	45245359	45245359
22	45248283	45248283
22	45248580	45248580
22	45248971	45248971
22	45251423	45251423
22	45253112	45253112
22	45253464	45253464
22	45253707	45253707
22	45253718	45253718
22	45253839	45253839
22	45256418	45256418
22	45259044	45259044
22	45260929	45260929
22	45260956	45260956
22	45268265	45268265
22	45271266	45271266
22	45279529	45279529
22	45286318	45286318
22	45286357	45286357
22	45290887	45290887
22	45292126	45292126
22	45292178	45292178
22	45308878	45308878
22	45313694	45313694
22	45315232	45315232
22	45318725	45318725
22	45319317	45319317
22	45322493	45322493
22	45322792	45322792
22	45326141	45326141
22	45330934	45330934
22	45331817	45331817
22	45332417	45332417
22	45333182	45333182
22	45337145	45337145
22	45339209	45339209
22	45341279	45341279
22	45345833	45345833
22	45353413	45353413
22	45354918	45354918
22	45386997	45386997
22	45388501	45388501
22	45395342	45395342
22	45395468	45395468
22	45397507	45397507
22	45397719	45397719
22	45406566	45406566
22	45408177	45408177
22	45409136	45409136
22	45415412	45415412
22	45415832	45415832
22	45415847	45415847
22	45416349	45416349
22	45421242	45421242
22	45421536	45421536
22	45426220	45426220
22	45427870	45427870
22	45431796	45431796
22	45435202	45435202
22	45441442	45441442
22	45447052	45447052
22	45449273	45449273
22	45453731	45453731
22	45454918	45454918
22	45456900	45456900
22	45457915	45457915
22	45458558	45458558
22	45458827	45458827
22	45461071	45461071
22	45463797	45463797
22	45465068	45465068
22	45469482	45469482
22	45469983	45469983
22	45471360	45471360
22	45472574	45472574
22	45475332	45475332
22	45475874	45475874
22	45484509	45484509
22	45491007	45491007
22	45491630	45491630
22	45497395	45497395
22	45501151	45501151
22	45503517	45503517
22	45505755	45505755
22	45513168	45513168
22	45518762	45518762
22	45518890	45518890
22	45522188	45522188
22	45523391	45523391
22	45525484	45525484
22	45527815	45527815
22	45527845	45527845
22	45528073	45528073
22	45532666	45532666
22	45534295	45534295
22	45558525	45558525
22	45566360	45566360
22	45566843	45566843
22	45567067	45567067
22	45568419	45568419
22	45579502	45579502
22	45588248	45588248
22	45589490	45589490
22	45590899	45590899
22	45592354	45592354
22	45596506	45596506
22	45602407	45602407
22	45606437	45606437
22	45608215	45608215
22	45609416	45609416
22	45621091	45621091
22	45622351	45622351
22	45623487	45623487
22	45623759	45623759
22	45629572	45629572
22	45630662	45630662
22	45642157	45642157
22	45642907	45642907
22	45644825	45644825
22	45645469	45645469
22	45648846	45648846
22	45651045	45651045
22	45660094	45660094
22	45660616	45660616
22	45663043	45663043
22	45665663	45665663
22	45670133	45670133
22	45671343	45671343
22	45672574	45672574
22	45674199	45674199
22	45675375	45675375
22	45676118	45676118
22	45676678	45676678
22	45680155	45680155
22	45680473	45680473
22	45682334	45682334
22	45682425	45682425
22	45682975	45682975
22	45683104	45683104
22	45683185	45683185
22	45684998	45684998
22	45685149	45685149
22	45686090	45686090
22	45689118	45689118
22	45690462	45690462
22	45693828	45693828
22	45711854	45711854
22	45725392	45725392
22	45726345	45726345
22	45731050	45731050
22	45733320	45733320
22	45738072	45738072
22	45742512	45742512
22	45744648	45744648
22	45752299	45752299
22	45757744	45757744
22	45781304	45781304
22	45789743	45789743
22	45794280	45794280
22	45804887	45804887
22	45811431	45811431
22	45813687	45813687
22	45814977	45814977
22	45817800	45817800
22	45821917	45821917
22	45822347	45822347
22	45830187	45830187
22	45836722	45836722
22	45838156	45838156
22	45846472	45846472
22	45851175	45851175
22	45853963	45853963
22	45856865	45856865
22	45856941	45856941
22	45858097	45858097
22	45864459	45864459
22	45871468	45871468
22	45878984	45878984
22	45879644	45879644
22	45881315	45881315
22	45884487	45884487
22	45892433	45892433
22	45894098	45894098
22	45899802	45899802
22	45903132	45903132
22	45904019	45904019
22	45905373	45905373
22	45908895	45908895
22	45912376	45912376
22	45913562	45913562
22	45914051	45914051
22	45916679	45916679
22	45922063	45922063
22	45922466	45922466
22	45926585	45926585
22	45928660	45928660
22	45929427	45929427
22	45931192	45931192
22	45937149	45937149
22	45942726	45942726
22	45945914	45945914
22	45946495	45946495
22	45959439	45959439
22	45959540	45959540
22	45965339	45965339
22	45967526	45967526
22	45969722	45969722
22	45970414	45970414
22	45970957	45970957
22	45971158	45971158
22	45971490	45971490
22	45971880	45971880
22	45972017	45972017
22	45972871	45972871
22	45972941	45972941
22	45974913	45974913
22	45978925	45978925
22	45980298	45980298
22	45985018	45985018
22	45985371	45985371
22	45986536	45986536
22	45989581	45989581
22	45992149	45992149
22	45993743	45993743
22	45994189	45994189
22	45996280	45996280
22	45996298	45996298
22	45997852	45997852
22	46002177	46002177
22	46002688	46002688
22	46005170	46005170
22	46009063	46009063
22	46010621	46010621
22	46013824	46013824
22	46022046	46022046
22	46023527	46023527
22	46026992	46026992
22	46031344	46031344
22	46035521	46035521
22	46038908	46038908
22	46042017	46042017
22	46044479	46044479
22	46045856	46045856
22	46049288	46049288
22	46055327	46055327
22	46069687	46069687
22	46070249	46070249
22	46078549	46078549
22	46080620	46080620
22	46084828	46084828
22	46085782	46085782
22	46094850	46094850
22	46096174	46096174
22	46096862	46096862
22	46107508	46107508
22	46126927	46126927
22	46136372	46136372
22	46144326	46144326
22	46144520	46144520
22	46145176	46145176
22	46151322	46151322
22	46154366	46154366
22	46164098	46164098
22	46172288	46172288
22	46174057	46174057
22	46177845	46177845
22	46178253	46178253
22	46185280	46185280
22	46194973	46194973
22	46196189	46196189
22	46202164	46202164
22	46206515	46206515
22	46225985	46225985
22	46235105	46235105
22	46235677	46235677
22	46237230	46237230
22	46238914	46238914
22	46238930	46238930
22	46251187	46251187
22	46251927	46251927
22	46255004	46255004
22	46256780	46256780
22	46257649	46257649
22	46259060	46259060
22	46259880	46259880
22	46261909	46261909
22	46262042	46262042
22	46266331	46266331
22	46270236	46270236
22	46273902	46273902
22	46274399	46274399
22	46275529	46275529
22	46281667	46281667
22	46283225	46283225
22	46290571	46290571
22	46292650	46292650
22	46292939	46292939
22	46293746	46293746
22	46294704	46294704
22	46297609	46297609
22	46298649	46298649
22	46302035	46302035
22	46303266	46303266
22	46304440	46304440
22	46307335	46307335
22	46310967	46310967
22	46313215	46313215
22	46313688	46313688
22	46316508	46316508
22	46318462	46318462
22	46320275	46320275
22	46323861	46323861
22	46324492	46324492
22	46324957	46324957
22	46325021	46325021
22	46325353	46325353
22	46325996	46325996
22	46327148	46327148
22	46330601	46330601
22	46334234	46334234
22	46338556	46338556
22	46339118	46339118
22	46346108	46346108
22	46346121	46346121
22	46347922	46347922
22	46348143	46348143
22	46348913	46348913
22	46351350	46351350
22	46353286	46353286
22	46356554	46356554
22	46360083	46360083
22	46363739	46363739
22	46364161	46364161
22	46365501	46365501
22	46365928	46365928
22	46366165	46366165
22	46375348	46375348
22	46378575	46378575
22	46379046	46379046
22	46379353	46379353
22	46381302	46381302
22	46385917	46385917
22	46387296	46387296
22	46391695	46391695
22	46391888	46391888
22	46394928	46394928
22	46398283	46398283
22	46400764	46400764
22	46403383	46403383
22	46407865	46407865
22	46414380	46414380
22	46421842	46421842
22	46422215	46422215
22	46422922	46422922
22	46428306	46428306
22	46439737	46439737
22	46442971	46442971
22	46447714	46447714
22	46448488	46448488
22	46458123	46458123
22	46459132	46459132
22	46461934	46461934
22	46469639	46469639
22	46470291	46470291
22	46473740	46473740
22	46475878	46475878
22	46477858	46477858
22	46480602	46480602
22	46482948	46482948
22	46486508	46486508
22	46487902	46487902
22	46490826	46490826
22	46496056	46496056
22	46510954	46510954
22	46513536	46513536
22	46515210	46515210
22	46520955	46520955
22	46523255	46523255
22	46525009	46525009
22	46525414	46525414
22	46529619	46529619
22	46539639	46539639
22	46553234	46553234
22	46553308	46553308
22	46555321	46555321
22	46562183	46562183
22	46564547	46564547
22	46564686	46564686
22	46567388	46567388
22	46574646	46574646
22	46582072	46582072
22	46594035	46594035
22	46595035	46595035
22	46598307	46598307
22	46604855	46604855
22	46610067	46610067
22	46610409	46610409
22	46614274	46614274
22	46625638	46625638
22	46627603	46627603
22	46628119	46628119
22	46630634	46630634
22	46644177	46644177
22	46652959	46652959
22	46657308	46657308
22	46664412	46664412
22	46665209	46665209
22	46675525	46675525
22	46676010	46676010
22	46684906	46684906
22	46699857	46699857
22	46708156	46708156
22	46714748	46714748
22	46721287	46721287
22	46731534	46731534
22	46731689	46731689
22	46732380	46732380
22	46746319	46746319
22	46748481	46748481
22	46749726	46749726
22	46751468	46751468
22	46751949	46751949
22	46755423	46755423
22	46756315	46756315
22	46760121	46760121
22	46760416	46760416
22	46761221	46761221
22	46762360	46762360
22	46762891	46762891
22	46762970	46762970
22	46762988	46762988
22	46765644	46765644
22	46773053	46773053
22	46776707	46776707
22	46776841	46776841
22	46780521	46780521
22	46786315	46786315
22	46787434	46787434
22	46790142	46790142
22	46793621	46793621
22	46794819	46794819
22	46795141	46795141
22	46797331	46797331
22	46799957	46799957
22	46805772	46805772
22	46813134	46813134
22	46813336	46813336
22	46814671	46814671
22	46817423	46817423
22	46823558	46823558
22	46823952	46823952
22	46825043	46825043
22	46827038	46827038
22	46829349	46829349
22	46829377	46829377
22	46829422	46829422
22	46829927	46829927
22	46831590	46831590
22	46831965	46831965
22	46832098	46832098
22	46835000	46835000
22	46835201	46835201
22	46835338	46835338
22	46835558	46835558
22	46837508	46837508
22	46838626	46838626
22	46839091	46839091
22	46846881	46846881
22	46847579	46847579
22	46854398	46854398
22	46854651	46854651
22	46855322	46855322
22	46857558	46857558
22	46858432	46858432
22	46858687	46858687
22	46858809	46858809
22	46867968	46867968
22	46869059	46869059
22	46869457	46869457
22	46870068	46870068
22	46873011	46873011
22	46876773	46876773
22	46876904	46876904
22	46879277	46879277
22	46883221	46883221
22	46883693	46883693
22	46886036	46886036
22	46890899	46890899
22	46896834	46896834
22	46898454	46898454
22	46905066	46905066
22	46906098	46906098
22	46909662	46909662
22	46910763	46910763
22	46912974	46912974
22	46913478	46913478
22	46914145	46914145
22	46914277	46914277
22	46915621	46915621
22	46916960	46916960
22	46919906	46919906
22	46921858	46921858
22	46922611	46922611
22	46924254	46924254
22	46929683	46929683
22	46929692	46929692
22	46929877	46929877
22	46929899	46929899
22	46930013	46930013
22	46930205	46930205
22	46930297	46930297
22	46930444	46930444
22	46930589	46930589
22	46930754	46930754
22	46930927	46930927
22	46930934	46930934
22	46931050	46931050
22	46931077	46931077
22	46936760	46936760
22	46939326	46939326
22	46943554	46943554
22	46947914	46947914
22	46961278	46961278
22	46964740	46964740
22	46969151	46969151
22	46969552	46969552
22	46980242	46980242
22	47013535	47013535
22	47015444	47015444
22	47021203	47021203
22	47026467	47026467
22	47034838	47034838
22	47041692	47041692
22	47053165	47053165
22	47059282	47059282
22	47063359	47063359
22	47070747	47070747
22	47077006	47077006
22	47081268	47081268
22	47081716	47081716
22	47082577	47082577
22	47091231	47091231
22	47091321	47091321
22	47092066	47092066
22	47093846	47093846
22	47094937	47094937
22	47095235	47095235
22	47098969	47098969
22	47104011	47104011
22	47104306	47104306
22	47105302	47105302
22	47106800	47106800
22	47108669	47108669
22	47112396	47112396
22	47114308	47114308
22	47114747	47114747
22	47115825	47115825
22	47137783	47137783
22	47138659	47138659
22	47142436	47142436
22	47142950	47142950
22	47144956	47144956
22	47146222	47146222
22	47150613	47150613
22	47150813	47150813
22	47159028	47159028
22	47171343	47171343
22	47171456	47171456
22	47182944	47182944
22	47183250	47183250
22	47190159	47190159
22	47230348	47230348
22	47236944	47236944
22	47238490	47238490
22	47241711	47241711
22	47249002	47249002
22	47249424	47249424
22	47250120	47250120
22	47264797	47264797
22	47268167	47268167
22	47272844	47272844
22	47275828	47275828
22	47276684	47276684
22	47278852	47278852
22	47282589	47282589
22	47284389	47284389
22	47287369	47287369
22	47288232	47288232
22	47288975	47288975
22	47292254	47292254
22	47295656	47295656
22	47297356	47297356
22	47297850	47297850
22	47298873	47298873
22	47299533	47299533
22	47300250	47300250
22	47301320	47301320
22	47302584	47302584
22	47304870	47304870
22	47308426	47308426
22	47308942	47308942
22	47308949	47308949
22	47308974	47308974
22	47309019	47309019
22	47309290	47309290
22	47309351	47309351
22	47327410	47327410
22	47332082	47332082
22	47335227	47335227
22	47335392	47335392
22	47340585	47340585
22	47342245	47342245
22	47344209	47344209
22	47344627	47344627
22	47346042	47346042
22	47349882	47349882
22	47350898	47350898
22	47351838	47351838
22	47363413	47363413
22	47370343	47370343
22	47371086	47371086
22	47374454	47374454
22	47376008	47376008
22	47381883	47381883
22	47382150	47382150
22	47386680	47386680
22	47386745	47386745
22	47387771	47387771
22	47392457	47392457
22	47397600	47397600
22	47408148	47408148
22	47409522	47409522
22	47410000	47410000
22	47410341	47410341
22	47411246	47411246
22	47413392	47413392
22	47414062	47414062
22	47419938	47419938
22	47422310	47422310
22	47434170	47434170
22	47439597	47439597
22	47440700	47440700
22	47440988	47440988
22	47446815	47446815
22	47446867	47446867
22	47447370	47447370
22	47450668	47450668
22	47454130	47454130
22	47454664	47454664
22	47458767	47458767
22	47460594	47460594
22	47464074	47464074
22	47464386	47464386
22	47471713	47471713
22	47476259	47476259
22	47489470	47489470
22	47492833	47492833
22	47497788	47497788
22	47502187	47502187
22	47503584	47503584
22	47514710	47514710
22	47516111	47516111
22	47517657	47517657
22	47523551	47523551
22	47529157	47529157
22	47530307	47530307
22	47532396	47532396
22	47535534	47535534
22	47539561	47539561
22	47541927	47541927
22	47548321	47548321
22	47556231	47556231
22	47557638	47557638
22	47559548	47559548
22	47565702	47565702
22	47567319	47567319
22	47568203	47568203
22	47573107	47573107
22	47575999	47575999
22	47576867	47576867
22	47579038	47579038
22	47585937	47585937
22	47592350	47592350
22	47595959	47595959
22	47601589	47601589
22	47604319	47604319
22	47604571	47604571
22	47609590	47609590
22	47609914	47609914
22	47618376	47618376
22	47625244	47625244
22	47631491	47631491
22	47635091	47635091
22	47636116	47636116
22	47642181	47642181
22	47642973	47642973
22	47643204	47643204
22	47653458	47653458
22	47653468	47653468
22	47653477	47653477
22	47653549	47653549
22	47655072	47655072
22	47656578	47656578
22	47657635	47657635
22	47668054	47668054
22	47669548	47669548
22	47671028	47671028
22	47671305	47671305
22	47673252	47673252
22	47675263	47675263
22	47676867	47676867
22	47679901	47679901
22	47683805	47683805
22	47688003	47688003
22	47688227	47688227
22	47691892	47691892
22	47692056	47692056
22	47696868	47696868
22	47706426	47706426
22	47709744	47709744
22	47711836	47711836
22	47712496	47712496
22	47721410	47721410
22	47724889	47724889
22	47728935	47728935
22	47731911	47731911
22	47735419	47735419
22	47747733	47747733
22	47748531	47748531
22	47748958	47748958
22	47756494	47756494
22	47757237	47757237
22	47758290	47758290
22	47763158	47763158
22	47765327	47765327
22	47765729	47765729
22	47767893	47767893
22	47770118	47770118
22	47777675	47777675
22	47780734	47780734
22	47783287	47783287
22	47785456	47785456
22	47787602	47787602
22	47788396	47788396
22	47788961	47788961
22	47797442	47797442
22	47800416	47800416
22	47817880	47817880
22	47820668	47820668
22	47823761	47823761
22	47827401	47827401
22	47830034	47830034
22	47830777	47830777
22	47831302	47831302
22	47837513	47837513
22	47839999	47839999
22	47840509	47840509
22	47851349	47851349
22	47851757	47851757
22	47852481	47852481
22	47852696	47852696
22	47853167	47853167
22	47857356	47857356
22	47861355	47861355
22	47864743	47864743
22	47864764	47864764
22	47870544	47870544
22	47874082	47874082
22	47875335	47875335
22	47876012	47876012
22	47880162	47880162
22	47885425	47885425
22	47890114	47890114
22	47894506	47894506
22	47896174	47896174
22	47898444	47898444
22	47898585	47898585
22	47909753	47909753
22	47921223	47921223
22	47931188	47931188
22	47931216	47931216
22	47932395	47932395
22	47937655	47937655
22	47937891	47937891
22	47940908	47940908
22	47941280	47941280
22	47942207	47942207
22	47942764	47942764
22	47944748	47944748
22	47946521	47946521
22	47946836	47946836
22	47950158	47950158
22	47957146	47957146
22	47958325	47958325
22	47959703	47959703
22	47961708	47961708
22	47962574	47962574
22	47973949	47973949
22	47976235	47976235
22	47981350	47981350
22	47983376	47983376
22	47983952	47983952
22	47984014	47984014
22	47985843	47985843
22	47986266	47986266
22	47987698	47987698
22	47987803	47987803
22	47989391	47989391
22	47990424	47990424
22	47993409	47993409
22	47995497	47995497
22	47997712	47997712
22	48001879	48001879
22	48008933	48008933
22	48010425	48010425
22	48010698	48010698
22	48016110	48016110
22	48022020	48022020
22	48022887	48022887
22	48025787	48025787
22	48028984	48028984
22	48032189	48032189
22	48036950	48036950
22	48047131	48047131
22	48065145	48065145
22	48070614	48070614
22	48071492	48071492
22	48077017	48077017
22	48084888	48084888
22	48093502	48093502
22	48112790	48112790
22	48119096	48119096
22	48120843	48120843
22	48121985	48121985
22	48131294	48131294
22	48132588	48132588
22	48133557	48133557
22	48138017	48138017
22	48144783	48144783
22	48145834	48145834
22	48148333	48148333
22	48153237	48153237
22	48162131	48162131
22	48162458	48162458
22	48164478	48164478
22	48174656	48174656
22	48177116	48177116
22	48180475	48180475
22	48181793	48181793
22	48182991	48182991
22	48184082	48184082
22	48187732	48187732
22	48188253	48188253
22	48190053	48190053
22	48193505	48193505
22	48196529	48196529
22	48202555	48202555
22	48207872	48207872
22	48207896	48207896
22	48209939	48209939
22	48212275	48212275
22	48214076	48214076
22	48216236	48216236
22	48216602	48216602
22	48222045	48222045
22	48225753	48225753
22	48231357	48231357
22	48237819	48237819
22	48238803	48238803
22	48248892	48248892
22	48250867	48250867
22	48250952	48250952
22	48255862	48255862
22	48256537	48256537
22	48258293	48258293
22	48269511	48269511
22	48274032	48274032
22	48274134	48274134
22	48276757	48276757
22	48281227	48281227
22	48282594	48282594
22	48284296	48284296
22	48284514	48284514
22	48285991	48285991
22	48287937	48287937
22	48295417	48295417
22	48307904	48307904
22	48309365	48309365
22	48311561	48311561
22	48312904	48312904
22	48314463	48314463
22	48317614	48317614
22	48318002	48318002
22	48318237	48318237
22	48319386	48319386
22	48320482	48320482
22	48320652	48320652
22	48321123	48321123
22	48324344	48324344
22	48327863	48327863
22	48329533	48329533
22	48334119	48334119
22	48336091	48336091
22	48343389	48343389
22	48345524	48345524
22	48352440	48352440
22	48363970	48363970
22	48367070	48367070
22	48371416	48371416
22	48371721	48371721
22	48371991	48371991
22	48381376	48381376
22	48385947	48385947
22	48387242	48387242
22	48390279	48390279
22	48392711	48392711
22	48393657	48393657
22	48395782	48395782
22	48396897	48396897
22	48397852	48397852
22	48403186	48403186
22	48404527	48404527
22	48409635	48409635
22	48413953	48413953
22	48414538	48414538
22	48416238	48416238
22	48421654	48421654
22	48434062	48434062
22	48434712	48434712
22	48444881	48444881
22	48446225	48446225
22	48452417	48452417
22	48454693	48454693
22	48457140	48457140
22	48471352	48471352
22	48473412	48473412
22	48477781	48477781
22	48478158	48478158
22	48483057	48483057
22	48483072	48483072
22	48491227	48491227
22	48492542	48492542
22	48493463	48493463
22	48494758	48494758
22	48495161	48495161
22	48496616	48496616
22	48501694	48501694
22	48509151	48509151
22	48510196	48510196
22	48510973	48510973
22	48514296	48514296
22	48514561	48514561
22	48529709	48529709
22	48530770	48530770
22	48533127	48533127
22	48534015	48534015
22	48538763	48538763
22	48540651	48540651
22	48546285	48546285
22	48548256	48548256
22	48557822	48557822
22	48567467	48567467
22	48580665	48580665
22	48584690	48584690
22	48587960	48587960
22	48590929	48590929
22	48591245	48591245
22	48591444	48591444
22	48594309	48594309
22	48598852	48598852
22	48599065	48599065
22	48600260	48600260
22	48602385	48602385
22	48603295	48603295
22	48605650	48605650
22	48605975	48605975
22	48607490	48607490
22	48607847	48607847
22	48609675	48609675
22	48615721	48615721
22	48617522	48617522
22	48621722	48621722
22	48622929	48622929
22	48624809	48624809
22	48630184	48630184
22	48631939	48631939
22	48634223	48634223
22	48636212	48636212
22	48637056	48637056
22	48640884	48640884
22	48642910	48642910
22	48645780	48645780
22	48646288	48646288
22	48649223	48649223
22	48651368	48651368
22	48657382	48657382
22	48658493	48658493
22	48658601	48658601
22	48658891	48658891
22	48659880	48659880
22	48665415	48665415
22	48667212	48667212
22	48671102	48671102
22	48672302	48672302
22	48675848	48675848
22	48677229	48677229
22	48677603	48677603
22	48677819	48677819
22	48679174	48679174
22	48684220	48684220
22	48687076	48687076
22	48689626	48689626
22	48689786	48689786
22	48691715	48691715
22	48695110	48695110
22	48696193	48696193
22	48698117	48698117
22	48699609	48699609
22	48701023	48701023
22	48701826	48701826
22	48705432	48705432
22	48707427	48707427
22	48708954	48708954
22	48709441	48709441
22	48713074	48713074
22	48715166	48715166
22	48715863	48715863
22	48717026	48717026
22	48717101	48717101
22	48719458	48719458
22	48722383	48722383
22	48723377	48723377
22	48725114	48725114
22	48725278	48725278
22	48725319	48725319
22	48726517	48726517
22	48728671	48728671
22	48729670	48729670
22	48739456	48739456
22	48741349	48741349
22	48742097	48742097
22	48746037	48746037
22	48747116	48747116
22	48749424	48749424
22	48750445	48750445
22	48752757	48752757
22	48757897	48757897
22	48762687	48762687
22	48766025	48766025
22	48766791	48766791
22	48768431	48768431
22	48768677	48768677
22	48775076	48775076
22	48781460	48781460
22	48782213	48782213
22	48793169	48793169
22	48793192	48793192
22	48793605	48793605
22	48799877	48799877
22	48800032	48800032
22	48801666	48801666
22	48804793	48804793
22	48809362	48809362
22	48810817	48810817
22	48811068	48811068
22	48814168	48814168
22	48815752	48815752
22	48816766	48816766
22	48818021	48818021
22	48819398	48819398
22	48819532	48819532
22	48820023	48820023
22	48822390	48822390
22	48823357	48823357
22	48826019	48826019
22	48828134	48828134
22	48828659	48828659
22	48830958	48830958
22	48831652	48831652
22	48832904	48832904
22	48835424	48835424
22	48835818	48835818
22	48836042	48836042
22	48836239	48836239
22	48836425	48836425
22	48837518	48837518
22	48837867	48837867
22	48838815	48838815
22	48842959	48842959
22	48844608	48844608
22	48844751	48844751
22	48851078	48851078
22	48852587	48852587
22	48855036	48855036
22	48855412	48855412
22	48857484	48857484
22	48871294	48871294
22	48872140	48872140
22	48872692	48872692
22	48873919	48873919
22	48875699	48875699
22	48877273	48877273
22	48888351	48888351
22	48892314	48892314
22	48894613	48894613
22	48896580	48896580
22	48897881	48897881
22	48901623	48901623
22	48903278	48903278
22	48906678	48906678
22	48908084	48908084
22	48911133	48911133
22	48911602	48911602
22	48921733	48921733
22	48928215	48928215
22	48929226	48929226
22	48929569	48929569
22	48929867	48929867
22	48930780	48930780
22	48934772	48934772
22	48940506	48940506
22	48940644	48940644
22	48941730	48941730
22	48943842	48943842
22	48949588	48949588
22	48955528	48955528
22	48958927	48958927
22	48960409	48960409
22	48965771	48965771
22	48970145	48970145
22	48974855	48974855
22	48975696	48975696
22	48976795	48976795
22	48977485	48977485
22	48979600	48979600
22	48982923	48982923
22	48984016	48984016
22	48989851	48989851
22	48990016	48990016
22	48990325	48990325
22	48994925	48994925
22	48998731	48998731
22	49003874	49003874
22	49004138	49004138
22	49004395	49004395
22	49006685	49006685
22	49008816	49008816
22	49009460	49009460
22	49010940	49010940
22	49011701	49011701
22	49012304	49012304
22	49012662	49012662
22	49013430	49013430
22	49019380	49019380
22	49020010	49020010
22	49027446	49027446
22	49028388	49028388
22	49028732	49028732
22	49033025	49033025
22	49033984	49033984
22	49035766	49035766
22	49036323	49036323
22	49041016	49041016
22	49043912	49043912
22	49045770	49045770
22	49048646	49048646
22	49049468	49049468
22	49050435	49050435
22	49055167	49055167
22	49056438	49056438
22	49059226	49059226
22	49060976	49060976
22	49060994	49060994
22	49061028	49061028
22	49062315	49062315
22	49065116	49065116
22	49065630	49065630
22	49065704	49065704
22	49065939	49065939
22	49065944	49065944
22	49068081	49068081
22	49068935	49068935
22	49069693	49069693
22	49072727	49072727
22	49074301	49074301
22	49076187	49076187
22	49076564	49076564
22	49078213	49078213
22	49078382	49078382
22	49080458	49080458
22	49080775	49080775
22	49083660	49083660
22	49085175	49085175
22	49085205	49085205
22	49086346	49086346
22	49086481	49086481
22	49096694	49096694
22	49097331	49097331
22	49099451	49099451
22	49099888	49099888
22	49102667	49102667
22	49108592	49108592
22	49109677	49109677
22	49118535	49118535
22	49118598	49118598
22	49120754	49120754
22	49123661	49123661
22	49128427	49128427
22	49137410	49137410
22	49145128	49145128
22	49146379	49146379
22	49150068	49150068
22	49150324	49150324
22	49151839	49151839
22	49153809	49153809
22	49155087	49155087
22	49157079	49157079
22	49158148	49158148
22	49163067	49163067
22	49163473	49163473
22	49169259	49169259
22	49171081	49171081
22	49174803	49174803
22	49175009	49175009
22	49176220	49176220
22	49176977	49176977
22	49177358	49177358
22	49178339	49178339
22	49178786	49178786
22	49179546	49179546
22	49179673	49179673
22	49181676	49181676
22	49189233	49189233
22	49191060	49191060
22	49194740	49194740
22	49195316	49195316
22	49195990	49195990
22	49196699	49196699
22	49201009	49201009
22	49201452	49201452
22	49203073	49203073
22	49203076	49203076
22	49203159	49203159
22	49203503	49203503
22	49203679	49203679
22	49203968	49203968
22	49205090	49205090
22	49209360	49209360
22	49212470	49212470
22	49212730	49212730
22	49216289	49216289
22	49217784	49217784
22	49220704	49220704
22	49225538	49225538
22	49226374	49226374
22	49231540	49231540
22	49233543	49233543
22	49235593	49235593
22	49238096	49238096
22	49241330	49241330
22	49241617	49241617
22	49241664	49241664
22	49248329	49248329
22	49256037	49256037
22	49260105	49260105
22	49261591	49261591
22	49262021	49262021
22	49262144	49262144
22	49262255	49262255
22	49262579	49262579
22	49262584	49262584
22	49262840	49262840
22	49263108	49263108
22	49263117	49263117
22	49263192	49263192
22	49264313	49264313
22	49264574	49264574
22	49264683	49264683
22	49264754	49264754
22	49266666	49266666
22	49270838	49270838
22	49272303	49272303
22	49273804	49273804
22	49275828	49275828
22	49279149	49279149
22	49279277	49279277
22	49281965	49281965
22	49286706	49286706
22	49289448	49289448
22	49294205	49294205
22	49295721	49295721
22	49298989	49298989
22	49302644	49302644
22	49302696	49302696
22	49305099	49305099
22	49305789	49305789
22	49305921	49305921
22	49313561	49313561
22	49316305	49316305
22	49318696	49318696
22	49321780	49321780
22	49322837	49322837
22	49325245	49325245
22	49326715	49326715
22	49328393	49328393
22	49330313	49330313
22	49335065	49335065
22	49335106	49335106
22	49335738	49335738
22	49338292	49338292
22	49339311	49339311
22	49340712	49340712
22	49340942	49340942
22	49341179	49341179
22	49341458	49341458
22	49341733	49341733
22	49342625	49342625
22	49343781	49343781
22	49344361	49344361
22	49347077	49347077
22	49348797	49348797
22	49351462	49351462
22	49352846	49352846
22	49353557	49353557
22	49356638	49356638
22	49360424	49360424
22	49362958	49362958
22	49363020	49363020
22	49363742	49363742
22	49363925	49363925
22	49364481	49364481
22	49364780	49364780
22	49365356	49365356
22	49365517	49365517
22	49369775	49369775
22	49369993	49369993
22	49370365	49370365
22	49375244	49375244
22	49375523	49375523
22	49377893	49377893
22	49393541	49393541
22	49395865	49395865
22	49396259	49396259
22	49396512	49396512
22	49398026	49398026
22	49403008	49403008
22	49404049	49404049
22	49405594	49405594
22	49408735	49408735
22	49411595	49411595
22	49417110	49417110
22	49418050	49418050
22	49419778	49419778
22	49419807	49419807
22	49419902	49419902
22	49422075	49422075
22	49422263	49422263
22	49422362	49422362
22	49430125	49430125
22	49433983	49433983
22	49434131	49434131
22	49434803	49434803
22	49438481	49438481
22	49438550	49438550
22	49438931	49438931
22	49446616	49446616
22	49448164	49448164
22	49448476	49448476
22	49450895	49450895
22	49450949	49450949
22	49451866	49451866
22	49451932	49451932
22	49454022	49454022
22	49459944	49459944
22	49465735	49465735
22	49467831	49467831
22	49484533	49484533
22	49485723	49485723
22	49486490	49486490
22	49487114	49487114
22	49491078	49491078
22	49492784	49492784
22	49494989	49494989
22	49499223	49499223
22	49504790	49504790
22	49504833	49504833
22	49505505	49505505
22	49511953	49511953
22	49512664	49512664
22	49513663	49513663
22	49514228	49514228
22	49518724	49518724
22	49522372	49522372
22	49526445	49526445
22	49529366	49529366
22	49529458	49529458
22	49530425	49530425
22	49532043	49532043
22	49533337	49533337
22	49535105	49535105
22	49544961	49544961
22	49545244	49545244
22	49552804	49552804
22	49552877	49552877
22	49554338	49554338
22	49557457	49557457
22	49557996	49557996
22	49558756	49558756
22	49559160	49559160
22	49559242	49559242
22	49559827	49559827
22	49559888	49559888
22	49564068	49564068
22	49565418	49565418
22	49565879	49565879
22	49566426	49566426
22	49570399	49570399
22	49570587	49570587
22	49571596	49571596
22	49573394	49573394
22	49573417	49573417
22	49574991	49574991
22	49578082	49578082
22	49578486	49578486
22	49580450	49580450
22	49580899	49580899
22	49581463	49581463
22	49585153	49585153
22	49587368	49587368
22	49589243	49589243
22	49590045	49590045
22	49591443	49591443
22	49591786	49591786
22	49591992	49591992
22	49592595	49592595
22	49593847	49593847
22	49594143	49594143
22	49594179	49594179
22	49595756	49595756
22	49597244	49597244
22	49597724	49597724
22	49597864	49597864
22	49597914	49597914
22	49597935	49597935
22	49602052	49602052
22	49603484	49603484
22	49603693	49603693
22	49605428	49605428
22	49610157	49610157
22	49614349	49614349
22	49615418	49615418
22	49622767	49622767
22	49625210	49625210
22	49625895	49625895
22	49631217	49631217
22	49634468	49634468
22	49636259	49636259
22	49640648	49640648
22	49642262	49642262
22	49643618	49643618
22	49649814	49649814
22	49652767	49652767
22	49653029	49653029
22	49656585	49656585
22	49657976	49657976
22	49658154	49658154
22	49658337	49658337
22	49658926	49658926
22	49658998	49658998
22	49659547	49659547
22	49659604	49659604
22	49659772	49659772
22	49661137	49661137
22	49663540	49663540
22	49665638	49665638
22	49665841	49665841
22	49666841	49666841
22	49668364	49668364
22	49671776	49671776
22	49676609	49676609
22	49677646	49677646
22	49679865	49679865
22	49681231	49681231
22	49684807	49684807
22	49685240	49685240
22	49686438	49686438
22	49688184	49688184
22	49689312	49689312
22	49691300	49691300
22	49695492	49695492
22	49696067	49696067
22	49699362	49699362
22	49701946	49701946
22	49702017	49702017
22	49703261	49703261
22	49703976	49703976
22	49708767	49708767
22	49710325	49710325
22	49715710	49715710
22	49718544	49718544
22	49720737	49720737
22	49722925	49722925
22	49725751	49725751
22	49727753	49727753
22	49729390	49729390
22	49733217	49733217
22	49739725	49739725
22	49740368	49740368
22	49740746	49740746
22	49741209	49741209
22	49741960	49741960
22	49742889	49742889
22	49743605	49743605
22	49746231	49746231
22	49746915	49746915
22	49747722	49747722
22	49749712	49749712
22	49751418	49751418
22	49754109	49754109
22	49754325	49754325
22	49757783	49757783
22	49759734	49759734
22	49764048	49764048
22	49764893	49764893
22	49766197	49766197
22	49767024	49767024
22	49769729	49769729
22	49770061	49770061
22	49774002	49774002
22	49776599	49776599
22	49777104	49777104
22	49777680	49777680
22	49778214	49778214
22	49783907	49783907
22	49784591	49784591
22	49785676	49785676
22	49786016	49786016
22	49788186	49788186
22	49790713	49790713
22	49791515	49791515
22	49791853	49791853
22	49795510	49795510
22	49796800	49796800
22	49797422	49797422
22	49798468	49798468
22	49799427	49799427
22	49800445	49800445
22	49800639	49800639
22	49800746	49800746
22	49801770	49801770
22	49802450	49802450
22	49803108	49803108
22	49803587	49803587
22	49807960	49807960
22	49809716	49809716
22	49812076	49812076
22	49812502	49812502
22	49816283	49816283
22	49817197	49817197
22	49818270	49818270
22	49818315	49818315
22	49823026	49823026
22	49823224	49823224
22	49823400	49823400
22	49825733	49825733
22	49825947	49825947
22	49829118	49829118
22	49832070	49832070
22	49832693	49832693
22	49833933	49833933
22	49835087	49835087
22	49836765	49836765
22	49837653	49837653
22	49840474	49840474
22	49840983	49840983
22	49841479	49841479
22	49843524	49843524
22	49847719	49847719
22	49847736	49847736
22	49848016	49848016
22	49848716	49848716
22	49849388	49849388
22	49849407	49849407
22	49849834	49849834
22	49851802	49851802
22	49853431	49853431
22	49854245	49854245
22	49854803	49854803
22	49874196	49874196
22	49874509	49874509
22	49876600	49876600
22	49878719	49878719
22	49880870	49880870
22	49882219	49882219
22	49883061	49883061
22	49888301	49888301
22	49890246	49890246
22	49895891	49895891
22	49899208	49899208
22	49901566	49901566
22	49906692	49906692
22	49907424	49907424
22	49909658	49909658
22	49912350	49912350
22	49912406	49912406
22	49915072	49915072
22	49915815	49915815
22	49916533	49916533
22	49917098	49917098
22	49917935	49917935
22	49921566	49921566
22	49924929	49924929
22	49925841	49925841
22	49926464	49926464
22	49927745	49927745
22	49927924	49927924
22	49928169	49928169
22	49929202	49929202
22	49930353	49930353
22	49937184	49937184
22	49937914	49937914
22	49939309	49939309
22	49942573	49942573
22	49946905	49946905
22	49950208	49950208
22	49951037	49951037
22	49963596	49963596
22	49965048	49965048
22	49968720	49968720
22	49977172	49977172
22	49977768	49977768
22	49985339	49985339
22	49994044	49994044
22	49996915	49996915
22	50000058	50000058
22	50002290	50002290
22	50016519	50016519
22	50017234	50017234
22	50021973	50021973
22	50027456	50027456
22	50030043	50030043
22	50034660	50034660
22	50036206	50036206
22	50044226	50044226
22	50048642	50048642
22	50056815	50056815
22	50058022	50058022
22	50058635	50058635
22	50066750	50066750
22	50069833	50069833
22	50071817	50071817
22	50072710	50072710
22	50073254	50073254
22	50073603	50073603
22	50076099	50076099
22	50077531	50077531
22	50079434	50079434
22	50083650	50083650
22	50083962	50083962
22	50084443	50084443
22	50084765	50084765
22	50085210	50085210
22	50088272	50088272
22	50092148	50092148
22	50100581	50100581
22	50103845	50103845
22	50109212	50109212
22	50110334	50110334
22	50113185	50113185
22	50117191	50117191
22	50118945	50118945
22	50119275	50119275
22	50123003	50123003
22	50124094	50124094
22	50129308	50129308
22	50133226	50133226
22	50142299	50142299
22	50145276	50145276
22	50147936	50147936
22	50151080	50151080
22	50151927	50151927
22	50153363	50153363
22	50154629	50154629
22	50157112	50157112
22	50161157	50161157
22	50164438	50164438
22	50166642	50166642
22	50167652	50167652
22	50169205	50169205
22	50169421	50169421
22	50172597	50172597
22	50181050	50181050
22	50183162	50183162
22	50194348	50194348
22	50202124	50202124
22	50219186	50219186
22	50219447	50219447
22	50222348	50222348
22	50225761	50225761
22	50232527	50232527
22	50240010	50240010
22	50249677	50249677
22	50252076	50252076
22	50254413	50254413
22	50259686	50259686
22	50260904	50260904
22	50266156	50266156
22	50273790	50273790
22	50277523	50277523
22	50278936	50278936
22	50281187	50281187
22	50281972	50281972
22	50297888	50297888
22	50298118	50298118
22	50304136	50304136
22	50307162	50307162
22	50313452	50313452
22	50314970	50314970
22	50315363	50315363
22	50315726	50315726
22	50317296	50317296
22	50317401	50317401
22	50321290	50321290
22	50321623	50321623
22	50324154	50324154
22	50324403	50324403
22	50324428	50324428
22	50330345	50330345
22	50332324	50332324
22	50334870	50334870
22	50340080	50340080
22	50341729	50341729
22	50342295	50342295
22	50345080	50345080
22	50345509	50345509
22	50345729	50345729
22	50347850	50347850
22	50347996	50347996
22	50350697	50350697
22	50350971	50350971
22	50351837	50351837
22	50351977	50351977
22	50363413	50363413
22	50417668	50417668
22	50435480	50435480
22	50439626	50439626
22	50441993	50441993
22	50443039	50443039
22	50446550	50446550
22	50448050	50448050
22	50454914	50454914
22	50456312	50456312
22	50456791	50456791
22	50458664	50458664
22	50463231	50463231
22	50465324	50465324
22	50468220	50468220
22	50470516	50470516
22	50472838	50472838
22	50473055	50473055
22	50474857	50474857
22	50478828	50478828
22	50488547	50488547
22	50490935	50490935
22	50492235	50492235
22	50498869	50498869
22	50499957	50499957
22	50500375	50500375
22	50501059	50501059
22	50503063	50503063
22	50504446	50504446
22	50506385	50506385
22	50506936	50506936
22	50508781	50508781
22	50511819	50511819
22	50512705	50512705
22	50523745	50523745
22	50546467	50546467
22	50546485	50546485
22	50552012	50552012
22	50556487	50556487
22	50564750	50564750
22	50579489	50579489
22	50582868	50582868
22	50583361	50583361
22	50584130	50584130
22	50587979	50587979
22	50588313	50588313
22	50595842	50595842
22	50601063	50601063
22	50601721	50601721
22	50610598	50610598
22	50614342	50614342
22	50619422	50619422
22	50620200	50620200
22	50627253	50627253
22	50628996	50628996
22	50632963	50632963
22	50643671	50643671
22	50655543	50655543
22	50655676	50655676
22	50656736	50656736
22	50657206	50657206
22	50658082	50658082
22	50659094	50659094
22	50659480	50659480
22	50659481	50659481
22	50659595	50659595
22	50659598	50659598
22	50660972	50660972
22	50663015	50663015
22	50664312	50664312
22	50664797	50664797
22	50667982	50667982
22	50675962	50675962
22	50676259	50676259
22	50678739	50678739
22	50682215	50682215
22	50682644	50682644
22	50686830	50686830
22	50688573	50688573
22	50689460	50689460
22	50693939	50693939
22	50694529	50694529
22	50694568	50694568
22	50695594	50695594
22	50695615	50695615
22	50696662	50696662
22	50696678	50696678
22	50697119	50697119
22	50699625	50699625
22	50704028	50704028
22	50704661	50704661
22	50708291	50708291
22	50709226	50709226
22	50709415	50709415
22	50709495	50709495
22	50715888	50715888
22	50717787	50717787
22	50721492	50721492
22	50724504	50724504
22	50726627	50726627
22	50728062	50728062
22	50728966	50728966
22	50734244	50734244
22	50739049	50739049
22	50750481	50750481
22	50754363	50754363
22	50754512	50754512
22	50774042	50774042
22	50799684	50799684
22	50802699	50802699
22	50814075	50814075
22	50814524	50814524
22	50815903	50815903
22	50817485	50817485
22	50820671	50820671
22	50827756	50827756
22	50830044	50830044
22	50832366	50832366
22	50853008	50853008
22	50853021	50853021
22	50856222	50856222
22	50857832	50857832
22	50861913	50861913
22	50867109	50867109
22	50868013	50868013
22	50873415	50873415
22	50873450	50873450
22	50874873	50874873
22	50876612	50876612
22	50876640	50876640
22	50876662	50876662
22	50876761	50876761
22	50878409	50878409
22	50882338	50882338
22	50882671	50882671
22	50890009	50890009
22	50892415	50892415
22	50893019	50893019
22	50893781	50893781
22	50900775	50900775
22	50902390	50902390
22	50910875	50910875
22	50911723	50911723
22	50921758	50921758
22	50923868	50923868
22	50925672	50925672
22	50927956	50927956
22	50928005	50928005
22	50928012	50928012
22	50928331	50928331
22	50929581	50929581
22	50930266	50930266
22	50937445	50937445
22	50942277	50942277
22	50944045	50944045
22	50947611	50947611
22	50951347	50951347
22	50952989	50952989
22	50955615	50955615
22	50957733	50957733
22	50960682	50960682
22	50964236	50964236
22	50964255	50964255
22	50966914	50966914
22	50967020	50967020
22	50971266	50971266
22	50971752	50971752
22	50976754	50976754
22	50983936	50983936
22	50986647	50986647
22	50987353	50987353
22	50988376	50988376
22	50989678	50989678
22	50991033	50991033
22	50996147	50996147
22	50996156	50996156
22	50997261	50997261
22	50999490	50999490
22	51000346	51000346
22	51008925	51008925
22	51011241	51011241
22	51015572	51015572
22	51015838	51015838
22	51024624	51024624
22	51025326	51025326
22	51026405	51026405
22	51035829	51035829
22	51035885	51035885
22	51039317	51039317
22	51043278	51043278
22	51046189	51046189
22	51048721	51048721
22	51049171	51049171
22	51052379	51052379
22	51054264	51054264
22	51055900	51055900
22	51057923	51057923
22	51061827	51061827
22	51063477	51063477
22	51063806	51063806
22	51064039	51064039
22	51064067	51064067
22	51064068	51064068
22	51064416	51064416
22	51064489	51064489
22	51065266	51065266
22	51065287	51065287
22	51065341	51065341
22	51072161	51072161
22	51072289	51072289
22	51079446	51079446
22	51094492	51094492
22	51101938	51101938
22	51104680	51104680
22	51105556	51105556
22	51109616	51109616
22	51111460	51111460
22	51117580	51117580
22	51123287	51123287
22	51123505	51123505
22	51128648	51128648
22	51134387	51134387
22	51139380	51139380
22	51140316	51140316
22	51143191	51143191
22	51143287	51143287
22	51143462	51143462
22	51143508	51143508
22	51143520	51143520
22	51145746	51145746
22	51153371	51153371
22	51154141	51154141
22	51157353	51157353
22	51159408	51159408
22	51159624	51159624
22	51160140	51160140
22	51160539	51160539
22	51160707	51160707
22	51162059	51162059
22	51166043	51166043
22	51174939	51174939
22	51176734	51176734
22	51177022	51177022
22	51177257	51177257
22	51177818	51177818
22	51186276	51186276
22	51187440	51187440
22	51198027	51198027
22	51214796	51214796
