rsid,chromosome,position,genotype
esv3647175;esv3647176;esv3647177;esv3647178,22,16050654,NN
rs117246541,22,16055122,NN
rs138295790,22,16057310,NN
rs200375190,22,16287784,NN
rs189691017,22,16486963,NN
rs187463635,22,16495458,NN
rs4911642,22,16504399,NN
rs5747010,22,16855618,NN
rs62636009,22,16856901,NN
rs369330203,22,16868036,NN
rs140903718,22,16872547,NN
rs190051309,22,16874656,NN
esv3647183;esv3647184,22,16877183,NN
rs117259337,22,16886339,NN
rs1807483,22,16888577,NN
rs13053962,22,16890136,NN
rs147574439,22,16897695,NN
rs192728954,22,16898857,NN
rs139910426,22,16905946,NN
rs7286836,22,16938376,NN
esv3647188;esv3647189,22,17006397,NN
rs9604821,22,17012935,NN
esv3647191;esv3647192,22,17034911,NN
rs9605903,22,17054720,NN
rs3729688,22,17055569,NN
rs5746643,22,17056038,NN
rs149971849,22,17061371,NN
rs112574411,22,17063176,NN
rs5993499,22,17068748,NN
rs13053626,22,17070109,NN
esv3647193;esv3647194,22,17071709,NN
rs139948519,22,17072347,NN
rs41277596,22,17072411,NN
rs2070503,22,17073475,NN
rs5747999,22,17075353,NN
rs111636940,22,17079911,NN
rs111736353,22,17091621,NN
rs2096537,22,17094749,NN
rs148392464,22,17099273,NN
rs118071156,22,17100439,NN
rs9606008,22,17102604,NN
esv3647195,22,17107196,NN
rs117430084,22,17108381,NN
rs147153575,22,17116070,NN
rs10427681,22,17119450,NN
rs17347266,22,17128441,NN
rs186819369,22,17177594,NN
rs202098051,22,17178015,NN
rs117639349,22,17196213,NN
rs73376170,22,17199044,NN
rs147020688,22,17199548,NN
rs2845381,22,17203532,NN
rs62227176,22,17211331,NN
rs2845344,22,17212553,NN
rs76031193,22,17217247,NN
rs75472623,22,17217317,NN
rs1807512,22,17221495,NN
rs2529895,22,17222934,NN
rs4819880,22,17223938,NN
rs5748593,22,17227461,NN
esv3647196,22,17276394,NN
rs5748642,22,17278928,NN
rs2072466,22,17289118,NN
rs874836,22,17301843,NN
rs2192431,22,17303596,NN
rs9606482,22,17317299,NN
rs5746906,22,17318333,NN
rs9618899,22,17318728,NN
rs165778,22,17319156,NN
rs165927,22,17326914,NN
rs9617920,22,17327157,NN
rs5748684,22,17337527,NN
rs165886,22,17339003,NN
rs1974654,22,17340419,NN
esv3647198;esv3647199,22,17377832,NN
esv3647200,22,17387253,NN
esv3647201;esv3647202,22,17387545,NN
rs5748730,22,17388093,NN
rs142725680,22,17392955,NN
rs7293026,22,17398800,NN
rs8136206,22,17399211,NN
rs79623605,22,17408459,NN
rs9618937,22,17414640,NN
esv3647204,22,17420222,NN
rs2385785,22,17427037,NN
rs116953556,22,17427455,NN
rs1981707,22,17429384,NN
rs5748762,22,17434521,NN
esv3647206,22,17436084,NN
rs76025168,22,17437133,NN
rs9606550,22,17443179,NN
rs80020649,22,17443370,NN
rs117673209,22,17444407,NN
rs56349544,22,17446715,NN
rs4819925,22,17446991,NN
rs17806562,22,17450247,NN
rs61741409,22,17450929,NN
rs11703655,22,17450952,NN
rs5992600,22,17451710,NN
rs144427521,22,17468918,NN
rs184309697,22,17469170,NN
rs11704768,22,17469558,NN
rs5748787,22,17474773,NN
rs77961763,22,17476147,NN
rs11913227,22,17489890,NN
rs10439907,22,17491584,NN
rs917838,22,17492452,NN
rs62237429,22,17492987,NN
rs5746962,22,17493520,NN
rs10483090,22,17539678,NN
rs73149809,22,17542150,NN
esv3647208,22,17550215,NN
rs112010533,22,17550694,NN
rs76113509,22,17561569,NN
rs4819956,22,17561913,NN
rs188011408,22,17562404,NN
rs1990502,22,17573272,NN
rs9605215,22,17579013,NN
rs9606614,22,17579956,NN
rs142199303,22,17581286,NN
rs2241044,22,17581838,NN
rs140221307,22,17586757,NN
rs879577,22,17589209,NN
rs146478431,22,17589283,NN
rs201450930,22,17589412,NN
rs41529049,22,17589602,NN
rs12484684,22,17589794,NN
rs79403391,22,17597501,NN
rs13056456,22,17600293,NN
rs3827295,22,17600497,NN
rs61741012,22,17600689,NN
rs28360663,22,17603503,NN
rs5748875,22,17605899,NN
rs74276301,22,17610214,NN
rs5748883,22,17611515,NN
rs4819558,22,17616217,NN
rs145985464,22,17616475,NN
rs5994175,22,17618142,NN
rs740422,22,17619292,NN
rs41282459,22,17619393,NN
rs5747007,22,17620130,NN
rs143527452,22,17622020,NN
rs5747008,22,17623408,NN
rs35665085,22,17625915,NN
rs181942834,22,17625970,NN
rs2286956,22,17630378,NN
esv3647209,22,17632719,NN
rs11912533,22,17635874,NN
rs79822985,22,17639837,NN
rs7287672,22,17640045,NN
rs5748921,22,17645139,NN
rs73383947,22,17647520,NN
rs5748926,22,17649774,NN
rs72490628,22,17649805,NN
rs7287046,22,17653020,NN
rs5748928,22,17654068,NN
esv3647210,22,17655140,NN
rs1076102,22,17658341,NN
rs73385926,22,17661372,NN
rs61744537,22,17662767,NN
rs186147069,22,17662849,NN
rs74981457,22,17664307,NN
rs7288243,22,17666839,NN
rs7284498,22,17669199,NN
rs116020027,22,17669245,NN
rs2231495,22,17669306,NN
rs5992636,22,17670224,NN
rs2286347,22,17671052,NN
rs4819973,22,17674117,NN
rs5992637,22,17675900,NN
rs17807317,22,17680519,NN
rs80063454,22,17680656,NN
rs1076106,22,17682294,NN
rs199567025,22,17684628,NN
rs362129,22,17690409,NN
rs28607941,22,17694949,NN
rs5748955,22,17698173,NN
rs9619019,22,17701304,NN
rs737967,22,17702778,NN
esv3647212,22,17709097,NN
rs5994213,22,17709828,NN
rs4819565,22,17713433,NN
rs116724636,22,17714006,NN
rs78588065,22,17714985,NN
rs34611736,22,17715095,NN
rs5748974,22,17717841,NN
rs9605241,22,17722053,NN
rs727188,22,17722982,NN
rs117577985,22,17723712,NN
rs62236465,22,17723899,NN
rs5747037,22,17724093,NN
rs4819980,22,17725150,NN
rs62236466,22,17725899,NN
rs5747039,22,17726469,NN
rs118191071,22,17727015,NN
rs4819982,22,17727648,NN
rs5748987,22,17728523,NN
rs8138422,22,17728832,NN
rs9605246,22,17731977,NN
rs9606669,22,17733896,NN
rs114035176,22,17735864,NN
esv3647213,22,17737812,NN
rs5749000,22,17738177,NN
rs10433302,22,17738321,NN
rs73876679,22,17741701,NN
rs148312974,22,17751002,NN
rs116486267,22,17753699,NN
rs73387664,22,17762499,NN
rs5749010,22,17765505,NN
rs5747052,22,17766437,NN
rs11704699,22,17770181,NN
rs144133100,22,17780484,NN
rs4819994,22,17781555,NN
rs139064893,22,17783420,NN
rs12160031,22,17784602,NN
rs737972,22,17785199,NN
rs16982280,22,17785224,NN
rs116977206,22,17789796,NN
rs4819996,22,17790731,NN
rs11089427,22,17790906,NN
rs117379082,22,17792855,NN
rs5994254,22,17793206,NN
rs148829317,22,17797691,NN
rs5994256,22,17798800,NN
rs78597019,22,17800461,NN
rs5992662,22,17803872,NN
rs149769792,22,17816691,NN
rs115079653,22,17818807,NN
rs5749039,22,17818894,NN
rs10854596,22,17818918,NN
rs12483852,22,17827558,NN
rs117946543,22,17827613,NN
rs2040692,22,17831813,NN
rs5749050,22,17834655,NN
rs118128386,22,17839775,NN
rs4413243,22,17840791,NN
rs4607032,22,17841068,NN
rs7286608,22,17845261,NN
rs73153485,22,17846148,NN
rs73876413,22,17849249,NN
rs116898257,22,17850483,NN
rs9618000,22,17853714,NN
rs5992678,22,17858763,NN
rs5746359,22,17860048,NN
rs73153490,22,17860359,NN
rs11089174,22,17861131,NN
rs5992035,22,17861535,NN
rs79868360,22,17868593,NN
rs75103738,22,17874348,NN
rs76782662,22,17876723,NN
rs7510854,22,17877985,NN
esv3647218,22,17879447,NN
rs73153496,22,17881271,NN
rs5747103,22,17883220,NN
rs17808603,22,17886806,NN
rs5746366,22,17890558,NN
rs9605284,22,17891234,NN
rs78287228,22,17892060,NN
rs5992044,22,17895051,NN
rs16982400,22,17897544,NN
rs77992734,22,17898183,NN
rs5992045,22,17898402,NN
rs141284693,22,17898545,NN
rs201584534,22,17898554,NN
rs2078734,22,17901683,NN
rs2518732,22,17901925,NN
rs2518734,22,17901940,NN
rs5747122,22,17903914,NN
rs929167,22,17903917,NN
rs73876434,22,17907583,NN
rs1981533,22,17910586,NN
rs74980225,22,17914757,NN
rs5992707,22,17915744,NN
rs10460749,22,17916116,NN
rs5992708,22,17916235,NN
rs117622360,22,17924567,NN
rs78857836,22,17929594,NN
rs2157720,22,17932686,NN
rs5747171,22,17936911,NN
rs5746410,22,17945922,NN
rs66471604,22,17946058,NN
rs2522288,22,17946168,NN
rs17741035,22,17952520,NN
rs5747199,22,17958221,NN
rs78110804,22,17965444,NN
rs187752312,22,17967498,NN
rs182513499,22,17979673,NN
rs78771124,22,17984525,NN
rs1296754,22,17985560,NN
esv3647220,22,17985841,NN
rs9604751,22,17986344,NN
rs8141657,22,17988394,NN
rs5747211,22,17990852,NN
rs149739505,22,17990861,NN
rs61745636,22,17990875,NN
rs17741273,22,17992309,NN
rs16982577,22,17992460,NN
esv3647221,22,17993930,NN
rs174306,22,17999158,NN
rs695813,22,18002042,NN
rs138101258,22,18003181,NN
rs73159550,22,18003341,NN
rs1296778,22,18005947,NN
rs174330,22,18009909,NN
rs2401125,22,18010945,NN
rs1974713,22,18013723,NN
rs2018494,22,18015567,NN
rs117791365,22,18016012,NN
rs174335,22,18016508,NN
rs116033717,22,18018821,NN
rs5992732,22,18020796,NN
rs1296794,22,18021604,NN
rs1296795,22,18021760,NN
rs41277560,22,18022046,NN
rs191800029,22,18022060,NN
rs144189023,22,18022063,NN
rs184884527,22,18024787,NN
rs55951662,22,18025719,NN
rs141354988,22,18028794,NN
rs142851999,22,18029251,NN
rs62238766,22,18029408,NN
rs1296801,22,18030738,NN
rs181553013,22,18031793,NN
rs174346,22,18036253,NN
rs174347,22,18036388,NN
rs148136596,22,18042154,NN
rs12483850,22,18046944,NN
rs412830,22,18049681,NN
rs1296809,22,18050386,NN
rs1296810,22,18054369,NN
rs9306195,22,18055380,NN
esv3647224,22,18057747,NN
rs144913740,22,18057922,NN
esv3647225,22,18066376,NN
esv3647226,22,18067338,NN
rs60322904,22,18067777,NN
rs5746439,22,18068785,NN
rs5992749,22,18076523,NN
rs76737780,22,18081422,NN
rs188096802,22,18083698,NN
rs74780212,22,18090664,NN
rs1034470,22,18093102,NN
rs2401162,22,18099460,NN
rs45547040,22,18102498,NN
rs9605348,22,18103861,NN
rs113413556,22,18105975,NN
rs200840817,22,18111436,NN
rs5747302,22,18118204,NN
rs117157566,22,18118296,NN
rs66838241,22,18119761,NN
rs1080199,22,18120850,NN
rs73163139,22,18122180,NN
rs16980984,22,18123036,NN
rs138447067,22,18161029,NN
rs76544340,22,18161762,NN
esv3647232,22,18161939,NN
rs117986610,22,18163756,NN
rs79783036,22,18166960,NN
rs73163153,22,18167335,NN
rs61741787,22,18171776,NN
rs2535704,22,18174658,NN
rs146738966,22,18183092,NN
rs62240511,22,18207220,NN
rs9306198,22,18209920,NN
rs725768,22,18210409,NN
rs8190354,22,18218311,NN
rs4819626,22,18221958,NN
rs181390,22,18222263,NN
rs181399,22,18225318,NN
rs1468926,22,18226327,NN
rs2072392,22,18226612,NN
rs8190315,22,18226764,NN
rs8190314,22,18226771,NN
rs5747339,22,18229187,NN
rs2289713,22,18233154,NN
rs181408,22,18235305,NN
rs76774406,22,18240602,NN
rs62238875,22,18247625,NN
rs13055924,22,18253187,NN
rs113584863,22,18253888,NN
rs738095,22,18255988,NN
rs8190256,22,18258344,NN
rs8190251,22,18259071,NN
rs5992833,22,18261346,NN
rs372204,22,18262517,NN
rs408656,22,18263268,NN
rs741458,22,18265683,NN
rs34138371,22,18268130,NN
rs7675,22,18270779,NN
rs79268089,22,18271491,NN
rs75057934,22,18273560,NN
rs183092756,22,18273641,NN
rs2289716,22,18273697,NN
rs199721269,22,18274009,NN
rs192602831,22,18274050,NN
rs76020454,22,18275187,NN
rs382013,22,18276101,NN
rs77264692,22,18278393,NN
rs433415,22,18279383,NN
rs421464,22,18282526,NN
rs11913358,22,18288040,NN
rs390041,22,18288362,NN
rs8140645,22,18289555,NN
rs61739631,22,18293502,NN
rs201337842,22,18293533,NN
rs388415,22,18294211,NN
rs112787232,22,18299137,NN
rs2277831,22,18299197,NN
rs186055762,22,18300200,NN
rs5992854,22,18300240,NN
rs144029141,22,18300637,NN
rs202169174,22,18300844,NN
rs148613283,22,18301508,NN
rs7286597,22,18304426,NN
rs74826570,22,18307079,NN
rs11704224,22,18307381,NN
rs34837770,22,18309658,NN
rs61744286,22,18310439,NN
rs5992122,22,18312343,NN
rs367922,22,18314391,NN
rs139179926,22,18314815,NN
rs80133101,22,18317550,NN
rs73384554,22,18320739,NN
rs2587108,22,18320886,NN
rs2587109,22,18323438,NN
rs117402742,22,18330098,NN
rs9617628,22,18333467,NN
rs79975430,22,18333639,NN
rs5992124,22,18334573,NN
rs117463185,22,18336087,NN
rs117662450,22,18343191,NN
rs200738503,22,18347707,NN
rs60472362,22,18349348,NN
rs5992126,22,18350514,NN
rs118105435,22,18354471,NN
rs5992882,22,18358301,NN
rs1076113,22,18368147,NN
rs200507389,22,18374272,NN
rs8141766,22,18377199,NN
rs4819647,22,18391061,NN
rs4819648,22,18393564,NN
rs5992902,22,18399007,NN
rs5747413,22,18399017,NN
rs5746497,22,18403629,NN
rs78687292,22,18417495,NN
rs76013843,22,18421519,NN
rs138764122,22,18424435,NN
rs76487138,22,18425224,NN
rs188030512,22,18428418,NN
rs411682,22,18434088,NN
rs1076540,22,18439958,NN
rs5747433,22,18441463,NN
rs113234048,22,18444570,NN
rs7286607,22,18444657,NN
rs4992882,22,18445021,NN
rs9604813,22,18446610,NN
rs1978968,22,18448113,NN
rs444279,22,18451593,NN
rs74510107,22,18452188,NN
rs5992943,22,18465756,NN
rs191766221,22,18469691,NN
rs5992956,22,18484507,NN
rs424765,22,18486017,NN
rs5992962,22,18486282,NN
rs79637342,22,18486441,NN
rs397709,22,18489048,NN
rs5747445,22,18497905,NN
rs117233348,22,18502566,NN
rs390495,22,18504801,NN
rs2034299,22,18505121,NN
rs117506424,22,18506158,NN
rs1867357,22,18507030,NN
rs5992970,22,18514305,NN
rs73876556,22,18515081,NN
rs75697900,22,18520416,NN
rs8142189,22,18520612,NN
rs465101,22,18523214,NN
rs462904,22,18526789,NN
rs466954,22,18528673,NN
rs186852983,22,18531787,NN
rs458888,22,18533434,NN
rs5992983,22,18534292,NN
rs460036,22,18539553,NN
rs11703193,22,18542023,NN
rs13057524,22,18542185,NN
rs74276622,22,18543172,NN
rs5992985,22,18545634,NN
rs5992990,22,18547507,NN
rs17207304,22,18549152,NN
rs17809705,22,18552662,NN
rs4819664,22,18553542,NN
rs5992991,22,18553808,NN
rs45567240,22,18562734,NN
rs361780,22,18565346,NN
rs12484657,22,18566288,NN
rs385130,22,18570175,NN
rs45489191,22,18573003,NN
rs80132947,22,18574488,NN
rs112669995,22,18576447,NN
rs78433674,22,18582532,NN
rs467998,22,18582650,NN
rs77943822,22,18583293,NN
rs3827281,22,18584433,NN
esv3647238;esv3647239,22,18585621,NN
esv3647240,22,18585683,NN
rs76863685,22,18586686,NN
rs35137695,22,18587898,NN
rs8142336,22,18592194,NN
rs362027,22,18594928,NN
rs362043,22,18596449,NN
rs9604829,22,18599687,NN
rs191820007,22,18604298,NN
rs144963058,22,18605382,NN
rs115847686,22,18606946,NN
rs137904008,22,18606947,NN
rs112879682,22,18607638,NN
rs9618203,22,18607872,NN
rs188927272,22,18609290,NN
rs185024084,22,18609481,NN
rs145621219,22,18609493,NN
rs2234333,22,18609647,NN
rs142925642,22,18609661,NN
rs140202346,22,18609703,NN
rs151102020,22,18609712,NN
rs7286465,22,18610798,NN
rs79388972,22,18612226,NN
rs200410270,22,18613846,NN
rs2540620,22,18614874,NN
rs4819668,22,18617515,NN
rs77515656,22,18619890,NN
esv3647242,22,18620400,NN
rs113002374,22,18628133,NN
rs1465384,22,18628499,NN
rs5747494,22,18629028,NN
rs9618216,22,18631365,NN
rs5993016,22,18633860,NN
rs77044518,22,18635717,NN
rs361898,22,18637094,NN
rs5993019,22,18637533,NN
rs117896320,22,18639780,NN
rs2252257,22,18640300,NN
rs184732999,22,18652490,NN
rs62229558,22,18668832,NN
rs5022743,22,18737066,NN
rs12158594,22,18737126,NN
rs618343,22,18737279,NN
esv3647248,22,18876724,NN
rs2543958,22,18877787,NN
rs78043667,22,18882126,NN
rs2904549,22,18889969,NN
rs2080346,22,18892575,NN
rs2005883,22,18896464,NN
rs450046,22,18901004,NN
rs142003313,22,18901989,NN
rs28750191,22,18905117,NN
rs2904552,22,18905964,NN
rs2238731,22,18905977,NN
rs3970555,22,18906998,NN
rs140621739,22,18907088,NN
rs9618419,22,18907405,NN
rs144041368,22,18907827,NN
rs141663104,22,18907990,NN
rs5747933,22,18910355,NN
esv3647249;esv3647250,22,18912157,NN
rs11913840,22,18912677,NN
rs4819756,22,18912678,NN
rs2238732,22,18915347,NN
rs759406,22,18917748,NN
rs5993423,22,18918014,NN
rs5747937,22,18919755,NN
rs117474884,22,18921507,NN
rs117149400,22,18923349,NN
rs117593381,22,18935842,NN
rs5993430,22,18936282,NN
rs5992339,22,18936993,NN
rs146833736,22,18942565,NN
rs118190779,22,18945243,NN
rs5993445,22,18951545,NN
rs376277583,22,18957827,NN
rs13054104,22,18961405,NN
rs73382829,22,18965394,NN
rs2540647,22,18966617,NN
rs2023634,22,18972450,NN
rs111728554,22,18975263,NN
rs116206919,22,18975458,NN
rs111452330,22,18975562,NN
esv3647253,22,18980769,NN
rs7291719,22,18981291,NN
rs73382872,22,18981508,NN
rs1210638,22,18981563,NN
rs9604915,22,18982953,NN
rs116913379,22,18986975,NN
rs75296969,22,18987039,NN
rs117108862,22,18993172,NN
rs116857530,22,18994633,NN
rs73157257,22,18995855,NN
rs141247282,22,18996425,NN
esv3647254,22,18997195,NN
rs62230768,22,19002159,NN
rs112201374,22,19007688,NN
esv3647257,22,19015177,NN
rs112819192,22,19025082,NN
rs58497489,22,19028462,NN
rs79840601,22,19028643,NN
rs140858294,22,19029353,NN
esv3647258,22,19030334,NN
rs199600001,22,19036154,NN
rs10854539,22,19037734,NN
rs111891748,22,19047047,NN
rs141769676,22,19052424,NN
rs113323394,22,19059888,NN
rs117352899,22,19062020,NN
rs118082227,22,19062060,NN
rs80030122,22,19075994,NN
rs118096274,22,19076575,NN
rs117733930,22,19089757,NN
rs117500388,22,19104439,NN
rs187780287,22,19106053,NN
rs813229,22,19106144,NN
rs75048283,22,19113928,NN
rs3747051,22,19118901,NN
rs1052763,22,19119751,NN
rs61737477,22,19121722,NN
rs712965,22,19121872,NN
rs17743887,22,19124865,NN
rs737923,22,19132325,NN
rs715544,22,19133605,NN
rs11704965,22,19133850,NN
rs4819778,22,19134083,NN
rs181178948,22,19134255,NN
rs3761406,22,19139563,NN
rs12484562,22,19141162,NN
esv3647260,22,19141801,NN
esv3647262,22,19144287,NN
rs116844491,22,19148102,NN
rs5748014,22,19148721,NN
rs5993549,22,19149300,NN
rs4819782,22,19149580,NN
rs807669,22,19154522,NN
rs807671,22,19155481,NN
rs712964,22,19156117,NN
rs2298271,22,19160297,NN
rs807665,22,19160414,NN
rs148734543,22,19164361,NN
rs182434700,22,19175095,NN
rs190366603,22,19178854,NN
rs7292849,22,19180573,NN
rs1633399,22,19183787,NN
rs1061325,22,19184095,NN
rs723414,22,19185736,NN
rs9605957,22,19187375,NN
rs117870181,22,19190223,NN
rs807547,22,19195680,NN
rs201862691,22,19196491,NN
rs1060376,22,19196502,NN
rs34486244,22,19196615,NN
rs62223883,22,19197381,NN
rs712952,22,19197949,NN
rs117556531,22,19201194,NN
rs928907,22,19203060,NN
rs201131419,22,19203625,NN
rs5748048,22,19204478,NN
rs201266590,22,19207411,NN
rs36077768,22,19207479,NN
rs35398725,22,19207491,NN
rs150157017,22,19210479,NN
rs2073755,22,19210740,NN
rs118055717,22,19212001,NN
rs200918233,22,19212984,NN
rs182917063,22,19212999,NN
rs1060374,22,19213033,NN
rs145514163,22,19213744,NN
rs185415005,22,19213779,NN
rs45489597,22,19217422,NN
rs200317892,22,19221123,NN
rs115841408,22,19221135,NN
rs201506683,22,19222138,NN
rs191439705,22,19223332,NN
rs807459,22,19223352,NN
rs809901,22,19228736,NN
esv3647269,22,19257939,NN
rs362148,22,19262852,NN
rs5746711,22,19264625,NN
rs1858771,22,19267580,NN
rs5748099,22,19268873,NN
rs71328296,22,19269267,NN
rs118135362,22,19270222,NN
rs2078750,22,19271831,NN
rs2238762,22,19273165,NN
rs5748106,22,19287227,NN
rs117832423,22,19295688,NN
rs5993595,22,19299703,NN
rs982520,22,19310812,NN
esv3647270,22,19323132,NN
rs885981,22,19337633,NN
rs5993613,22,19343881,NN
rs737810,22,19348199,NN
rs115461898,22,19348896,NN
rs112751848,22,19367956,NN
rs5993624,22,19380714,NN
rs5748177,22,19381507,NN
rs117344257,22,19387965,NN
rs10483102,22,19414222,NN
rs192139706,22,19414885,NN
rs141770264,22,19422339,NN
rs7575,22,19423250,NN
rs756649,22,19431396,NN
rs885976,22,19432456,NN
rs117750028,22,19434626,NN
rs572411282,22,19435270,NN
rs5748212,22,19443931,NN
rs146716859,22,19446757,NN
rs5748220,22,19453630,NN
rs117062301,22,19456264,NN
rs199752858,22,19459674,NN
rs112952006,22,19460180,NN
rs5746748,22,19472843,NN
rs5748239,22,19479695,NN
rs9606038,22,19487192,NN
rs141307573,22,19487212,NN
rs5748248,22,19491392,NN
rs116875006,22,19491395,NN
rs143375740,22,19493094,NN
rs5746758,22,19496882,NN
rs79114187,22,19499829,NN
rs13447281,22,19503920,NN
rs13447298,22,19507447,NN
rs13447302,22,19508290,NN
rs113850893,22,19515778,NN
rs112135032,22,19521298,NN
rs5748267,22,19528458,NN
esv3647273,22,19528613,NN
rs5748270,22,19529130,NN
esv3647274;esv3647276,22,19531786,NN
esv3647276,22,19531786,NN
rs116994305,22,19533898,NN
rs5748277,22,19534856,NN
rs8140097,22,19537262,NN
rs2157728,22,19538527,NN
rs62222320,22,19547442,NN
rs117222416,22,19555172,NN
rs111735701,22,19556893,NN
rs5746779,22,19558475,NN
rs7287561,22,19561712,NN
rs117972552,22,19564765,NN
rs5748306,22,19565341,NN
rs2157727,22,19565395,NN
rs76642175,22,19569988,NN
rs117849233,22,19577438,NN
rs57462258,22,19580050,NN
rs9606080,22,19581164,NN
rs5993715,22,19581946,NN
rs5748336,22,19588535,NN
rs16983911,22,19593220,NN
rs5748346,22,19593301,NN
rs9606090,22,19593854,NN
rs9617812,22,19594775,NN
rs36023975,22,19596801,NN
rs12159966,22,19596825,NN
rs117262034,22,19597257,NN
rs5993727,22,19597771,NN
rs13058085,22,19600574,NN
rs5992442,22,19600961,NN
rs111468443,22,19602512,NN
rs9617814,22,19609943,NN
rs73162676,22,19611680,NN
rs5993748,22,19616331,NN
rs5993752,22,19616913,NN
rs5993755,22,19618257,NN
rs11912807,22,19618533,NN
rs117828840,22,19620523,NN
rs1476445,22,19621011,NN
esv3647278,22,19621329,NN
rs112929230,22,19621998,NN
rs4141526,22,19622603,NN
rs8135843,22,19624048,NN
rs8139720,22,19624256,NN
rs58544504,22,19627947,NN
rs7292259,22,19629784,NN
rs7292279,22,19629837,NN
rs28560290,22,19633151,NN
rs2871039,22,19634330,NN
rs5993760,22,19634877,NN
rs9606101,22,19636615,NN
rs5748376,22,19639383,NN
rs5748377,22,19640406,NN
rs1985884,22,19643245,NN
rs9606112,22,19644376,NN
rs77257525,22,19652901,NN
rs34378388,22,19654144,NN
rs9618653,22,19655862,NN
rs5748391,22,19659099,NN
rs79097546,22,19662319,NN
rs8136044,22,19667336,NN
rs117953034,22,19667724,NN
rs1123657,22,19675944,NN
rs5993794,22,19676248,NN
rs1015939,22,19678655,NN
rs5993800,22,19682627,NN
rs2097599,22,19690250,NN
rs139043109,22,19693418,NN
rs9606146,22,19698129,NN
rs75662441,22,19701341,NN
rs146627613,22,19704655,NN
esv3647279,22,19707371,NN
rs373098364,22,19712778,NN
rs9618676,22,19717043,NN
rs79131864,22,19717856,NN
rs4819840,22,19721766,NN
rs4819841,22,19721988,NN
rs55711444,22,19724224,NN
rs41295222,22,19732685,NN
rs41295657,22,19738290,NN
rs41298605,22,19741910,NN
rs72646958,22,19750645,NN
rs41298818,22,19751065,NN
rs201993443,22,19754211,NN
rs41299350,22,19755127,NN
rs2238777,22,19758228,NN
rs117152059,22,19765631,NN
rs4819522,22,19766782,NN
rs5746826,22,19767051,NN
rs713675,22,19767420,NN
rs41298864,22,19772131,NN
rs58980837,22,19775444,NN
rs73148914,22,19776365,NN
rs2269726,22,19785006,NN
rs9606160,22,19788347,NN
rs13057609,22,19797745,NN
rs201108123,22,19799963,NN
rs2073765,22,19800322,NN
rs149417764,22,19800584,NN
rs9606164,22,19807031,NN
rs150444079,22,19808205,NN
rs36070348,22,19808874,NN
rs117452300,22,19808938,NN
rs7285519,22,19825152,NN
rs1053001,22,19833781,NN
rs116941290,22,19836102,NN
rs11705143,22,19836705,NN
rs12106549,22,19846987,NN
rs58210408,22,19863638,NN
rs201943415,22,19864669,NN
rs201391000,22,19864680,NN
rs146133764,22,19864729,NN
rs1139793,22,19868218,NN
rs117016540,22,19873606,NN
rs117446426,22,19874955,NN
rs376995183,22,19879506,NN
rs34553125,22,19880821,NN
rs4819845,22,19881027,NN
rs78239309,22,19883189,NN
rs76692419,22,19886443,NN
rs3788313,22,19887376,NN
rs58882338,22,19887769,NN
esv3647280,22,19889064,NN
rs3788314,22,19889423,NN
rs3788317,22,19889825,NN
rs10427571,22,19891935,NN
rs188258380,22,19898900,NN
rs199510610,22,19898906,NN
rs201913959,22,19898912,NN
rs117162271,22,19903135,NN
rs117014524,22,19904898,NN
rs756661,22,19905802,NN
rs201658653,22,19906498,NN
rs11541479,22,19906511,NN
rs5748469,22,19907099,NN
esv3647282,22,19912544,NN
rs79684681,22,19912676,NN
rs79960807,22,19918723,NN
rs9606186,22,19920359,NN
rs6518591,22,19924021,NN
rs9332314,22,19928000,NN
rs2020917,22,19928884,NN
rs13306278,22,19929027,NN
rs737865,22,19930121,NN
rs9332316,22,19930274,NN
rs45616631,22,19930810,NN
rs5993883,22,19937638,NN
rs35788262,22,19940583,NN
rs3819619,22,19941495,NN
rs5746849,22,19942997,NN
rs4646312,22,19948337,NN
rs165722,22,19949013,NN
rs6269,22,19949952,NN
rs4633,22,19950235,NN
rs740602,22,19950268,NN
rs2239393,22,19950428,NN
rs5031015,22,19951103,NN
rs8192488,22,19951237,NN
rs4680,22,19951271,NN
rs769224,22,19951804,NN
rs165631,22,19951816,NN
rs34068292,22,19952224,NN
rs165774,22,19952561,NN
rs174699,22,19954458,NN
rs165599,22,19956781,NN
rs165728,22,19957023,NN
rs165815,22,19959473,NN
rs148244081,22,19960286,NN
rs116731572,22,19960548,NN
rs146960902,22,19961730,NN
rs2239395,22,19962203,NN
rs117359238,22,19965295,NN
rs139920129,22,19965501,NN
rs200300285,22,19966549,NN
rs116102961,22,19966579,NN
rs185461067,22,19967673,NN
rs113625788,22,19969182,NN
rs201328909,22,19969488,NN
rs1990277,22,19970502,NN
esv3647284,22,19973106,NN
rs917479,22,19973205,NN
rs756653,22,19976845,NN
rs116782322,22,19978218,NN
rs186539515,22,19978253,NN
rs1034566,22,19984277,NN
rs75665527,22,19991611,NN
rs115608310,22,19995634,NN
rs9605047,22,20002848,NN
rs1858770,22,20006992,NN
rs2518829,22,20012286,NN
rs5748505,22,20015016,NN
rs2531708,22,20017445,NN
rs118191255,22,20019791,NN
rs2531724,22,20022296,NN
rs186875212,22,20024596,NN
rs73150856,22,20025652,NN
esv3647285,22,20029491,NN
rs405342,22,20037315,NN
rs76926687,22,20043630,NN
rs174877,22,20045419,NN
rs116946483,22,20051787,NN
rs7285397,22,20057143,NN
rs116983927,22,20060137,NN
rs182736423,22,20073773,NN
rs186724154,22,20076910,NN
rs200553015,22,20077523,NN
rs1640297,22,20081852,NN
rs35569747,22,20082293,NN
rs78201040,22,20084368,NN
rs443678,22,20093126,NN
rs417309,22,20098544,NN
rs1633445,22,20100596,NN
rs117298840,22,20101124,NN
rs9605068,22,20103264,NN
rs175171,22,20121848,NN
rs75031525,22,20122091,NN
rs201892248,22,20130321,NN
rs4819867,22,20136379,NN
rs9605071,22,20139204,NN
rs9605074,22,20146533,NN
rs28384,22,20156415,NN
rs77178912,22,20160081,NN
rs175199,22,20168295,NN
rs9306236,22,20170093,NN
rs75766,22,20174853,NN
rs701446,22,20179255,NN
rs625704,22,20185457,NN
rs673062,22,20189202,NN
rs684423,22,20189378,NN
rs62218156,22,20189408,NN
rs2098257,22,20190055,NN
rs640836,22,20193114,NN
rs730669,22,20201954,NN
rs9606286,22,20202422,NN
rs5993933,22,20204791,NN
rs1962811,22,20213718,NN
rs854967,22,20217628,NN
rs117703390,22,20219641,NN
rs1076449,22,20220111,NN
rs9618757,22,20222641,NN
rs759577,22,20225536,NN
rs701430,22,20227551,NN
rs9606293,22,20233865,NN
rs7287730,22,20241436,NN
rs78055866,22,20244259,NN
rs855050,22,20248391,NN
rs117954831,22,20248996,NN
rs191648911,22,20250789,NN
rs34141746,22,20258194,NN
esv3647289,22,20261663,NN
rs855060,22,20262166,NN
esv3647290;esv3647291,22,20262390,NN
rs854944,22,20264937,NN
rs67659900,22,20270250,NN
rs5748573,22,20278471,NN
rs12168751,22,20279533,NN
rs12169202,22,20279718,NN
rs75341343,22,20280634,NN
rs5993955,22,20283228,NN
rs117170873,22,20284656,NN
rs373977534,22,20293476,NN
rs112074972,22,20298515,NN
rs189532890,22,20299869,NN
rs145639142,22,20300738,NN
rs2280117,22,20306993,NN
rs7287644,22,20311646,NN
rs191880792,22,20329526,NN
rs201588919,22,20457872,NN
rs9754433,22,20708641,NN
rs113701813,22,20708869,NN
rs12172514,22,20709242,NN
rs77252703,22,20709250,NN
rs12172372,22,20709574,NN
rs62218177,22,20710219,NN
rs11089443,22,20710386,NN
rs11089444,22,20710559,NN
rs375552356,22,20711664,NN
rs142119189,22,20712131,NN
rs200033570,22,20714965,NN
rs200970898,22,20714968,NN
rs150985637,22,20715433,NN
rs3827282,22,20718116,NN
rs2277833,22,20718525,NN
rs147440632,22,20719325,NN
rs538413513,22,20720907,NN
rs361689,22,20742450,NN
esv3647292,22,20746552,NN
esv3647293,22,20747116,NN
rs57342969,22,20753135,NN
rs361640,22,20753615,NN
rs6005267,22,20764994,NN
rs5761913,22,20765021,NN
rs5762014,22,20766284,NN
rs73879356,22,20767303,NN
rs76881461,22,20772773,NN
rs5752676,22,20774614,NN
rs738084,22,20778066,NN
rs9680797,22,20780296,NN
rs5997411,22,20783485,NN
rs1005640,22,20789074,NN
rs1477178,22,20789688,NN
rs1153427,22,20795757,NN
rs191242002,22,20798322,NN
rs1153428,22,20798354,NN
rs8748,22,20800835,NN
rs76649694,22,20806397,NN
rs361988,22,20810054,NN
rs12484813,22,20844663,NN
rs165771,22,20856228,NN
rs75946839,22,20862548,NN
rs2014654,22,20872855,NN
rs143554264,22,20875570,NN
rs7291930,22,20876509,NN
rs145160293,22,20877989,NN
rs11090206,22,20881678,NN
rs1771149,22,20883449,NN
rs190189809,22,20886533,NN
rs57997330,22,20887166,NN
rs118084073,22,20893767,NN
esv3647294,22,20899756,NN
rs886319,22,20903410,NN
rs1075339,22,20906367,NN
rs115069799,22,20910482,NN
rs5758468,22,20911756,NN
rs193249681,22,20924375,NN
rs189225333,22,20933209,NN
rs595272,22,20946403,NN
esv3647296,22,20947119,NN
rs361646,22,20947274,NN
rs554733,22,20950564,NN
rs165626,22,20954760,NN
rs5759527,22,20956600,NN
rs138209862,22,20956684,NN
rs596114,22,20957000,NN
rs9612414,22,20957037,NN
rs138183961,22,20957858,NN
rs13433634,22,20961189,NN
rs73159154,22,20962689,NN
rs17819599,22,20962978,NN
rs602808,22,20963475,NN
rs544887,22,20964056,NN
rs5759562,22,20966125,NN
rs17818796,22,20978672,NN
rs7285862,22,20983228,NN
rs145875329,22,20990570,NN
rs78260733,22,20992947,NN
rs759224,22,20993328,NN
rs759225,22,20993477,NN
rs741194,22,20993519,NN
esv3647300,22,20994894,NN
rs658793,22,20996595,NN
rs7290923,22,20999208,NN
rs41368547,22,20999626,NN
rs57434751,22,21001472,NN
rs5759767,22,21004805,NN
rs376516184,22,21005667,NN
rs1339959,22,21005697,NN
rs651851,22,21009596,NN
rs5751684,22,21015218,NN
rs368322022,22,21025441,NN
rs116918025,22,21028007,NN
rs1058552,22,21062168,NN
rs117274744,22,21062177,NN
rs2276011,22,21069073,NN
rs181389523,22,21071147,NN
rs144899078,22,21075586,NN
esv3647302;esv3647303,22,21078735,NN
rs112905927,22,21078991,NN
rs16988764,22,21105255,NN
rs9612888,22,21106550,NN
rs190475625,22,21113894,NN
rs2072517,22,21115244,NN
rs117786120,22,21120359,NN
rs35646566,22,21134023,NN
rs5907,22,21134223,NN
rs79822115,22,21137765,NN
rs117858197,22,21139239,NN
rs118185464,22,21145397,NN
rs149520312,22,21146015,NN
rs79462859,22,21147077,NN
rs117151217,22,21147113,NN
rs141712057,22,21148180,NN
rs138731378,22,21155569,NN
rs200824315,22,21156277,NN
rs76782505,22,21157174,NN
rs61752248,22,21165311,NN
rs165854,22,21167787,NN
rs17758477,22,21174444,NN
rs117068569,22,21188823,NN
rs572906451,22,21190372,NN
rs362223,22,21190377,NN
rs4822606,22,21198776,NN
rs77513091,22,21199572,NN
rs80068797,22,21219710,NN
rs73162849,22,21224023,NN
rs201300635,22,21224705,NN
rs116892729,22,21235389,NN
rs117104177,22,21236559,NN
rs141934766,22,21241976,NN
rs116984278,22,21242879,NN
rs73162856,22,21244675,NN
rs12162703,22,21246902,NN
rs118128340,22,21247007,NN
esv3647304;esv3647305,22,21256865,NN
rs75118078,22,21260951,NN
rs73162870,22,21261417,NN
rs9613260,22,21261449,NN
rs73162872,22,21263353,NN
rs737892,22,21272734,NN
rs9613388,22,21305473,NN
rs2285547,22,21307058,NN
rs2018682,22,21317432,NN
rs756875,22,21318433,NN
esv3647306,22,21320396,NN
rs6005061,22,21320528,NN
rs756878,22,21323357,NN
rs878938,22,21324484,NN
rs56179977,22,21328568,NN
rs178271,22,21331556,NN
rs61626201,22,21335135,NN
rs389183,22,21335606,NN
rs13054302,22,21338036,NN
rs178283,22,21338632,NN
rs178285,22,21339751,NN
rs200390894,22,21341857,NN
rs4822783,22,21342811,NN
rs541944601,22,21343965,NN
rs148677674,22,21349277,NN
rs199625022,22,21350370,NN
rs178296,22,21352181,NN
rs56113960,22,21355501,NN
rs71314757,22,21357119,NN
rs62238544,22,21358127,NN
esv3647307,22,21360600,NN
rs373092,22,21361870,NN
esv3647308,22,21362582,NN
rs398577,22,21362849,NN
rs2239961,22,21363960,NN
rs71314758,22,21369454,NN
rs148541070,22,21369548,NN
rs9625334,22,21371227,NN
rs9613540,22,21377071,NN
rs2277838,22,21377650,NN
rs929671,22,21377958,NN
rs2270384,22,21384578,NN
rs76136208,22,21385277,NN
rs2072550,22,21386019,NN
rs12627919,22,21392943,NN
rs149427937,22,21393701,NN
rs117468585,22,21398354,NN
rs77133550,22,21402372,NN
rs28504593,22,21403375,NN
rs28450680,22,21403376,NN
rs76460419,22,21406353,NN
rs117587161,22,21406460,NN
rs200681538,22,21406930,NN
rs5762105,22,21409018,NN
rs2241223,22,21409191,NN
rs1968049,22,21410886,NN
rs383331,22,21424414,NN
rs408718,22,21425769,NN
rs117198675,22,21427621,NN
rs74935988,22,21430958,NN
rs400946,22,21431054,NN
rs75694724,22,21432229,NN
rs6005562,22,21438369,NN
rs421390,22,21438417,NN
rs16989111,22,21441353,NN
rs435980,22,21442000,NN
rs73396468,22,21443310,NN
esv3647311;esv3647312,22,21444160,NN
rs12628319,22,21445920,NN
rs430678,22,21447294,NN
rs1210606,22,21452237,NN
rs118111569,22,21454525,NN
esv3647313;esv3647314,22,21455959,NN
rs140390,22,21460008,NN
rs2543398,22,21460220,NN
rs5762401,22,21461607,NN
rs565320449,22,21579834,NN
rs187673640,22,21726191,NN
rs41282591,22,21804903,NN
rs460106,22,21806401,NN
rs131654,22,21917190,NN
esv3647318,22,21922213,NN
rs78456257,22,21926013,NN
rs181359,22,21928641,NN
rs181362,22,21932068,NN
rs5754217,22,21939675,NN
rs117663329,22,21939765,NN
rs4821112,22,21964761,NN
rs453343,22,21967395,NN
rs4821116,22,21973319,NN
rs144274238,22,21976051,NN
rs11089637,22,21979096,NN
rs2298428,22,21982892,NN
rs12170285,22,21988833,NN
rs35113423,22,21989142,NN
rs730882,22,21989325,NN
rs11705259,22,21990823,NN
rs11705317,22,21991120,NN
rs34035987,22,21994044,NN
rs73166641,22,21998280,NN
esv3647319,22,21998805,NN
rs71314788,22,22000109,NN
rs447001,22,22010918,NN
rs9941935,22,22015144,NN
rs56212437,22,22015327,NN
rs78272461,22,22015771,NN
rs3788329,22,22028124,NN
rs55831940,22,22035555,NN
rs443192,22,22036640,NN
rs74836292,22,22050361,NN
rs710172,22,22055280,NN
rs1860,22,22055394,NN
rs5994805,22,22059968,NN
rs7285365,22,22068740,NN
rs55741555,22,22076177,NN
rs7290787,22,22077124,NN
rs118049714,22,22078367,NN
rs5994846,22,22082919,NN
rs5749769,22,22094016,NN
rs5999264,22,22095920,NN
rs73149931,22,22107057,NN
rs56888084,22,22110167,NN
rs78900285,22,22110359,NN
rs61387590,22,22111985,NN
rs6928,22,22115004,NN
rs9340,22,22115353,NN
rs13515,22,22115886,NN
rs41282607,22,22118229,NN
rs2283792,22,22131125,NN
rs139348271,22,22138017,NN
rs2154944,22,22141229,NN
rs183444800,22,22143849,NN
rs181225448,22,22178218,NN
rs9610417,22,22199970,NN
rs5755694,22,22200530,NN
rs8136867,22,22204793,NN
rs4821401,22,22214572,NN
rs71197621,22,22235509,NN
rs750942,22,22235510,NN
esv3647322,22,22258191,NN
rs73149968,22,22259174,NN
esv3647323,22,22261750,NN
rs8143081,22,22262369,NN
rs117189726,22,22271797,NN
rs16979617,22,22274021,NN
rs2070507,22,22277571,NN
rs9610645,22,22288560,NN
rs240068,22,22290403,NN
rs117218983,22,22304127,NN
rs9610690,22,22304943,NN
esv3647324;esv3647325,22,22310331,NN
esv3647326;esv3647327,22,22315316,NN
rs199633721,22,22318346,NN
rs75602167,22,22318354,NN
rs143308485,22,22318364,NN
rs9610728,22,22318538,NN
rs181255589,22,22318568,NN
rs201232519,22,22323019,NN
rs538979971,22,22326283,NN
rs189724359,22,22328297,NN
rs239927,22,22330082,NN
rs75195025,22,22332898,NN
rs77973739,22,22342678,NN
rs116872618,22,22343023,NN
rs1866859,22,22343553,NN
rs118063673,22,22344330,NN
rs4821537,22,22344848,NN
rs34643644,22,22349201,NN
rs1016548,22,22355496,NN
rs117775579,22,22357620,NN
rs6000509,22,22358201,NN
esv3647329;esv3647330,22,22358231,NN
rs73877697,22,22359389,NN
rs61139,22,22360650,NN
rs149888829,22,22369207,NN
rs17821917,22,22372518,NN
rs56786473,22,22372593,NN
esv3647331,22,22373408,NN
rs60507728,22,22375705,NN
rs12159720,22,22377206,NN
esv3647333,22,22380761,NN
rs58036485,22,22384364,NN
esv3647334,22,22385770,NN
esv3647335,22,22385858,NN
rs148527504,22,22388539,NN
rs4820285,22,22399916,NN
rs5756660,22,22401170,NN
rs5750427,22,22401267,NN
rs5750432,22,22402940,NN
rs13340082,22,22404083,NN
esv3647336;esv3647337,22,22411640,NN
rs139093420,22,22414663,NN
rs5756720,22,22416707,NN
esv3647338,22,22416916,NN
rs5750449,22,22418813,NN
rs4490292,22,22419249,NN
rs17820606,22,22421412,NN
rs6000838,22,22422622,NN
rs1894252,22,22426145,NN
rs118039352,22,22426545,NN
rs7291038,22,22428083,NN
rs16982463,22,22428155,NN
rs7291954,22,22428873,NN
rs4821687,22,22433108,NN
rs743529,22,22435843,NN
rs5756807,22,22437655,NN
rs35955031,22,22437747,NN
rs1894251,22,22440499,NN
rs5750496,22,22440788,NN
rs13058323,22,22440829,NN
rs4820309,22,22444683,NN
rs7286062,22,22450073,NN
rs12484368,22,22451791,NN
esv3647339,22,22453473,NN
rs67371756,22,22454496,NN
esv3647340;esv3647341,22,22456175,NN
rs78826497,22,22456900,NN
rs117097235,22,22467903,NN
rs6001025,22,22477036,NN
rs77392912,22,22478113,NN
rs117931929,22,22479924,NN
rs5756977,22,22484210,NN
rs5756987,22,22486646,NN
rs9637337,22,22489904,NN
rs116846750,22,22493764,NN
rs17558061,22,22505762,NN
rs16984675,22,22508432,NN
esv3647343;esv3647344,22,22509675,NN
esv3647345,22,22517056,NN
esv3647346,22,22517061,NN
rs5750619,22,22517705,NN
rs5757136,22,22517826,NN
rs5757142,22,22518517,NN
rs2105815,22,22531074,NN
rs5757247,22,22531572,NN
rs4991801,22,22533348,NN
rs16985406,22,22535082,NN
rs8139876,22,22535973,NN
rs4145536,22,22536846,NN
rs10483109,22,22537581,NN
rs6001222,22,22539704,NN
rs111460696,22,22548577,NN
rs7293219,22,22548831,NN
rs9619829,22,22549738,NN
esv3647348;esv3647349,22,22550526,NN
rs77180908,22,22554512,NN
rs9623076,22,22560977,NN
rs138843768,22,22563845,NN
esv3647350,22,22569645,NN
rs78501378,22,22579286,NN
esv3647351;esv3647352,22,22582636,NN
rs8141482,22,22584809,NN
rs6001548,22,22597173,NN
rs11089978,22,22599216,NN
rs11574465,22,22601293,NN
rs77632478,22,22603373,NN
esv3647354,22,22640179,NN
rs370528154,22,22668453,NN
esv3647355;esv3647356,22,22677670,NN
rs16987300,22,22696066,NN
rs112049143,22,22702508,NN
esv3647359,22,22711732,NN
rs189262307,22,22712350,NN
esv3647360;esv3647361,22,22716056,NN
rs713654,22,22727571,NN
esv3647362,22,22732065,NN
esv3647363,22,22735502,NN
rs75791812,22,22737744,NN
rs12627889,22,22739955,NN
rs116998290,22,22741239,NN
rs147522404,22,22749340,NN
rs79901931,22,22753204,NN
esv3647366,22,22786827,NN
rs75288172,22,22797979,NN
rs7291770,22,22811375,NN
rs139258973,22,22817540,NN
rs181608769,22,22834620,NN
rs370980587,22,22837279,NN
rs117276452,22,22875841,NN
esv3647369,22,22876452,NN
rs7288582,22,22877480,NN
rs147478146,22,22887247,NN
rs61730840,22,22890552,NN
esv3647373,22,22943272,NN
rs147709018,22,22966043,NN
esv3647375,22,22978190,NN
rs16990236,22,23000892,NN
rs111633245,22,23015030,NN
rs77328679,22,23018540,NN
esv3647376,22,23027159,NN
rs11704216,22,23059563,NN
esv3647377,22,23101643,NN
rs117397387,22,23110658,NN
rs143772535,22,23137299,NN
rs2519501,22,23249354,NN
rs117956113,22,23250088,NN
esv3647386;esv3647387,22,23250546,NN
rs1475930,22,23250737,NN
rs464805,22,23251857,NN
rs13056585,22,23254219,NN
rs118093337,22,23257499,NN
rs6003388,22,23258438,NN
esv3647388,22,23261856,NN
rs368346609,22,23262118,NN
rs115248992,22,23262137,NN
esv3647389,22,23262712,NN
esv3647390,22,23263373,NN
rs737885,22,23263708,NN
rs394409,22,23266118,NN
rs5759535,22,23268390,NN
rs78339303,22,23270732,NN
rs403478,22,23272656,NN
rs429942,22,23275227,NN
rs436599,22,23276421,NN
rs463235,22,23278593,NN
rs7288450,22,23278613,NN
rs8139942,22,23279385,NN
rs2106122,22,23279752,NN
rs147712328,22,23281789,NN
rs756737,22,23283517,NN
rs5759542,22,23283632,NN
rs5759543,22,23283834,NN
rs10470284,22,23284781,NN
rs73166817,22,23285223,NN
rs12160186,22,23285967,NN
rs459488,22,23286059,NN
rs11703761,22,23287367,NN
rs11705658,22,23292407,NN
rs9612174,22,23295133,NN
rs62220900,22,23296231,NN
rs113522889,22,23299147,NN
rs915613,22,23299769,NN
rs75754529,22,23317598,NN
rs137893834,22,23329477,NN
rs980595,22,23337642,NN
rs62220905,22,23338634,NN
rs6003447,22,23339200,NN
rs73166864,22,23340580,NN
rs56102358,22,23350450,NN
rs116873473,22,23350708,NN
rs77978020,22,23352798,NN
rs78529900,22,23353442,NN
rs6003461,22,23362084,NN
rs11705689,22,23375062,NN
rs74332294,22,23375624,NN
esv3647391,22,23378896,NN
rs6003484,22,23379985,NN
rs112864221,22,23380766,NN
rs187564522,22,23395750,NN
rs55978620,22,23397014,NN
rs55964741,22,23401865,NN
rs9624019,22,23407301,NN
rs3788337,22,23412017,NN
rs5751574,22,23416005,NN
rs6003497,22,23421736,NN
rs144366893,22,23422756,NN
rs79581211,22,23430889,NN
rs117645920,22,23433799,NN
rs190193159,22,23433965,NN
rs138019054,22,23435041,NN
esv3647392,22,23440148,NN
rs75764644,22,23445483,NN
rs117490377,22,23453917,NN
rs2283801,22,23454485,NN
rs2283803,22,23454881,NN
rs117327666,22,23460443,NN
rs56339124,22,23461300,NN
rs79854927,22,23468790,NN
rs190024795,22,23472999,NN
rs77460005,22,23474579,NN
rs56369240,22,23474756,NN
rs117809204,22,23475102,NN
rs35211242,22,23482483,NN
rs78340958,22,23486453,NN
rs117152978,22,23488775,NN
rs9612247,22,23492082,NN
rs5751592,22,23497674,NN
rs4820541,22,23504405,NN
rs141042691,22,23506771,NN
rs768513,22,23512554,NN
esv3647395,22,23521496,NN
rs148782708,22,23540970,NN
rs5759646,22,23545434,NN
rs117582309,22,23558688,NN
rs762601,22,23568858,NN
rs117802493,22,23571481,NN
rs35084413,22,23581772,NN
rs6003582,22,23584163,NN
rs5996503,22,23584361,NN
rs80233084,22,23584441,NN
rs5759661,22,23587341,NN
rs5751613,22,23587894,NN
rs118119551,22,23592166,NN
rs5751614,22,23593051,NN
rs73152641,22,23598009,NN
rs73152643,22,23602419,NN
rs200190160,22,23603636,NN
rs140502,22,23606544,NN
rs116962577,22,23610288,NN
rs79769038,22,23610765,NN
rs17533177,22,23610800,NN
rs117486344,22,23611456,NN
rs5996508,22,23612628,NN
rs5759676,22,23621387,NN
rs7288846,22,23623284,NN
rs35727393,22,23627256,NN
rs140504,22,23627369,NN
rs73152652,22,23631147,NN
rs2229038,22,23634790,NN
rs186584230,22,23643721,NN
rs73388594,22,23644631,NN
rs9608102,22,23644794,NN
rs2267027,22,23648478,NN
rs131693,22,23649242,NN
rs5751628,22,23650847,NN
rs77227437,22,23657766,NN
rs1042660,22,23658006,NN
rs138721417,22,23662662,NN
rs116875264,22,23665372,NN
rs77982068,22,23667018,NN
rs5759723,22,23673094,NN
rs8141321,22,23680734,NN
rs8142297,22,23688345,NN
rs8137677,22,23688412,NN
rs4820550,22,23695404,NN
rs9620251,22,23695447,NN
rs5759742,22,23700907,NN
rs9612334,22,23708020,NN
rs9608133,22,23710013,NN
rs8138312,22,23710483,NN
rs5996529,22,23712647,NN
rs183242364,22,23715914,NN
rs8142127,22,23717465,NN
rs570328196,22,23723193,NN
rs61123906,22,23723199,NN
rs6003670,22,23723202,NN
rs147995248,22,23725620,NN
rs28656233,22,23737214,NN
rs77473109,22,23739622,NN
rs55756930,22,23740460,NN
rs112045685,22,23742049,NN
rs2330452,22,23754578,NN
rs7284162,22,23755228,NN
rs62218982,22,23756475,NN
rs6003697,22,23757786,NN
rs4822406,22,23757964,NN
rs4991267,22,23758531,NN
rs5751654,22,23763114,NN
rs9612352,22,23763969,NN
rs4822409,22,23765006,NN
rs115151152,22,23765246,NN
rs4822410,22,23765265,NN
rs17001563,22,23766423,NN
rs76095513,22,23769665,NN
rs6003708,22,23770554,NN
rs5751660,22,23781075,NN
rs114860644,22,23785166,NN
rs73880824,22,23787187,NN
rs117490704,22,23788736,NN
rs11090252,22,23804670,NN
rs150455125,22,23808436,NN
rs190391591,22,23815049,NN
rs5759832,22,23815760,NN
rs4822416,22,23816428,NN
rs7289380,22,23817486,NN
esv3647400,22,23821657,NN
rs17002022,22,23827584,NN
rs140157,22,23836819,NN
rs58155100,22,23842972,NN
rs5996564,22,23843439,NN
rs140161,22,23845547,NN
rs6003747,22,23846436,NN
rs1108741,22,23846520,NN
rs11912272,22,23846835,NN
rs79937830,22,23847843,NN
rs5759855,22,23849044,NN
rs117639432,22,23849126,NN
rs73878904,22,23849519,NN
rs73395362,22,23849683,NN
rs9612366,22,23850130,NN
rs140827489,22,23851629,NN
rs4822422,22,23852494,NN
rs118029159,22,23852526,NN
rs4629265,22,23854226,NN
rs738781,22,23854282,NN
esv3647402,22,23854830,NN
rs117836949,22,23854864,NN
rs117477639,22,23855320,NN
rs113173094,22,23856954,NN
rs9620283,22,23858666,NN
rs4822423,22,23867924,NN
rs5759882,22,23872787,NN
rs112790080,22,23874713,NN
rs111264312,22,23875592,NN
rs79839343,22,23875963,NN
rs117864001,22,23877915,NN
rs11489068,22,23884219,NN
rs139505206,22,23886337,NN
rs371914942,22,23889980,NN
rs179304,22,23894242,NN
rs74336902,22,23898047,NN
rs9620289,22,23899964,NN
rs73878950,22,23912806,NN
rs115415403,22,23912877,NN
esv3647406,22,23913626,NN
rs149967788,22,23913717,NN
rs117166029,22,23916424,NN
rs12167599,22,23920102,NN
esv3647407;esv3647408,22,23920376,NN
rs5996577,22,23921427,NN
rs116760479,22,23922281,NN
rs140174,22,23922983,NN
rs131422,22,23923425,NN
rs12627824,22,23925335,NN
rs131428,22,23925431,NN
rs118124522,22,23925566,NN
rs131429,22,23925779,NN
rs66623543,22,23925837,NN
rs11090262,22,23930279,NN
rs74337053,22,23934280,NN
rs3747125,22,23937732,NN
rs113670883,22,23938120,NN
rs7288250,22,23938204,NN
rs111494098,22,23938230,NN
rs60644391,22,23938941,NN
rs372607531,22,23941648,NN
rs17627842,22,23948561,NN
rs10427863,22,23949744,NN
rs5759930,22,23949997,NN
rs34140548,22,23951928,NN
rs9624229,22,23952160,NN
rs17627963,22,23955765,NN
rs55926718,22,23956673,NN
rs61479247,22,23963154,NN
rs12167140,22,23971028,NN
rs3827318,22,23974200,NN
rs28403517,22,23974817,NN
rs117215798,22,23975185,NN
rs9306387,22,23979219,NN
rs182721905,22,23983234,NN
rs6003824,22,23993051,NN
rs6519460,22,23996463,NN
rs4820562,22,24000347,NN
rs1807624,22,24017929,NN
rs2330579,22,24024430,NN
rs8140340,22,24029646,NN
rs5751713,22,24033466,NN
rs2070446,22,24035970,NN
rs1007298,22,24038847,NN
rs117585592,22,24039410,NN
rs45570945,22,24040692,NN
rs11090282,22,24042963,NN
rs79084668,22,24047199,NN
rs6003847,22,24047657,NN
rs76433013,22,24048743,NN
rs6003849,22,24049993,NN
rs117412075,22,24074312,NN
rs180835873,22,24075195,NN
rs117118817,22,24076554,NN
rs76241428,22,24083128,NN
rs41277301,22,24086026,NN
rs738788,22,24090369,NN
rs149484382,22,24093876,NN
rs6003872,22,24094295,NN
rs2070453,22,24096400,NN
rs1076123,22,24096783,NN
rs2330621,22,24105274,NN
rs2298375,22,24106448,NN
rs140565519,22,24107048,NN
rs131444,22,24109550,NN
rs131445,22,24111044,NN
rs10775767,22,24113236,NN
rs738789,22,24116586,NN
rs28363642,22,24120982,NN
rs11704945,22,24121067,NN
rs28363645,22,24121288,NN
rs200191913,22,24121539,NN
rs202174272,22,24122582,NN
rs199846081,22,24123479,NN
rs141200301,22,24123521,NN
rs28363665,22,24123727,NN
rs28382575,22,24125689,NN
rs17003784,22,24131009,NN
rs2073390,22,24133570,NN
rs34396426,22,24137149,NN
rs35502837,22,24143573,NN
rs11703707,22,24145016,NN
rs35609719,22,24155332,NN
rs738800,22,24158315,NN
rs2186369,22,24170996,NN
rs9612479,22,24172071,NN
rs1128127,22,24179132,NN
rs5760063,22,24179819,NN
rs182066878,22,24184398,NN
rs12159218,22,24184696,NN
rs762268,22,24187113,NN
rs735750,22,24187123,NN
rs5760066,22,24187820,NN
rs738803,22,24192879,NN
rs5760071,22,24194941,NN
rs192027581,22,24199260,NN
rs2330625,22,24207962,NN
rs2236620,22,24222710,NN
rs181437217,22,24226674,NN
rs60699980,22,24226890,NN
rs738806,22,24234172,NN
rs5751759,22,24234493,NN
rs62239046,22,24239868,NN
rs5760093,22,24240340,NN
rs1007888,22,24241101,NN
rs5760096,22,24247310,NN
rs7293178,22,24248370,NN
rs60114871,22,24256056,NN
rs915590,22,24261143,NN
rs4822461,22,24268120,NN
rs5760124,22,24272122,NN
rs374950520,22,24299035,NN
rs76853009,22,24300580,NN
rs190944511,22,24302259,NN
rs9620341,22,24312589,NN
esv3647423;esv3647424,22,24335181,NN
rs6004011,22,24338071,NN
rs138275558,22,24340940,NN
esv3647425;esv3647426,22,24345244,NN
rs148435972,22,24390432,NN
rs117446468,22,24402531,NN
rs190649764,22,24409792,NN
rs140517486,22,24410374,NN
rs5760180,22,24414829,NN
rs76965509,22,24418531,NN
rs117139356,22,24424831,NN
rs17640037,22,24427490,NN
rs4822470,22,24428001,NN
rs199800229,22,24432541,NN
rs201341706,22,24434850,NN
rs5760189,22,24442459,NN
rs17640355,22,24445320,NN
rs17004823,22,24447303,NN
rs192766862,22,24447436,NN
rs184430120,22,24451389,NN
rs200164122,22,24456518,NN
rs182210831,22,24458016,NN
rs13058260,22,24459843,NN
rs9624395,22,24460593,NN
rs138795791,22,24460606,NN
rs112234981,22,24462180,NN
rs141082712,22,24462546,NN
rs3788367,22,24463996,NN
rs3827321,22,24464377,NN
rs62231971,22,24466964,NN
rs113890347,22,24469083,NN
rs117829709,22,24469397,NN
rs117340640,22,24477037,NN
rs187220508,22,24480566,NN
rs78365374,22,24483117,NN
rs185544584,22,24483658,NN
rs185237636,22,24487546,NN
rs117908385,22,24487739,NN
rs79329507,22,24497847,NN
rs149239737,22,24509645,NN
rs111736007,22,24509986,NN
rs77353424,22,24515881,NN
rs73167538,22,24522144,NN
rs189936288,22,24525666,NN
rs9612557,22,24535630,NN
rs117001360,22,24539368,NN
rs142452636,22,24545912,NN
rs142275051,22,24562844,NN
rs145513360,22,24567795,NN
rs75303441,22,24571852,NN
rs144524781,22,24574054,NN
rs140560210,22,24574137,NN
rs8141797,22,24582041,NN
rs17642338,22,24583138,NN
esv3647427,22,24590337,NN
rs35344394,22,24594349,NN
esv3647428,22,24606823,NN
rs6004094,22,24608924,NN
rs117077425,22,24610854,NN
rs7288201,22,24621293,NN
rs140980900,22,24621541,NN
rs149456868,22,24622188,NN
rs2275984,22,24622648,NN
rs117249571,22,24628908,NN
rs116976546,22,24629912,NN
rs2267073,22,24639069,NN
esv3647431,22,24643158,NN
rs204711,22,24643540,NN
rs149971103,22,24666311,NN
rs181246888,22,24667478,NN
rs188238971,22,24669912,NN
rs57636940,22,24679907,NN
rs74444893,22,24682696,NN
rs146982683,22,24704732,NN
rs5751846,22,24715049,NN
rs148203655,22,24717411,NN
rs56168869,22,24717510,NN
rs144609692,22,24717835,NN
rs145506280,22,24718347,NN
rs55723436,22,24718408,NN
rs61742709,22,24718677,NN
rs201275356,22,24718681,NN
rs71318977,22,24723444,NN
rs201618130,22,24726329,NN
rs118133842,22,24726917,NN
rs78254370,22,24729210,NN
rs7293001,22,24742493,NN
rs62233136,22,24744702,NN
rs62233138,22,24745877,NN
rs2330783,22,24747031,NN
rs188902098,22,24748394,NN
rs5760364,22,24755025,NN
rs79694428,22,24764081,NN
rs28659842,22,24776451,NN
rs143161078,22,24780460,NN
rs79612614,22,24788697,NN
rs117071777,22,24797178,NN
rs34531254,22,24798294,NN
rs76082184,22,24801367,NN
rs5751862,22,24802564,NN
rs548830344,22,24815402,NN
rs5760410,22,24815406,NN
rs11704959,22,24820483,NN
rs5996696,22,24827622,NN
rs71651683,22,24828853,NN
rs2267076,22,24830595,NN
rs2236624,22,24836024,NN
rs5751876,22,24837301,NN
rs5760425,22,24842452,NN
rs4822492,22,24843594,NN
rs17651189,22,24844883,NN
rs186518929,22,24863017,NN
esv3647435,22,24876424,NN
rs143454032,22,24876628,NN
rs4822502,22,24881781,NN
rs1543757,22,24882925,NN
rs62231885,22,24888192,NN
rs2070474,22,24891292,NN
rs200145797,22,24891462,NN
rs60379542,22,24893281,NN
rs3788372,22,24894856,NN
rs5760457,22,24895416,NN
rs73169837,22,24895723,NN
rs538271636,22,24897237,NN
rs117578416,22,24897241,NN
rs202094164,22,24898092,NN
rs138872001,22,24898175,NN
rs2232866,22,24898310,NN
rs8142051,22,24901186,NN
rs117038722,22,24904003,NN
rs140330,22,24908352,NN
rs144135211,22,24911253,NN
rs117529934,22,24914297,NN
rs2298384,22,24915951,NN
rs145766755,22,24916355,NN
rs144213713,22,24916426,NN
rs199717723,22,24919611,NN
rs118163237,22,24919647,NN
esv3647436,22,24923840,NN
rs114662807,22,24924177,NN
rs6004179,22,24933069,NN
rs9704,22,24936970,NN
rs190907127,22,24937388,NN
rs73152516,22,24955484,NN
rs713666,22,24955609,NN
rs146711207,22,24955863,NN
rs117279121,22,24971692,NN
rs4820599,22,24990213,NN
rs5751901,22,24992266,NN
rs5751902,22,24996630,NN
rs2330809,22,25002081,NN
rs186765281,22,25010855,NN
esv3647437,22,25039839,NN
rs4049766,22,25047314,NN
rs131464,22,25064809,NN
esv3647438,22,25065655,NN
rs372023886,22,25065822,NN
rs9624542,22,25069276,NN
rs5760575,22,25079925,NN
rs5751940,22,25086734,NN
rs5760584,22,25089751,NN
rs743377,22,25097248,NN
rs9612740,22,25099115,NN
rs5996749,22,25100466,NN
rs9608323,22,25102033,NN
rs5760596,22,25103024,NN
rs2007382,22,25109027,NN
rs77058728,22,25111122,NN
rs115525,22,25112325,NN
rs61733495,22,25115449,NN
rs115937238,22,25115524,NN
rs131476,22,25117920,NN
rs56199175,22,25119210,NN
rs73152579,22,25124143,NN
rs148034582,22,25124155,NN
rs117497991,22,25124176,NN
rs118105649,22,25128338,NN
rs6004252,22,25129826,NN
rs5760613,22,25130948,NN
rs8139987,22,25131425,NN
rs74510932,22,25135200,NN
rs142590557,22,25150797,NN
rs79429059,22,25153457,NN
rs56032751,22,25158445,NN
rs1001445,22,25168397,NN
rs117841213,22,25168878,NN
rs5760645,22,25173569,NN
rs28522179,22,25173964,NN
rs5751997,22,25187544,NN
rs139606,22,25189055,NN
rs117357447,22,25194795,NN
rs41281559,22,25200426,NN
rs139622,22,25205100,NN
rs117091576,22,25206344,NN
rs8139986,22,25207239,NN
rs7287595,22,25208398,NN
rs12170037,22,25209481,NN
rs5996763,22,25209724,NN
rs1883993,22,25211229,NN
rs5760680,22,25211793,NN
rs73155726,22,25214733,NN
rs9612777,22,25217740,NN
rs9608342,22,25220446,NN
rs7292826,22,25221408,NN
rs4820615,22,25223662,NN
rs7288359,22,25225580,NN
rs139633,22,25225879,NN
esv3647443,22,25227377,NN
rs116886049,22,25227705,NN
rs4822549,22,25231422,NN
rs139646,22,25232862,NN
rs12485138,22,25238806,NN
rs139662,22,25242592,NN
rs9620446,22,25245838,NN
rs41516144,22,25256011,NN
rs4572701,22,25260984,NN
rs56022312,22,25263048,NN
rs9917557,22,25269424,NN
rs6004338,22,25269518,NN
rs6004341,22,25274327,NN
rs16979152,22,25280841,NN
rs16979179,22,25282711,NN
rs8142617,22,25283063,NN
rs4541332,22,25283602,NN
rs139724,22,25284829,NN
rs139729,22,25286983,NN
rs9612804,22,25287528,NN
rs116892768,22,25287815,NN
rs75850566,22,25288102,NN
rs2877253,22,25290487,NN
rs2073201,22,25294369,NN
rs2073202,22,25294376,NN
rs139735,22,25297338,NN
rs139736,22,25297404,NN
rs139740,22,25298169,NN
rs11914055,22,25303941,NN
rs73157931,22,25307611,NN
rs139763,22,25308272,NN
rs60529841,22,25308991,NN
rs1997886,22,25314193,NN
esv3647445,22,25318690,NN
rs5760738,22,25320371,NN
rs9624669,22,25328686,NN
rs118007271,22,25330911,NN
rs41281561,22,25347070,NN
rs715554,22,25351379,NN
rs9620475,22,25376200,NN
rs11090362,22,25381045,NN
rs137890971,22,25386266,NN
esv3647447,22,25387077,NN
rs116915363,22,25388426,NN
rs113973584,22,25390088,NN
rs77079889,22,25390274,NN
rs5752038,22,25390704,NN
rs7287818,22,25393014,NN
rs5752040,22,25397740,NN
esv3647449,22,25400009,NN
rs80040835,22,25401483,NN
rs114644317,22,25426950,NN
rs2006738,22,25454424,NN
rs2179237,22,25455087,NN
rs76747920,22,25457412,NN
rs5760818,22,25458813,NN
rs11703954,22,25463824,NN
rs8135118,22,25467632,NN
rs7292770,22,25468019,NN
rs9612851,22,25468406,NN
rs726133,22,25473134,NN
rs116914395,22,25474752,NN
rs5760837,22,25481086,NN
rs56055061,22,25481750,NN
rs77161003,22,25481989,NN
rs188975367,22,25484177,NN
rs117875166,22,25488051,NN
rs1076047,22,25495049,NN
rs77363603,22,25504247,NN
rs7284432,22,25504760,NN
rs187344080,22,25506866,NN
rs9608369,22,25508375,NN
rs2294371,22,25509030,NN
rs5760863,22,25510459,NN
rs7289890,22,25510694,NN
rs117236232,22,25516689,NN
rs116988242,22,25530376,NN
rs742164,22,25530408,NN
rs5760868,22,25530896,NN
rs117502424,22,25541388,NN
rs9624734,22,25548986,NN
rs190729144,22,25551002,NN
rs55941025,22,25554936,NN
rs5760890,22,25569939,NN
rs73162213,22,25571815,NN
rs5752075,22,25572748,NN
rs73162216,22,25573281,NN
rs117517166,22,25577862,NN
rs41281563,22,25595556,NN
rs60507348,22,25596227,NN
rs116080510,22,25596638,NN
rs142996620,22,25598661,NN
rs144697511,22,25599737,NN
rs200457939,22,25599770,NN
rs17670506,22,25599849,NN
rs199791142,22,25601251,NN
rs4455261,22,25603018,NN
rs147937174,22,25603127,NN
rs5760904,22,25603553,NN
rs4820621,22,25608548,NN
rs969623,22,25616213,NN
rs117813616,22,25616584,NN
rs111755447,22,25618615,NN
rs9608379,22,25620142,NN
rs9608380,22,25622442,NN
rs16986560,22,25623839,NN
rs201509994,22,25623887,NN
rs5760923,22,25624049,NN
rs9612900,22,25626566,NN
rs145217335,22,25627510,NN
rs5760930,22,25628386,NN
rs5752088,22,25629682,NN
rs4822584,22,25632493,NN
rs117381594,22,25634657,NN
esv3647451;esv3647452,22,25635334,NN
rs9612906,22,25640628,NN
rs4988744,22,25640962,NN
rs9612907,22,25642206,NN
rs9941952,22,25646493,NN
rs117820111,22,25650333,NN
rs5760942,22,25650406,NN
rs4049513,22,25655751,NN
rs4822597,22,25658525,NN
esv3647453;esv3647454;esv3647455,22,25659945,NN
rs9612921,22,25661725,NN
rs57911975,22,25662513,NN
rs79098520,22,25669106,NN
esv3647456,22,25681481,NN
rs6004549,22,25686040,NN
rs5996898,22,25687568,NN
rs77216574,22,25688138,NN
rs4083400,22,25700895,NN
esv3647457;esv3647458;esv3647459;esv3647460,22,25703077,NN
rs184479432,22,25710828,NN
rs117086965,22,25714539,NN
rs111620891,22,25716759,NN
esv3647461;esv3647462;esv3647463;esv3647464,22,25719881,NN
rs6004579,22,25723537,NN
rs8141167,22,25729992,NN
rs117973613,22,25731297,NN
rs6004588,22,25731679,NN
rs17616994,22,25755878,NN
rs117409212,22,25758845,NN
rs79854676,22,25761309,NN
rs118136332,22,25762338,NN
rs78345670,22,25768387,NN
rs112545545,22,25770201,NN
rs369562860,22,25773378,NN
rs116869380,22,25779198,NN
rs35022386,22,25785191,NN
rs4315631,22,25791019,NN
esv3647465;esv3647466;esv3647467;esv3647468,22,25805053,NN
rs77961563,22,25809940,NN
rs1123139,22,25815491,NN
rs113838126,22,25816074,NN
rs9624822,22,25818327,NN
rs118133467,22,25824572,NN
esv3647470;esv3647471;esv3647472;esv3647473,22,25825377,NN
rs8135113,22,25834323,NN
rs17680597,22,25842934,NN
rs138988428,22,25845832,NN
rs76280871,22,25846283,NN
esv3647474;esv3647475;esv3647476,22,25846677,NN
rs75170820,22,25849697,NN
rs72617269,22,25869092,NN
rs35241381,22,25871709,NN
rs73410917,22,25872690,NN
rs5996945,22,25875573,NN
rs9612975,22,25875813,NN
rs613392,22,25880883,NN
rs117605166,22,25882628,NN
rs73166947,22,25885084,NN
rs7292626,22,25887513,NN
rs11090398,22,25889157,NN
rs74433423,22,25892660,NN
rs117738614,22,25903666,NN
rs117484607,22,25903901,NN
rs117486424,22,25909435,NN
rs17692668,22,25911465,NN
rs5752173,22,25924444,NN
esv3647477,22,25928083,NN
rs35224782,22,25929538,NN
rs1467387,22,25931372,NN
rs9612986,22,25931437,NN
rs577596,22,25931606,NN
rs542162,22,25938025,NN
rs5761102,22,25938944,NN
rs80041057,22,25939254,NN
rs5752175,22,25940411,NN
rs2331111,22,25942595,NN
rs5752177,22,25945704,NN
rs74863143,22,25946301,NN
rs73166990,22,25950921,NN
rs5752182,22,25951739,NN
rs41257974,22,25953350,NN
rs74935100,22,25955459,NN
rs113646180,22,25955765,NN
rs5761122,22,25959309,NN
rs41262444,22,25959702,NN
rs7285640,22,25964737,NN
rs16980490,22,25969455,NN
rs41261944,22,25973678,NN
rs111778243,22,25978279,NN
rs74805376,22,25978464,NN
rs113276635,22,25984058,NN
rs73166997,22,25985070,NN
rs111268308,22,25988497,NN
rs7286623,22,25993171,NN
esv3647478,22,25994364,NN
rs2179243,22,25995783,NN
rs117375099,22,26011073,NN
rs9612998,22,26022728,NN
rs78807374,22,26031613,NN
rs146681989,22,26039263,NN
rs8142086,22,26046513,NN
rs146563811,22,26061048,NN
rs6004737,22,26065034,NN
rs138356446,22,26069934,NN
rs5752196,22,26071558,NN
rs3817819,22,26075188,NN
rs149993490,22,26084003,NN
rs3730314,22,26086323,NN
rs139166860,22,26090805,NN
rs3730114,22,26091306,NN
rs3730315,22,26100037,NN
rs28763891,22,26110305,NN
rs77839692,22,26115228,NN
rs78294019,22,26117001,NN
rs3747127,22,26118500,NN
rs41281565,22,26119378,NN
rs41277329,22,26122513,NN
rs3827376,22,26124125,NN
rs10212011,22,26132612,NN
rs9608418,22,26133455,NN
rs79846137,22,26134776,NN
rs133860,22,26144760,NN
rs11090409,22,26146429,NN
rs144185248,22,26151433,NN
rs73168921,22,26152229,NN
rs112166231,22,26156401,NN
rs61734946,22,26157068,NN
rs139296373,22,26157081,NN
rs6004758,22,26157299,NN
rs8138918,22,26158448,NN
rs133885,22,26159289,NN
rs4820654,22,26162902,NN
rs133902,22,26164079,NN
rs2748221,22,26165514,NN
rs117243697,22,26166934,NN
rs9608422,22,26167705,NN
rs78365988,22,26169203,NN
rs147614587,22,26169910,NN
rs5761170,22,26173661,NN
rs9624898,22,26175283,NN
rs8142661,22,26179312,NN
rs78253204,22,26179340,NN
rs13058364,22,26180032,NN
rs112900389,22,26181397,NN
rs116917090,22,26181617,NN
rs145992177,22,26182829,NN
rs12628523,22,26184205,NN
rs5996973,22,26185235,NN
rs17624941,22,26185291,NN
rs117162364,22,26185771,NN
rs2038323,22,26188939,NN
rs79080767,22,26192765,NN
rs910521,22,26197929,NN
rs79758417,22,26199527,NN
rs5752216,22,26202924,NN
rs5761250,22,26209553,NN
rs117058083,22,26210585,NN
rs6004774,22,26216160,NN
rs16980808,22,26216282,NN
rs9624909,22,26222454,NN
rs41281575,22,26224704,NN
rs147134820,22,26224835,NN
rs5996984,22,26225298,NN
rs7286591,22,26225384,NN
rs77822208,22,26226133,NN
rs12165565,22,26226630,NN
rs12166250,22,26226815,NN
rs6004789,22,26229142,NN
rs3887776,22,26230640,NN
rs117854317,22,26232096,NN
rs191560703,22,26234872,NN
rs41281577,22,26239698,NN
rs144564568,22,26239784,NN
rs5761271,22,26239950,NN
rs192287243,22,26240650,NN
rs35252978,22,26242096,NN
rs185802314,22,26242129,NN
rs147431883,22,26242796,NN
rs141637414,22,26244940,NN
rs5996988,22,26247456,NN
rs141136937,22,26250234,NN
rs9624920,22,26250235,NN
rs695427,22,26254248,NN
rs12169347,22,26260606,NN
rs137859315,22,26264278,NN
rs143444239,22,26264290,NN
rs5996993,22,26265711,NN
rs111369675,22,26268476,NN
rs1573755,22,26270464,NN
rs35578357,22,26272244,NN
rs17633130,22,26273049,NN
rs1158340,22,26274949,NN
rs739281,22,26277148,NN
rs695430,22,26278427,NN
rs739282,22,26283020,NN
rs188687136,22,26286730,NN
rs35761934,22,26287482,NN
rs9968038,22,26290723,NN
rs55959401,22,26293158,NN
rs77999892,22,26297142,NN
rs5761308,22,26304988,NN
rs34427191,22,26309130,NN
rs5761313,22,26313745,NN
rs9613037,22,26316491,NN
rs183362649,22,26317261,NN
rs117775260,22,26319451,NN
rs199762739,22,26324320,NN
rs35141530,22,26326222,NN
rs149981380,22,26329358,NN
rs2269638,22,26329516,NN
rs1013815,22,26330370,NN
rs6004840,22,26333551,NN
rs2331195,22,26335966,NN
rs6004851,22,26346108,NN
rs150530817,22,26351253,NN
rs139536173,22,26351314,NN
rs1894677,22,26361327,NN
rs713734,22,26364619,NN
rs9306419,22,26369358,NN
rs7287110,22,26376541,NN
rs9620576,22,26378715,NN
rs61174692,22,26378722,NN
rs6004864,22,26379837,NN
rs76569725,22,26383294,NN
rs73154155,22,26385093,NN
rs7292853,22,26387064,NN
rs147898739,22,26388398,NN
rs8139900,22,26394724,NN
rs116989446,22,26395407,NN
rs12485167,22,26407134,NN
rs7288885,22,26408660,NN
rs6004895,22,26412755,NN
rs5752254,22,26415475,NN
rs4822682,22,26418568,NN
rs149103381,22,26423285,NN
rs117042106,22,26423579,NN
rs73154188,22,26425690,NN
rs5752257,22,26427848,NN
rs8136102,22,26429185,NN
rs148544935,22,26430149,NN
rs17361758,22,26430221,NN
rs6004913,22,26438495,NN
rs75620797,22,26440366,NN
rs76496928,22,26440520,NN
rs9624968,22,26453030,NN
rs145325809,22,26464705,NN
rs2207531,22,26466235,NN
rs62224195,22,26467325,NN
rs16981327,22,26471046,NN
rs4499534,22,26472006,NN
rs191709607,22,26473643,NN
rs373213917,22,26474522,NN
rs16981352,22,26476063,NN
rs134693,22,26479951,NN
rs11090428,22,26485668,NN
rs11705662,22,26487205,NN
rs146151565,22,26490284,NN
rs73883982,22,26496258,NN
rs134703,22,26500417,NN
rs9608458,22,26500958,NN
rs62224199,22,26501161,NN
rs134709,22,26503944,NN
rs6519640,22,26504839,NN
rs35930634,22,26506851,NN
rs134738,22,26520808,NN
rs134740,22,26521071,NN
rs12160621,22,26536088,NN
rs134748,22,26543287,NN
rs189116857,22,26544820,NN
rs117554095,22,26545840,NN
rs5752271,22,26546312,NN
rs9613115,22,26548342,NN
rs117700807,22,26549355,NN
rs5020429,22,26553694,NN
rs79619632,22,26555239,NN
rs134755,22,26565156,NN
rs199592259,22,26565686,NN
rs9608467,22,26568194,NN
rs5761393,22,26572830,NN
rs76068434,22,26574856,NN
rs117666218,22,26580013,NN
rs12053781,22,26581926,NN
rs134762,22,26582436,NN
rs17372172,22,26583547,NN
rs5997051,22,26593779,NN
rs134769,22,26597805,NN
rs7288552,22,26598376,NN
rs113368973,22,26602964,NN
rs62224246,22,26610335,NN
rs9620595,22,26634750,NN
rs74362858,22,26642068,NN
rs79518473,22,26642646,NN
rs737792,22,26651766,NN
rs713738,22,26653212,NN
rs11705024,22,26653614,NN
rs35486390,22,26659335,NN
rs5752300,22,26660760,NN
rs138044027,22,26666748,NN
rs137182,22,26668524,NN
rs137190,22,26675608,NN
rs7292813,22,26681453,NN
rs677499,22,26681640,NN
rs137203,22,26688831,NN
rs200380172,22,26690308,NN
rs74276944,22,26695920,NN
rs76400344,22,26697120,NN
rs1210894,22,26702015,NN
rs138692969,22,26702041,NN
rs117917851,22,26706697,NN
rs142214073,22,26706743,NN
rs201869380,22,26707892,NN
rs581562,22,26715393,NN
rs3788378,22,26715923,NN
rs628319,22,26718894,NN
rs2331244,22,26719009,NN
rs12169255,22,26720194,NN
rs596224,22,26722944,NN
rs118149111,22,26723950,NN
rs74436227,22,26729475,NN
rs11705436,22,26729946,NN
rs9613160,22,26735570,NN
rs5761487,22,26738225,NN
rs76929387,22,26739167,NN
rs6005020,22,26748225,NN
rs582028,22,26748910,NN
rs655581,22,26750230,NN
rs74582903,22,26751224,NN
rs4822712,22,26759177,NN
rs60652443,22,26760736,NN
rs5761499,22,26767018,NN
rs654245,22,26767267,NN
rs66508334,22,26769261,NN
rs738400,22,26773254,NN
rs667577,22,26774580,NN
rs16981994,22,26778335,NN
rs627229,22,26781250,NN
rs73160807,22,26784284,NN
rs11090440,22,26789595,NN
rs2226691,22,26789849,NN
rs650276,22,26792236,NN
rs59337862,22,26792243,NN
rs79637597,22,26792433,NN
rs8139330,22,26792602,NN
rs5752319,22,26792643,NN
rs117001692,22,26793284,NN
rs621761,22,26794102,NN
rs138133408,22,26796531,NN
rs8140344,22,26800199,NN
rs600878,22,26800975,NN
rs6005042,22,26801287,NN
rs483926,22,26801967,NN
rs368845117,22,26808392,NN
rs77204037,22,26808788,NN
rs78082758,22,26812132,NN
rs74457675,22,26813302,NN
rs13057979,22,26833455,NN
rs5761524,22,26836008,NN
rs112893535,22,26840074,NN
rs11913750,22,26841390,NN
rs6005051,22,26844866,NN
rs117935333,22,26846387,NN
rs76698785,22,26846447,NN
rs149568178,22,26849285,NN
rs5761540,22,26858108,NN
rs9608491,22,26870985,NN
rs149126501,22,26873051,NN
rs5752332,22,26874614,NN
rs41281585,22,26878283,NN
rs80306655,22,26880174,NN
rs34981548,22,26888024,NN
rs134145,22,26909750,NN
rs73421329,22,26910261,NN
rs134157,22,26916722,NN
rs134162,22,26917418,NN
rs13056218,22,26917626,NN
rs3088103,22,26920048,NN
rs5761581,22,26920312,NN
rs4149485,22,26922228,NN
rs2283817,22,26923155,NN
rs148373646,22,26923878,NN
rs2283822,22,26924312,NN
rs201717714,22,26932231,NN
rs5761587,22,26937087,NN
rs77223678,22,26939365,NN
rs75453083,22,26941385,NN
rs7288210,22,26942127,NN
rs75587512,22,26954578,NN
rs9613208,22,26955896,NN
rs58767350,22,26956562,NN
rs2283832,22,26959859,NN
rs2283834,22,26960402,NN
rs117981463,22,26961570,NN
rs13055271,22,26962033,NN
rs4822740,22,26963254,NN
rs763088,22,26963438,NN
rs73163219,22,26973261,NN
rs8140872,22,26977835,NN
rs4822743,22,26981039,NN
rs73163238,22,26982787,NN
rs143794570,22,26988625,NN
rs5752351,22,26990807,NN
rs183729679,22,26995524,NN
rs78165948,22,27002555,NN
rs4822753,22,27011460,NN
rs142090709,22,27019197,NN
rs200980598,22,27019225,NN
rs12053788,22,27019235,NN
rs35520672,22,27019264,NN
rs2071862,22,27021401,NN
rs149353652,22,27024258,NN
rs182284999,22,27024395,NN
rs756505,22,27030951,NN
rs6005101,22,27033321,NN
rs5997110,22,27036505,NN
rs5761655,22,27038853,NN
esv3647482,22,27049993,NN
rs739310,22,27051299,NN
rs16982564,22,27054179,NN
rs7284198,22,27054199,NN
rs80337067,22,27056518,NN
rs5761665,22,27057439,NN
rs78699720,22,27061285,NN
rs4274,22,27064287,NN
rs5752378,22,27069835,NN
rs60204004,22,27075281,NN
rs73425698,22,27085310,NN
rs74384672,22,27089752,NN
rs28613882,22,27095262,NN
rs73165442,22,27100562,NN
rs117274373,22,27107115,NN
esv3647483,22,27109451,NN
rs5752388,22,27109475,NN
rs74357507,22,27117240,NN
rs4822782,22,27117672,NN
rs6005148,22,27119905,NN
rs6005150,22,27122480,NN
rs9625080,22,27128276,NN
rs28360616,22,27129463,NN
rs62650082,22,27132550,NN
rs5761716,22,27133734,NN
rs200966972,22,27136852,NN
rs6005154,22,27141605,NN
rs1015067,22,27149053,NN
rs5761730,22,27152775,NN
rs67292771,22,27153246,NN
rs78476966,22,27159657,NN
rs6005159,22,27159832,NN
rs573612577,22,27161034,NN
rs1476034,22,27161035,NN
rs11703244,22,27161589,NN
rs80151504,22,27163014,NN
rs4820706,22,27167348,NN
rs5761743,22,27170725,NN
rs73415934,22,27172360,NN
rs5761748,22,27177355,NN
rs74756528,22,27179871,NN
rs73415948,22,27180156,NN
rs5761749,22,27180392,NN
esv3647485,22,27181567,NN
rs79482918,22,27182656,NN
rs117503488,22,27186310,NN
rs9608520,22,27188868,NN
rs2285155,22,27189536,NN
rs713752,22,27189774,NN
rs117071795,22,27190432,NN
rs737774,22,27190734,NN
rs4822799,22,27191942,NN
rs73167426,22,27194757,NN
rs72617274,22,27195261,NN
rs62223037,22,27197034,NN
rs4822801,22,27198719,NN
rs9608521,22,27199237,NN
rs5752420,22,27205534,NN
rs1476033,22,27206289,NN
rs12170701,22,27210131,NN
rs12157601,22,27211083,NN
rs2227187,22,27211572,NN
rs6005189,22,27213199,NN
rs5761771,22,27213968,NN
rs720914,22,27219881,NN
rs13054025,22,27222059,NN
rs10483128,22,27222694,NN
rs11090455,22,27223656,NN
rs5761776,22,27227219,NN
rs5761777,22,27227454,NN
rs113297171,22,27230344,NN
rs75866554,22,27231303,NN
rs136504,22,27236439,NN
rs716153,22,27240175,NN
rs7284543,22,27240456,NN
rs16982905,22,27242407,NN
rs136519,22,27243234,NN
rs117129281,22,27244809,NN
rs136526,22,27245137,NN
rs136531,22,27245485,NN
rs118086397,22,27248484,NN
rs73167457,22,27251046,NN
rs10483129,22,27258789,NN
rs117051882,22,27263317,NN
rs9306428,22,27264282,NN
rs5761797,22,27264880,NN
rs9613280,22,27268535,NN
rs137894977,22,27268625,NN
rs11913436,22,27273064,NN
rs9608535,22,27274720,NN
rs113176204,22,27274880,NN
rs117925381,22,27276488,NN
rs4822810,22,27277683,NN
rs4242,22,27284022,NN
rs5752435,22,27287323,NN
rs9608537,22,27294773,NN
rs5997136,22,27296460,NN
rs13058632,22,27299692,NN
rs4820717,22,27300463,NN
rs1071957,22,27301137,NN
rs117032058,22,27303200,NN
rs6005232,22,27305180,NN
rs11704127,22,27305781,NN
rs117355313,22,27306502,NN
rs76209731,22,27310310,NN
rs9613297,22,27314016,NN
rs6005236,22,27320093,NN
rs5997146,22,27325416,NN
rs5752447,22,27331206,NN
rs117432314,22,27333147,NN
rs2001134,22,27337048,NN
rs117744983,22,27338017,NN
rs739256,22,27339184,NN
rs57166078,22,27341095,NN
rs16983208,22,27343107,NN
rs73410542,22,27343369,NN
rs5761863,22,27348456,NN
rs9613305,22,27349849,NN
rs5752452,22,27350567,NN
rs75346095,22,27353319,NN
rs5761868,22,27355277,NN
rs763136,22,27355348,NN
rs5752454,22,27361417,NN
rs5761877,22,27361465,NN
rs9613315,22,27372397,NN
rs189110377,22,27373926,NN
rs5752459,22,27373934,NN
rs6005255,22,27376910,NN
rs7289738,22,27379830,NN
rs2157465,22,27381346,NN
rs117576819,22,27383227,NN
rs74531784,22,27384411,NN
rs74523482,22,27385471,NN
rs117737849,22,27385618,NN
rs5761894,22,27388110,NN
rs743959,22,27389201,NN
rs117442269,22,27394612,NN
rs6005260,22,27394843,NN
rs73882514,22,27395324,NN
rs8137218,22,27395937,NN
rs117927378,22,27399100,NN
rs56102329,22,27405928,NN
rs2516090,22,27406436,NN
rs12159895,22,27406501,NN
rs9613340,22,27406912,NN
esv3647486;esv3647487,22,27408610,NN
esv3647488,22,27410274,NN
rs134913,22,27413509,NN
rs16983396,22,27416197,NN
rs73169568,22,27418958,NN
rs17343778,22,27419239,NN
rs114559,22,27420113,NN
rs74536568,22,27424579,NN
rs134932,22,27425365,NN
rs9620654,22,27430724,NN
rs742002,22,27435086,NN
rs17428730,22,27435450,NN
rs760526,22,27435577,NN
rs116531902,22,27437755,NN
rs1157613,22,27438359,NN
rs5752472,22,27438543,NN
rs973902,22,27440326,NN
rs3091387,22,27441379,NN
rs713706,22,27443484,NN
rs35283268,22,27444509,NN
rs60393690,22,27444609,NN
rs13053916,22,27460810,NN
rs5752476,22,27461803,NN
rs56234606,22,27463700,NN
rs5761940,22,27470329,NN
rs4822843,22,27471525,NN
rs16983592,22,27473169,NN
rs8140194,22,27481176,NN
rs76976452,22,27481970,NN
rs1883117,22,27482638,NN
rs10854797,22,27485111,NN
rs760529,22,27485345,NN
rs115249322,22,27487640,NN
rs4822848,22,27487815,NN
rs5761954,22,27489102,NN
rs5761960,22,27491363,NN
rs5761962,22,27492463,NN
rs9625138,22,27493601,NN
rs73880414,22,27497182,NN
rs5761974,22,27497704,NN
esv3647491,22,27497895,NN
rs5752490,22,27499784,NN
rs57544677,22,27499878,NN
rs78952095,22,27501497,NN
rs8142849,22,27502783,NN
rs4822859,22,27508858,NN
rs7364181,22,27511707,NN
rs5761993,22,27512383,NN
rs16983756,22,27520665,NN
rs56020504,22,27520769,NN
rs134944,22,27521114,NN
rs7291526,22,27521818,NN
rs738152,22,27522430,NN
rs1003704,22,27527005,NN
rs9613383,22,27532926,NN
rs148180098,22,27534117,NN
rs74903581,22,27534520,NN
rs59614553,22,27536125,NN
rs134958,22,27536275,NN
rs113558614,22,27543843,NN
rs6005312,22,27548374,NN
rs6005315,22,27550639,NN
rs9625160,22,27552631,NN
rs10427939,22,27553126,NN
rs9620665,22,27557030,NN
rs17433244,22,27557349,NN
rs117586828,22,27557779,NN
rs134967,22,27557929,NN
rs9625168,22,27559540,NN
rs77572739,22,27559701,NN
rs738156,22,27561500,NN
rs77570866,22,27562937,NN
rs9625170,22,27563274,NN
rs150479866,22,27563565,NN
rs9625172,22,27565531,NN
rs760523,22,27565958,NN
rs2090615,22,27566382,NN
rs117601748,22,27567120,NN
rs17433761,22,27567244,NN
rs13056281,22,27571639,NN
rs9613392,22,27575927,NN
rs77296339,22,27576391,NN
rs147545700,22,27583397,NN
rs138470901,22,27583494,NN
rs8143105,22,27584291,NN
rs2342401,22,27587001,NN
rs117920541,22,27588590,NN
rs5762023,22,27591348,NN
rs117960813,22,27592937,NN
rs77577528,22,27600211,NN
rs559474,22,27603908,NN
rs474758,22,27610995,NN
rs75572116,22,27611054,NN
rs570412,22,27614526,NN
rs113890451,22,27616270,NN
rs5997198,22,27616993,NN
rs715562,22,27617895,NN
rs75860721,22,27620995,NN
rs75972762,22,27621252,NN
rs1519221,22,27622907,NN
rs117789922,22,27626877,NN
rs77445257,22,27627392,NN
rs498789,22,27627416,NN
rs575783,22,27628728,NN
rs116958332,22,27632675,NN
rs13057983,22,27635263,NN
rs5762042,22,27636606,NN
rs9625187,22,27638662,NN
rs190240198,22,27641031,NN
rs566039,22,27642581,NN
rs57894223,22,27644589,NN
rs738488,22,27647504,NN
rs134775,22,27649024,NN
rs134783,22,27651715,NN
rs134785,22,27652289,NN
rs134788,22,27653252,NN
esv3647493,22,27654811,NN
rs73153914,22,27655025,NN
rs79137,22,27657507,NN
rs518350,22,27657544,NN
rs116570450,22,27657550,NN
rs5997206,22,27659743,NN
rs6005350,22,27660348,NN
rs472985,22,27660487,NN
rs932299,22,27661009,NN
rs5762049,22,27662213,NN
rs6005353,22,27662460,NN
rs134794,22,27668370,NN
rs73153949,22,27673865,NN
rs134810,22,27674832,NN
rs9625197,22,27676577,NN
rs713704,22,27680780,NN
rs13058656,22,27681410,NN
rs7293113,22,27682627,NN
rs78471449,22,27687672,NN
rs8136576,22,27689956,NN
rs768784,22,27690377,NN
rs117039602,22,27693774,NN
rs5762059,22,27694867,NN
rs11705104,22,27696194,NN
rs9613417,22,27696999,NN
rs79136,22,27701317,NN
rs1607498,22,27715209,NN
rs980078,22,27715760,NN
rs150050032,22,27719339,NN
rs13056654,22,27719834,NN
rs77824277,22,27726472,NN
rs12628937,22,27728405,NN
rs545614,22,27729548,NN
rs490362,22,27731470,NN
rs9608600,22,27732598,NN
rs8136465,22,27733540,NN
rs1121442,22,27737024,NN
rs849357,22,27742732,NN
rs55727276,22,27746401,NN
rs569626,22,27747270,NN
rs7511351,22,27748742,NN
rs117282515,22,27749010,NN
rs5997228,22,27754802,NN
rs2142619,22,27756300,NN
rs5752526,22,27757114,NN
rs73883143,22,27762454,NN
rs147847835,22,27763506,NN
rs117425765,22,27764258,NN
rs117525795,22,27765630,NN
rs9613438,22,27766758,NN
rs76161898,22,27777552,NN
rs1006433,22,27778268,NN
rs9620688,22,27779122,NN
rs6005413,22,27781783,NN
rs6005414,22,27783185,NN
rs738502,22,27784837,NN
rs136923,22,27785809,NN
rs136926,22,27786725,NN
rs117774785,22,27786950,NN
rs136927,22,27787480,NN
rs60129675,22,27787622,NN
rs75950407,22,27787906,NN
rs78825018,22,27788460,NN
rs5762111,22,27789634,NN
rs117104420,22,27792405,NN
rs117301803,22,27793283,NN
rs12627862,22,27793289,NN
rs5762112,22,27793641,NN
rs5762114,22,27794842,NN
rs136929,22,27796866,NN
rs75418297,22,27798982,NN
rs136944,22,27804019,NN
rs79556,22,27814314,NN
rs9625225,22,27815426,NN
rs127190,22,27816514,NN
rs733164,22,27816784,NN
rs6005427,22,27817300,NN
rs13055229,22,27819250,NN
rs56035550,22,27820156,NN
rs4140448,22,27820751,NN
rs79106317,22,27823827,NN
rs2207361,22,27825804,NN
rs17448487,22,27829108,NN
rs78698788,22,27831075,NN
rs9306440,22,27831342,NN
rs13058149,22,27831347,NN
rs117653743,22,27831965,NN
rs117537977,22,27835627,NN
rs10222263,22,27838849,NN
rs117612035,22,27839161,NN
rs35050644,22,27840037,NN
rs16984688,22,27843494,NN
rs9620697,22,27846802,NN
rs5762151,22,27847318,NN
rs9620698,22,27847393,NN
rs76080202,22,27847401,NN
rs6005451,22,27852183,NN
rs73158493,22,27854724,NN
rs5752551,22,27857717,NN
rs73158499,22,27861369,NN
rs5752554,22,27862808,NN
rs16986845,22,27866472,NN
rs16984797,22,27872277,NN
rs79602328,22,27873319,NN
rs5762182,22,27876939,NN
rs12484788,22,27878619,NN
rs1884132,22,27878857,NN
rs11913002,22,27886736,NN
rs2092741,22,27888434,NN
rs55970456,22,27891410,NN
rs926833,22,27894675,NN
rs5762209,22,27895825,NN
rs6005480,22,27898321,NN
rs17465171,22,27899464,NN
rs5762213,22,27899867,NN
rs4820763,22,27900025,NN
rs738566,22,27900961,NN
rs738565,22,27901804,NN
rs7284384,22,27903116,NN
rs742942,22,27905428,NN
rs8141487,22,27905762,NN
rs737384,22,27913012,NN
rs4419326,22,27913532,NN
rs16984925,22,27914576,NN
rs62236568,22,27915705,NN
rs8136304,22,27917070,NN
rs9620701,22,27918710,NN
rs61376987,22,27920038,NN
rs6005498,22,27920961,NN
rs8140407,22,27923635,NN
rs75292981,22,27923644,NN
rs9625255,22,27923888,NN
rs16984937,22,27924906,NN
rs5762235,22,27925288,NN
rs28499569,22,27927026,NN
rs137147,22,27931842,NN
rs5762239,22,27932079,NN
rs926936,22,27934709,NN
rs6005503,22,27935369,NN
rs6005504,22,27937681,NN
rs743262,22,27937982,NN
rs16985013,22,27944404,NN
rs11703793,22,27946507,NN
rs910545,22,27946986,NN
rs8137926,22,27948878,NN
rs4822907,22,27953418,NN
rs4822908,22,27953716,NN
rs116950499,22,27953924,NN
rs960613,22,27957965,NN
rs881459,22,27960673,NN
rs34957067,22,27965330,NN
rs5762255,22,27966655,NN
rs4822913,22,27967966,NN
rs5762258,22,27970444,NN
rs762064,22,27974819,NN
rs9625275,22,27979102,NN
rs12483847,22,27985473,NN
rs7287557,22,27988228,NN
rs12169489,22,27988234,NN
rs9613476,22,27989777,NN
rs12485080,22,27994183,NN
rs735848,22,27997290,NN
rs9613481,22,28005082,NN
rs9613483,22,28005495,NN
rs9613492,22,28016289,NN
rs9608633,22,28019060,NN
rs133980,22,28022728,NN
rs117623535,22,28025519,NN
rs2343414,22,28027395,NN
rs16985179,22,28029538,NN
rs133999,22,28030650,NN
rs16986928,22,28034964,NN
rs117683266,22,28036418,NN
rs116954745,22,28040054,NN
rs16985255,22,28041883,NN
rs55926944,22,28046516,NN
rs134029,22,28048932,NN
rs9613504,22,28050390,NN
rs134032,22,28050517,NN
rs141371196,22,28051433,NN
rs5752606,22,28053874,NN
rs181048202,22,28056207,NN
rs9620716,22,28058655,NN
rs186577414,22,28062509,NN
rs134071,22,28062787,NN
rs134083,22,28065480,NN
rs73162382,22,28069659,NN
rs73162383,22,28069802,NN
rs134099,22,28071675,NN
rs17384972,22,28072029,NN
rs715559,22,28075879,NN
rs77548571,22,28081137,NN
rs134116,22,28082093,NN
rs75232099,22,28085792,NN
rs134128,22,28090374,NN
rs79849446,22,28094751,NN
rs1885364,22,28094845,NN
rs77250638,22,28096820,NN
rs5762321,22,28098110,NN
rs73164414,22,28099042,NN
rs142250799,22,28099659,NN
rs9608643,22,28101366,NN
rs5762324,22,28101614,NN
rs1885363,22,28101703,NN
rs4820773,22,28102627,NN
rs1569950,22,28103259,NN
rs11090507,22,28105851,NN
rs117884976,22,28107887,NN
rs9625309,22,28110965,NN
rs77028169,22,28114971,NN
rs80220843,22,28115498,NN
rs73164445,22,28118307,NN
rs73164449,22,28119559,NN
rs78422325,22,28127758,NN
rs134131,22,28128858,NN
rs9620727,22,28129120,NN
rs62235597,22,28129521,NN
rs112702714,22,28129613,NN
rs76237353,22,28133403,NN
rs5752628,22,28135297,NN
rs5752629,22,28136728,NN
rs6005605,22,28141301,NN
rs41277849,22,28145327,NN
rs527565559,22,28146276,NN
rs41277851,22,28146277,NN
rs45583937,22,28146735,NN
rs12233370,22,28147189,NN
rs45603340,22,28147477,NN
rs7289065,22,28149693,NN
rs2267107,22,28152601,NN
rs2106150,22,28152639,NN
rs2267113,22,28155404,NN
rs3819658,22,28160074,NN
rs74851938,22,28161931,NN
rs4820777,22,28163994,NN
rs8142823,22,28171510,NN
rs2073780,22,28175162,NN
rs45512704,22,28178514,NN
rs424345,22,28182510,NN
rs45443199,22,28183653,NN
rs12166473,22,28185452,NN
rs13055370,22,28189171,NN
rs111772299,22,28190801,NN
rs10719007,22,28190802,NN
rs45571543,22,28191895,NN
rs45589739,22,28192982,NN
rs201879268,22,28193807,NN
rs200805240,22,28196248,NN
rs200030766,22,28196476,NN
rs8136754,22,28197815,NN
rs11704207,22,28208794,NN
rs117447690,22,28209867,NN
rs5997320,22,28270372,NN
rs118096969,22,28281348,NN
rs1016495,22,28288136,NN
rs2267126,22,28288310,NN
rs2143180,22,28298336,NN
rs35866626,22,28299705,NN
rs17480971,22,28311543,NN
rs148783356,22,28326028,NN
rs79830144,22,28333183,NN
rs117718780,22,28335603,NN
rs73166759,22,28341895,NN
rs113221608,22,28350807,NN
rs7292859,22,28368266,NN
rs470097,22,28373744,NN
rs2294819,22,28374461,NN
rs41277943,22,28377908,NN
rs5762430,22,28378472,NN
rs17482652,22,28378998,NN
rs75173815,22,28394985,NN
rs7286215,22,28397709,NN
rs35098100,22,28406222,NN
rs16985903,22,28422777,NN
rs6005697,22,28423935,NN
rs17483998,22,28426321,NN
rs73166782,22,28430952,NN
rs187049338,22,28440671,NN
rs73880377,22,28444431,NN
rs79037983,22,28459665,NN
rs117058256,22,28459871,NN
rs118067492,22,28477048,NN
rs74595558,22,28497917,NN
rs74604668,22,28498525,NN
rs77885044,22,28501414,NN
rs73166793,22,28508895,NN
rs5752698,22,28518270,NN
rs17407481,22,28537490,NN
rs2064360,22,28541350,NN
rs117963967,22,28546311,NN
rs5762497,22,28546346,NN
esv3647503,22,28565583,NN
esv3647504;esv3647505,22,28565661,NN
rs117267414,22,28570450,NN
rs5762511,22,28575543,NN
rs7284814,22,28583738,NN
esv3647506,22,28592562,NN
rs117436126,22,28605145,NN
rs191767899,22,28613947,NN
rs149588501,22,28620222,NN
rs34637076,22,28620687,NN
rs134178,22,28625291,NN
rs9613584,22,28652769,NN
rs117786444,22,28669296,NN
rs76453822,22,28672798,NN
rs145343116,22,28685796,NN
rs5762549,22,28693496,NN
rs6005757,22,28714205,NN
rs182490741,22,28717643,NN
esv3647508,22,28737087,NN
rs117963935,22,28737499,NN
rs75552099,22,28740064,NN
rs9613597,22,28742156,NN
rs149998818,22,28750293,NN
rs35313550,22,28769172,NN
rs134529,22,28781758,NN
rs5997363,22,28794069,NN
rs142275913,22,28795082,NN
rs13054496,22,28800401,NN
rs117075190,22,28819454,NN
rs147921360,22,28828832,NN
rs16986438,22,28841049,NN
rs142210069,22,28846811,NN
rs117010837,22,28847723,NN
rs35286648,22,28861979,NN
rs117166491,22,28869010,NN
rs695318,22,28882973,NN
rs74720230,22,28894879,NN
rs7290977,22,28896176,NN
rs73168191,22,28910521,NN
rs117790963,22,28910679,NN
rs695709,22,28912855,NN
rs118074551,22,28915176,NN
rs9620804,22,28919200,NN
rs2144922,22,28923317,NN
rs140819105,22,28933320,NN
rs13056776,22,28972465,NN
rs16986544,22,28995694,NN
rs75873242,22,28997273,NN
rs111623460,22,29004570,NN
rs193015570,22,29010654,NN
rs137881549,22,29038445,NN
rs77884683,22,29039167,NN
rs117577667,22,29056152,NN
rs150764826,22,29069740,NN
rs73881117,22,29070251,NN
rs564605612,22,29090030,NN
rs17886163,22,29091147,NN
rs200050883,22,29091178,NN
rs531398630,22,29091846,NN
rs1547014,22,29100711,NN
rs111724290,22,29101636,NN
rs5762757,22,29104959,NN
rs2073326,22,29105527,NN
rs1884816,22,29106733,NN
rs140551986,22,29107858,NN
rs545982789,22,29107895,NN
rs16986640,22,29108112,NN
rs17882704,22,29108695,NN
esv3647517,22,29114293,NN
rs4822983,22,29115066,NN
rs200451612,22,29115403,NN
rs575910805,22,29121077,NN
rs17879961,22,29121087,NN
rs121908700,22,29121360,NN
rs738722,22,29130012,NN
rs1033667,22,29130300,NN
rs17883862,22,29130456,NN
rs116925750,22,29132393,NN
rs5762764,22,29132990,NN
rs5997389,22,29134719,NN
rs141310810,22,29141513,NN
esv3647518,22,29143808,NN
rs6005861,22,29154237,NN
rs6005863,22,29156448,NN
rs6005868,22,29165766,NN
rs5762788,22,29174770,NN
rs77099742,22,29182169,NN
rs56119508,22,29182795,NN
rs2239815,22,29192670,NN
rs2269577,22,29196757,NN
rs149608812,22,29196769,NN
rs6005893,22,29199790,NN
rs59025667,22,29227672,NN
rs6005907,22,29227971,NN
rs75568974,22,29231383,NN
rs116079686,22,29236395,NN
rs76205571,22,29236402,NN
rs74542537,22,29261685,NN
rs62235754,22,29277895,NN
rs5762879,22,29286180,NN
rs62235757,22,29299100,NN
rs16986825,22,29300306,NN
rs132541,22,29307158,NN
rs17517292,22,29342963,NN
rs5762912,22,29351030,NN
rs13056576,22,29351381,NN
rs117898841,22,29376972,NN
rs5762930,22,29378708,NN
rs4823000,22,29379891,NN
esv3647523,22,29383772,NN
rs12628368,22,29383927,NN
rs5762942,22,29390049,NN
rs5752851,22,29398459,NN
rs76590496,22,29406609,NN
rs115134039,22,29413019,NN
rs9613774,22,29416751,NN
rs9613777,22,29420482,NN
rs8137391,22,29422227,NN
rs73882433,22,29422855,NN
rs76891380,22,29428897,NN
rs73882442,22,29430848,NN
rs2294239,22,29449477,NN
rs62236881,22,29450193,NN
rs4823006,22,29451671,NN
rs3178915,22,29453027,NN
rs9625679,22,29456699,NN
rs6005977,22,29456733,NN
rs41281609,22,29456796,NN
esv3647524,22,29457484,NN
rs186685575,22,29457550,NN
rs134566,22,29463089,NN
rs20037,22,29477841,NN
rs5762981,22,29480954,NN
rs73154228,22,29484928,NN
rs5752865,22,29489001,NN
rs1540900,22,29490148,NN
rs10483154,22,29492258,NN
rs147916432,22,29492880,NN
rs12628787,22,29495373,NN
rs73154236,22,29498137,NN
rs17443950,22,29508504,NN
rs117923199,22,29513811,NN
rs132268,22,29520410,NN
rs79246010,22,29523124,NN
rs132274,22,29525126,NN
rs56062615,22,29531712,NN
rs5763001,22,29536549,NN
rs141981905,22,29537109,NN
rs713728,22,29538468,NN
rs78460344,22,29541697,NN
rs3884934,22,29544839,NN
rs730517,22,29550379,NN
rs116967489,22,29552276,NN
rs17451544,22,29553039,NN
rs132304,22,29556739,NN
rs132314,22,29561826,NN
rs5997452,22,29573165,NN
rs132343,22,29583608,NN
rs143117316,22,29588294,NN
rs60307207,22,29588634,NN
rs132358,22,29596992,NN
rs113501992,22,29597315,NN
rs13055209,22,29599170,NN
rs132369,22,29603611,NN
rs132370,22,29603796,NN
rs12628475,22,29606907,NN
rs375210858,22,29620385,NN
rs132390,22,29621477,NN
rs713992,22,29625911,NN
rs78858203,22,29625946,NN
rs76176511,22,29630269,NN
rs3950176,22,29630337,NN
rs713886,22,29630564,NN
rs79704889,22,29636110,NN
rs6006075,22,29640019,NN
rs117971927,22,29640845,NN
rs533015021,22,29651332,NN
rs2744465,22,29653611,NN
rs138870856,22,29656431,NN
rs141666277,22,29656905,NN
rs117950019,22,29666174,NN
rs11703595,22,29685163,NN
rs117497222,22,29685831,NN
rs2518683,22,29695929,NN
rs117002986,22,29698458,NN
rs58026214,22,29702135,NN
rs13056977,22,29710360,NN
rs78492681,22,29716768,NN
rs5763140,22,29718321,NN
rs117172507,22,29719683,NN
rs117242792,22,29720083,NN
rs148296192,22,29724916,NN
rs11702983,22,29737071,NN
rs8140836,22,29748859,NN
esv3647532,22,29761399,NN
esv3647533,22,29765907,NN
esv3647534,22,29769794,NN
rs118082661,22,29772423,NN
rs174775,22,29791234,NN
rs8141229,22,29794913,NN
rs2283857,22,29797373,NN
rs71329479,22,29805162,NN
rs370128325,22,29818853,NN
rs2018515,22,29818854,NN
rs117876558,22,29823860,NN
rs6006148,22,29827256,NN
rs16987628,22,29837599,NN
rs13054354,22,29840180,NN
rs4823038,22,29844314,NN
rs8135208,22,29845921,NN
rs13053817,22,29847722,NN
rs17523060,22,29850959,NN
rs11703287,22,29851002,NN
rs9608772,22,29852594,NN
rs7289240,22,29854959,NN
esv3647536,22,29873597,NN
rs165649,22,29874250,NN
rs57986874,22,29880261,NN
rs4333024,22,29889201,NN
rs5763275,22,29891925,NN
rs73156595,22,29898728,NN
rs5763284,22,29899724,NN
rs5752933,22,29902192,NN
esv3647538,22,29902388,NN
rs2283859,22,29904519,NN
rs4823044,22,29924825,NN
rs56066153,22,29927243,NN
esv3647539,22,29941011,NN
rs9625826,22,29946238,NN
rs74916285,22,29955623,NN
rs1058642,22,29957570,NN
rs76637042,22,29967630,NN
rs146079589,22,29971431,NN
rs71640299,22,29977229,NN
esv3647542,22,29979176,NN
rs9613972,22,29981324,NN
esv3647543,22,29989691,NN
rs9620910,22,29989913,NN
rs200701337,22,30032880,NN
rs2245194,22,30048182,NN
rs149129654,22,30058754,NN
rs117296787,22,30062452,NN
rs147511432,22,30078205,NN
rs7291645,22,30079213,NN
rs117089825,22,30089766,NN
rs41278851,22,30094366,NN
rs12628506,22,30108660,NN
rs186809522,22,30110038,NN
rs9614037,22,30121285,NN
rs34347404,22,30121678,NN
rs2232903,22,30127367,NN
rs139672836,22,30139064,NN
rs17554391,22,30139377,NN
rs131278,22,30155113,NN
rs12158466,22,30164511,NN
rs118125772,22,30175163,NN
rs144485678,22,30187965,NN
rs61736786,22,30189642,NN
rs9620923,22,30192483,NN
rs4823054,22,30198025,NN
rs28265,22,30200761,NN
rs2057881,22,30208543,NN
rs149440596,22,30220331,NN
rs17711508,22,30220834,NN
rs11549795,22,30221120,NN
rs1894473,22,30221201,NN
rs7285800,22,30222678,NN
rs112670477,22,30223584,NN
DUP_gs_CNV_22_30233965_30252724,22,30233965,NN
rs4820821,22,30240575,NN
rs183632535,22,30287289,NN
esv3647549,22,30288591,NN
rs58768673,22,30302267,NN
rs77356598,22,30311198,NN
rs5763604,22,30312091,NN
rs9625885,22,30315173,NN
rs117423591,22,30317477,NN
rs144881126,22,30318076,NN
rs117760358,22,30331577,NN
esv3647550,22,30335561,NN
rs36600,22,30337586,NN
rs143744585,22,30343702,NN
rs118142954,22,30345581,NN
rs141687939,22,30355838,NN
rs143499849,22,30357136,NN
rs73162767,22,30360781,NN
rs79875810,22,30367854,NN
rs117528977,22,30374414,NN
rs5763662,22,30378703,NN
rs73398656,22,30378926,NN
rs41162,22,30408710,NN
rs180750661,22,30410231,NN
rs41163,22,30411462,NN
rs61737780,22,30415983,NN
rs41278853,22,30416527,NN
rs41170,22,30421066,NN
rs2285645,22,30422708,NN
rs117875018,22,30422860,NN
rs41176,22,30432403,NN
rs145032034,22,30434963,NN
rs41178,22,30440533,NN
rs2010916,22,30441219,NN
rs78989133,22,30467773,NN
rs139787793,22,30470080,NN
rs117920337,22,30473712,NN
rs757026,22,30474310,NN
rs2412970,22,30486826,NN
rs34150968,22,30489945,NN
rs2412971,22,30494371,NN
rs185154372,22,30517476,NN
rs2412973,22,30529631,NN
rs1468177,22,30544559,NN
rs117977244,22,30557267,NN
rs11090600,22,30557278,NN
rs5753037,22,30581722,NN
rs73164754,22,30586761,NN
rs713875,22,30592487,NN
rs16988381,22,30592808,NN
rs9614157,22,30597810,NN
rs77464740,22,30602105,NN
rs9614164,22,30606986,NN
rs73881408,22,30611005,NN
rs9606702,22,30611088,NN
rs117382002,22,30617227,NN
rs8135148,22,30618648,NN
rs9606703,22,30620360,NN
rs143112602,22,30627635,NN
rs144317390,22,30629289,NN
rs8136774,22,30638664,NN
rs737921,22,30640214,NN
rs41282467,22,30641339,NN
rs78239728,22,30650983,NN
rs75292940,22,30656268,NN
rs7289095,22,30658722,NN
rs1476576,22,30660517,NN
rs877549,22,30672420,NN
rs4473498,22,30673368,NN
rs2108093,22,30679387,NN
rs1043099,22,30681257,NN
rs9608865,22,30682767,NN
rs2097919,22,30691631,NN
rs117873737,22,30694998,NN
rs73168603,22,30695372,NN
rs78364627,22,30702551,NN
rs76345075,22,30714123,NN
rs2041199,22,30732236,NN
rs5753081,22,30740653,NN
rs117237368,22,30745204,NN
rs146589352,22,30749230,NN
rs376401060,22,30753834,NN
rs9606721,22,30762035,NN
rs41281643,22,30762178,NN
rs117593119,22,30763735,NN
rs1002189,22,30771458,NN
rs117900841,22,30775120,NN
rs117174875,22,30783659,NN
rs5997637,22,30794950,NN
rs9606726,22,30823250,NN
esv3647562,22,30826794,NN
rs116910366,22,30830773,NN
rs1009337,22,30833372,NN
rs5753137,22,30836313,NN
rs117518660,22,30842190,NN
rs116966156,22,30842264,NN
rs4820848,22,30843495,NN
rs75330889,22,30846783,NN
rs370496037,22,30846972,NN
rs9608930,22,30851610,NN
rs5753158,22,30855697,NN
rs35764129,22,30856121,NN
rs115278158,22,30864655,NN
rs114438349,22,30866053,NN
rs200561897,22,30866497,NN
rs58845493,22,30868349,NN
rs11705494,22,30868599,NN
rs1124827,22,30869336,NN
rs76073588,22,30887555,NN
rs73168672,22,30889646,NN
rs180764075,22,30890223,NN
rs77679347,22,30891300,NN
rs933339,22,30905491,NN
rs117039473,22,30920120,NN
rs138616506,22,30926352,NN
rs75426385,22,30928956,NN
rs4820864,22,30929905,NN
rs118116676,22,30934885,NN
rs6518702,22,30948752,NN
rs139452633,22,30951208,NN
rs200288264,22,30951956,NN
rs55674628,22,30953280,NN
rs2267161,22,30953295,NN
rs12628608,22,30955907,NN
rs4149488,22,30957832,NN
rs117490731,22,30958789,NN
rs139398770,22,30966176,NN
rs117156758,22,30968752,NN
rs35157781,22,30975053,NN
rs143927047,22,30975066,NN
rs34123894,22,30975861,NN
rs79483185,22,30980914,NN
rs7364237,22,30980922,NN
rs4820018,22,30986172,NN
rs13053923,22,30988382,NN
rs11912615,22,30989492,NN
rs9621039,22,30990141,NN
rs7285863,22,30991124,NN
rs116997758,22,30993836,NN
rs16988828,22,31003561,NN
rs9606756,22,31006860,NN
rs116605132,22,31006882,NN
rs35915865,22,31008867,NN
rs200771616,22,31009026,NN
rs73396379,22,31009752,NN
rs200303429,22,31010408,NN
rs142791153,22,31010431,NN
rs201925682,22,31010455,NN
rs5749135,22,31011906,NN
rs2283873,22,31013296,NN
rs117458738,22,31013374,NN
rs1131603,22,31018975,NN
rs4820889,22,31019044,NN
rs9306264,22,31024934,NN
rs8136373,22,31032881,NN
rs55846646,22,31042592,NN
rs5994328,22,31046587,NN
rs9609033,22,31047681,NN
rs143293308,22,31048188,NN
rs144801484,22,31050264,NN
rs117841102,22,31051168,NN
rs2007846,22,31065067,NN
rs9606764,22,31067427,NN
rs74279010,22,31068127,NN
rs117690957,22,31068865,NN
rs6518711,22,31071354,NN
rs117053403,22,31077232,NN
rs79856312,22,31091305,NN
rs9609057,22,31108617,NN
rs11089471,22,31113828,NN
rs9606769,22,31114911,NN
rs136369,22,31123292,NN
rs73154638,22,31137512,NN
rs926340,22,31139318,NN
rs5753303,22,31139653,NN
rs116877820,22,31148104,NN
rs9609077,22,31153162,NN
rs79208254,22,31154422,NN
rs542948441,22,31160424,NN
rs62235900,22,31170608,NN
rs117498931,22,31179867,NN
rs201782836,22,31181569,NN
rs136301,22,31181571,NN
rs136273,22,31195775,NN
rs136262,22,31198037,NN
rs4444,22,31205334,NN
rs742205,22,31223456,NN
rs5753338,22,31227901,NN
rs136217,22,31232074,NN
esv3647569,22,31233424,NN
rs7287540,22,31233875,NN
esv3647570,22,31235550,NN
esv3647571,22,31239742,NN
rs9621114,22,31249202,NN
rs2413001,22,31249333,NN
esv3647572;esv3647573,22,31251300,NN
rs5753350,22,31256066,NN
rs8142410,22,31256367,NN
rs4577391,22,31256584,NN
esv3647574,22,31258797,NN
rs2413004,22,31258967,NN
rs9609128,22,31259530,NN
rs5753356,22,31261107,NN
rs9619144,22,31261888,NN
rs2301816,22,31266546,NN
rs2285917,22,31268091,NN
rs112446420,22,31268556,NN
esv3647575,22,31274552,NN
rs5753371,22,31282120,NN
rs41282553,22,31286928,NN
rs11089481,22,31288769,NN
rs117150960,22,31295004,NN
rs5749191,22,31295082,NN
rs118130276,22,31303401,NN
rs71331269,22,31317710,NN
rs73156729,22,31319187,NN
rs150861994,22,31321492,NN
rs1003480,22,31346752,NN
rs117314603,22,31353354,NN
rs77364173,22,31363699,NN
rs118027159,22,31370043,NN
rs5753414,22,31380011,NN
rs8137612,22,31381741,NN
esv3647577,22,31408521,NN
rs5753425,22,31410356,NN
rs73156766,22,31435650,NN
rs73156769,22,31438975,NN
rs79502375,22,31451194,NN
rs7285683,22,31459194,NN
rs737930,22,31459255,NN
rs142792380,22,31471125,NN
rs5997872,22,31491332,NN
rs11704852,22,31492951,NN
rs185670461,22,31500991,NN
rs11705137,22,31501788,NN
rs76873368,22,31507866,NN
rs76041881,22,31514545,NN
rs2240432,22,31521404,NN
rs41282561,22,31521595,NN
rs5753469,22,31526811,NN
rs9621198,22,31532567,NN
rs142563030,22,31532702,NN
rs199793977,22,31532894,NN
rs2232183,22,31532960,NN
rs151265075,22,31533855,NN
rs2074739,22,31533967,NN
rs2074735,22,31535872,NN
rs3761430,22,31538002,NN
rs2413030,22,31546951,NN
rs4820946,22,31551160,NN
rs740229,22,31553510,NN
rs76873698,22,31554764,NN
rs76732632,22,31555512,NN
rs5994376,22,31563555,NN
rs189212917,22,31572415,NN
rs79419741,22,31575749,NN
rs75951213,22,31588870,NN
rs3208937,22,31602139,NN
rs35108022,22,31603465,NN
rs143633004,22,31608618,NN
rs5749237,22,31618958,NN
rs5997917,22,31621792,NN
rs72617296,22,31630327,NN
rs2106294,22,31645759,NN
rs2413043,22,31648576,NN
rs79850371,22,31653885,NN
rs34930775,22,31658205,NN
rs9606828,22,31663066,NN
rs7285773,22,31665044,NN
rs5997937,22,31673859,NN
rs147775868,22,31675662,NN
rs1858821,22,31676454,NN
rs74946037,22,31681368,NN
rs11089495,22,31685129,NN
rs41307239,22,31688249,NN
rs9619183,22,31688583,NN
rs62239378,22,31699702,NN
rs117481047,22,31711786,NN
rs34128648,22,31729557,NN
rs34623833,22,31733556,NN
rs12157806,22,31748126,NN
esv3647581,22,31751145,NN
rs35351984,22,31753376,NN
rs7290752,22,31784399,NN
rs117702891,22,31809161,NN
rs5997988,22,31838085,NN
rs17821048,22,31838469,NN
rs16989638,22,31850607,NN
rs569446069,22,31854911,NN
rs77341572,22,31855777,NN
rs5753632,22,31863097,NN
rs17833819,22,31864941,NN
rs117563328,22,31871179,NN
rs55694512,22,31873376,NN
esv3647587,22,31876537,NN
esv3647587;esv3647588,22,31876537,NN
rs139079467,22,31878424,NN
rs141278764,22,31888007,NN
rs192077243,22,31889168,NN
rs138420888,22,31916885,NN
rs563622339,22,31942909,NN
rs16989753,22,31946282,NN
rs189621917,22,31966051,NN
rs16989291,22,31971282,NN
rs78295829,22,31971351,NN
rs140987552,22,31979911,NN
rs1018490,22,31996625,NN
rs6518752,22,31999127,NN
rs117683198,22,32005929,NN
rs9621295,22,32007153,NN
rs55735011,22,32014161,NN
rs192185952,22,32020180,NN
rs148680467,22,32023359,NN
rs11703808,22,32024980,NN
rs12627933,22,32027449,NN
rs182813176,22,32033190,NN
rs34103525,22,32044166,NN
rs117471565,22,32050286,NN
rs760908,22,32057501,NN
rs16985133,22,32059436,NN
rs1076674,22,32069433,NN
rs9619224,22,32075899,NN
rs6518754,22,32097775,NN
rs117161023,22,32099218,NN
rs117989687,22,32104196,NN
rs16989427,22,32108475,NN
rs140079,22,32110943,NN
rs117343825,22,32110988,NN
rs117519233,22,32113164,NN
rs112531886,22,32113269,NN
rs112425519,22,32125521,NN
rs377678201,22,32141377,NN
rs117415555,22,32145436,NN
rs5998115,22,32151704,NN
rs144712084,22,32161029,NN
rs73162142,22,32161567,NN
rs5753783,22,32175993,NN
rs117060288,22,32176540,NN
rs117367634,22,32176704,NN
rs199744397,22,32179926,NN
rs187334123,22,32193632,NN
rs41311139,22,32200849,NN
rs199749859,22,32205630,NN
rs5998135,22,32205632,NN
rs149401731,22,32208399,NN
rs193042481,22,32211147,NN
rs201618068,22,32217608,NN
rs181347577,22,32218692,NN
rs9606878,22,32220680,NN
rs5994434,22,32229649,NN
rs16989535,22,32229931,NN
rs76541329,22,32230414,NN
rs76801014,22,32231806,NN
rs73162162,22,32232288,NN
rs200841588,22,32232979,NN
rs185576553,22,32239669,NN
rs118001924,22,32239739,NN
rs142540948,22,32253516,NN
rs1012068,22,32265903,NN
rs76409488,22,32266275,NN
rs61731662,22,32266603,NN
rs200653339,22,32270378,NN
rs147817091,22,32272191,NN
rs202227830,22,32275576,NN
rs9621357,22,32275852,NN
rs74279068,22,32287059,NN
rs61516580,22,32294050,NN
rs55796616,22,32294957,NN
rs5998165,22,32296000,NN
rs146449468,22,32302045,NN
rs74729600,22,32306245,NN
rs5994451,22,32323511,NN
rs34154902,22,32335594,NN
rs3747158,22,32342976,NN
rs8192634,22,32352045,NN
rs62240614,22,32364809,NN
esv3647597,22,32365881,NN
rs4821004,22,32366359,NN
rs77424625,22,32370628,NN
esv3647598,22,32400579,NN
rs17745316,22,32446805,NN
rs117592915,22,32446856,NN
rs73162201,22,32452928,NN
rs9609421,22,32461497,NN
rs739009,22,32467651,NN
rs77312284,22,32470850,NN
rs149749339,22,32473980,NN
rs185126699,22,32480505,NN
rs141412905,22,32482251,NN
rs139555428,22,32492278,NN
rs146060175,22,32496387,NN
rs77843215,22,32500485,NN
rs17683807,22,32508004,NN
rs9609427,22,32509440,NN
rs79038424,22,32528603,NN
rs76993883,22,32546126,NN
rs77647541,22,32552840,NN
rs5998267,22,32554985,NN
rs74958599,22,32557200,NN
rs8139657,22,32559835,NN
rs79852576,22,32560263,NN
rs12158564,22,32561588,NN
esv3647601,22,32571026,NN
rs16989967,22,32573884,NN
rs136410,22,32574274,NN
rs55726571,22,32577520,NN
rs136429,22,32579559,NN
rs136432,22,32580030,NN
rs115898714,22,32581841,NN
rs185044441,22,32586695,NN
rs9621401,22,32587348,NN
rs136478,22,32589023,NN
rs73164026,22,32599642,NN
rs713766,22,32606790,NN
rs738203,22,32607074,NN
rs2179064,22,32611236,NN
rs12168696,22,32611862,NN
rs35413610,22,32615293,NN
rs76548786,22,32615811,NN
rs73164039,22,32616870,NN
rs143255157,22,32620724,NN
rs2179065,22,32624603,NN
rs2068209,22,32626908,NN
rs35777893,22,32628357,NN
rs62239049,22,32628900,NN
esv3647603,22,32630840,NN
rs76877500,22,32630946,NN
rs5994502,22,32632543,NN
rs7289147,22,32633733,NN
rs190939662,22,32635461,NN
rs7291681,22,32636089,NN
rs2294210,22,32640087,NN
rs76819573,22,32641892,NN
rs62239058,22,32643460,NN
rs2235168,22,32649431,NN
rs2235171,22,32650200,NN
rs12169024,22,32651262,NN
rs16990065,22,32651306,NN
rs5998339,22,32653038,NN
rs5994515,22,32655284,NN
rs5998354,22,32656177,NN
rs5998359,22,32658620,NN
rs56240204,22,32662384,NN
rs10439908,22,32664241,NN
rs5998364,22,32664612,NN
rs12158434,22,32665507,NN
rs7290281,22,32666003,NN
rs4821041,22,32666627,NN
rs62241071,22,32666945,NN
rs5753904,22,32667507,NN
rs5753905,22,32668008,NN
rs74829750,22,32668904,NN
rs62241072,22,32669044,NN
rs11703509,22,32670765,NN
rs75794907,22,32673200,NN
rs111602284,22,32675303,NN
rs5749366,22,32679381,NN
rs11089541,22,32679804,NN
rs16990106,22,32683073,NN
rs35858614,22,32703155,NN
rs12053806,22,32703157,NN
rs76821034,22,32705515,NN
rs117852429,22,32707019,NN
rs57567413,22,32707844,NN
rs80065875,22,32712863,NN
rs5753968,22,32716956,NN
rs73166321,22,32717930,NN
rs11704384,22,32719337,NN
rs117799899,22,32719612,NN
rs16990207,22,32722207,NN
rs2281032,22,32722963,NN
rs66889006,22,32723038,NN
rs77165390,22,32723723,NN
rs80337063,22,32724253,NN
rs71724295,22,32724609,NN
rs5753981,22,32724611,NN
esv3647604,22,32725708,NN
rs73166329,22,32727545,NN
rs2014137,22,32728966,NN
rs2076040,22,32729530,NN
rs112290541,22,32730830,NN
rs5998423,22,32732357,NN
rs5753991,22,32738182,NN
rs5994550,22,32738469,NN
rs117686507,22,32739638,NN
rs4343557,22,32744045,NN
rs67967684,22,32747253,NN
rs12158983,22,32748873,NN
rs77461830,22,32750036,NN
rs57606003,22,32754232,NN
rs16987625,22,32754306,NN
rs5754012,22,32755659,NN
rs56317784,22,32756101,NN
rs112985865,22,32757167,NN
rs74684401,22,32763112,NN
rs713620,22,32763523,NN
rs5998463,22,32769268,NN
rs5994560,22,32772712,NN
rs738268,22,32773266,NN
rs45561934,22,32773382,NN
rs144824927,22,32773493,NN
rs7288975,22,32774472,NN
rs12484512,22,32779131,NN
rs117491818,22,32779501,NN
rs117643618,22,32781500,NN
rs56923835,22,32785078,NN
rs59895149,22,32785840,NN
rs79545976,22,32787802,NN
rs2294311,22,32793269,NN
rs141117937,22,32800352,NN
rs5749429,22,32803289,NN
rs9609537,22,32807769,NN
rs2049948,22,32808355,NN
rs742096,22,32809223,NN
rs5998478,22,32811952,NN
rs73170318,22,32813600,NN
rs722693,22,32814532,NN
rs77691176,22,32817398,NN
rs56252916,22,32818916,NN
rs117167553,22,32821648,NN
rs1543320,22,32823071,NN
rs5749435,22,32823132,NN
esv3647606,22,32824692,NN
rs16990445,22,32827586,NN
rs6518776,22,32830958,NN
rs2076051,22,32831809,NN
rs2076054,22,32832874,NN
rs74279750,22,32835943,NN
rs12167810,22,32836632,NN
rs11704027,22,32836684,NN
rs2179166,22,32838376,NN
rs5998492,22,32838494,NN
rs76006752,22,32842083,NN
rs1986168,22,32845727,NN
rs12628214,22,32850800,NN
rs73404930,22,32852855,NN
rs5998498,22,32853948,NN
rs1109363,22,32856516,NN
rs760657,22,32857285,NN
rs5998500,22,32859702,NN
rs117445809,22,32862027,NN
rs9606958,22,32864879,NN
rs5998504,22,32865604,NN
rs8140067,22,32871442,NN
rs7291067,22,32873496,NN
rs41311141,22,32880006,NN
rs61730783,22,32880067,NN
rs5749446,22,32880585,NN
rs3788448,22,32882808,NN
rs77881174,22,32894025,NN
rs17772478,22,32908723,NN
rs117881779,22,32911747,NN
rs2097312,22,32912277,NN
rs117844331,22,32914866,NN
rs78835794,22,32921325,NN
rs130452,22,32922125,NN
rs117513935,22,32923673,NN
rs130456,22,32925170,NN
rs130459,22,32926413,NN
rs762909,22,32930568,NN
rs5754137,22,32935425,NN
rs73172131,22,32937112,NN
rs117775223,22,32937292,NN
rs12628631,22,32939719,NN
rs2710376,22,32944027,NN
rs17773117,22,32946342,NN
rs13057046,22,32946884,NN
rs76765788,22,32947487,NN
esv3647609,22,32948384,NN
rs74279759,22,32950839,NN
rs9606982,22,32951827,NN
rs2157189,22,32952012,NN
rs74504327,22,32954314,NN
rs147461566,22,32956862,NN
rs743762,22,32959350,NN
rs1016740,22,32963983,NN
rs5998545,22,32968093,NN
rs11089577,22,32969167,NN
rs117817258,22,32969388,NN
rs17700302,22,32971498,NN
rs1962222,22,32971900,NN
rs79184817,22,32978804,NN
rs131047,22,32980147,NN
rs2858737,22,32980676,NN
rs35118742,22,32982433,NN
rs41490546,22,32989033,NN
rs61441850,22,32990228,NN
rs8142270,22,32990273,NN
rs16990808,22,32994093,NN
rs74349262,22,32994224,NN
rs5998551,22,32995751,NN
rs5998552,22,32995957,NN
rs149885790,22,32997894,NN
rs2858738,22,32998019,NN
rs113964080,22,33000440,NN
rs16990830,22,33001199,NN
rs10483164,22,33001354,NN
rs74872692,22,33001359,NN
rs2710357,22,33001708,NN
rs9784225,22,33001950,NN
rs73154345,22,33006279,NN
rs5749471,22,33006503,NN
rs60966625,22,33007142,NN
rs75019831,22,33007706,NN
rs2051568,22,33025155,NN
rs7511209,22,33030026,NN
rs9621515,22,33032890,NN
rs117913131,22,33040513,NN
rs131067,22,33044995,NN
rs131068,22,33045395,NN
rs62234573,22,33045573,NN
rs743758,22,33045619,NN
rs5749480,22,33047706,NN
rs4821083,22,33056341,NN
rs115537417,22,33074506,NN
rs16991028,22,33095075,NN
rs5998590,22,33097662,NN
rs34223312,22,33102413,NN
rs5754221,22,33103455,NN
rs5754227,22,33105817,NN
rs56247309,22,33110597,NN
rs73156418,22,33110986,NN
rs145565405,22,33114815,NN
rs743742,22,33116314,NN
rs9619302,22,33117736,NN
rs5754232,22,33118048,NN
rs4821089,22,33118165,NN
rs2008206,22,33124633,NN
rs9621546,22,33130898,NN
rs76285417,22,33131673,NN
rs5754240,22,33132579,NN
rs77444040,22,33133216,NN
rs62234590,22,33135514,NN
rs5754243,22,33138682,NN
rs73156453,22,33139757,NN
rs5994617,22,33142908,NN
rs118091355,22,33143700,NN
rs73156459,22,33146241,NN
rs34843069,22,33147773,NN
rs5994618,22,33151639,NN
rs5998620,22,33152977,NN
rs71313140,22,33158058,NN
rs4821099,22,33159636,NN
rs117524034,22,33160751,NN
rs117584916,22,33161627,NN
rs130527,22,33163549,NN
rs117679254,22,33164873,NN
rs61048961,22,33173596,NN
rs17503,22,33173944,NN
rs8142758,22,33174766,NN
rs16991182,22,33177192,NN
rs3788507,22,33179223,NN
rs5845032,22,33182004,NN
rs9621564,22,33182007,NN
rs7290713,22,33188545,NN
rs5754289,22,33192544,NN
rs62232902,22,33194162,NN
rs5749516,22,33205757,NN
rs738992,22,33210005,NN
rs117055529,22,33211050,NN
rs242087,22,33219899,NN
rs117475847,22,33225732,NN
rs242076,22,33229830,NN
rs116959820,22,33234880,NN
rs135029,22,33240290,NN
rs1427377,22,33247859,NN
rs2283885,22,33248902,NN
rs9609643,22,33251059,NN
rs140989943,22,33257397,NN
rs11704123,22,33270222,NN
rs5754322,22,33272699,NN
rs4437061,22,33273870,NN
rs137500,22,33276686,NN
rs241900,22,33279237,NN
rs112552500,22,33280453,NN
rs62234167,22,33281502,NN
rs137509,22,33284221,NN
rs62234169,22,33286798,NN
rs715555,22,33288875,NN
rs58381381,22,33289510,NN
rs137518,22,33291742,NN
rs137521,22,33292689,NN
rs4525790,22,33298616,NN
rs137541,22,33305108,NN
rs9621594,22,33312387,NN
rs118084928,22,33327519,NN
rs137552,22,33328381,NN
rs77159665,22,33328805,NN
rs118117769,22,33330335,NN
esv3647611,22,33350692,NN
rs114700096,22,33350798,NN
rs241761,22,33350940,NN
rs2081727,22,33366051,NN
rs241710,22,33381222,NN
rs133932,22,33394092,NN
rs117798020,22,33395071,NN
rs133937,22,33395851,NN
rs145594072,22,33402604,NN
rs9609680,22,33408519,NN
rs5998693,22,33411326,NN
rs470008,22,33411446,NN
rs78029473,22,33412520,NN
rs12159195,22,33417607,NN
rs133968,22,33422506,NN
rs9609686,22,33430734,NN
rs112577565,22,33437578,NN
rs75409784,22,33441876,NN
rs141641128,22,33442942,NN
rs16991717,22,33445757,NN
rs117352804,22,33447328,NN
rs2413163,22,33447946,NN
rs73164308,22,33452626,NN
rs5754399,22,33453422,NN
esv3647612,22,33458968,NN
rs9609700,22,33462254,NN
rs13053449,22,33462739,NN
rs9607009,22,33463222,NN
esv3647613,22,33464604,NN
rs12484648,22,33465640,NN
rs9621631,22,33467057,NN
rs8142672,22,33469031,NN
rs75957958,22,33470948,NN
rs7290466,22,33473566,NN
rs73164324,22,33478194,NN
rs16991775,22,33493657,NN
rs137297,22,33502167,NN
esv3647614,22,33502964,NN
rs16991789,22,33504108,NN
rs75766422,22,33508006,NN
rs137304,22,33508318,NN
esv3647615,22,33509463,NN
rs9609713,22,33510161,NN
rs5994673,22,33511194,NN
rs137307,22,33512106,NN
rs16991802,22,33512743,NN
rs137309,22,33514133,NN
rs11704565,22,33515087,NN
rs10154506,22,33517666,NN
rs137326,22,33523109,NN
rs77454334,22,33523221,NN
rs137343,22,33527405,NN
rs16991851,22,33531406,NN
rs12484905,22,33533165,NN
rs142651052,22,33546519,NN
rs1894487,22,33556550,NN
rs62232857,22,33559108,NN
rs9609728,22,33561625,NN
rs117041748,22,33563455,NN
rs916244,22,33563878,NN
rs5994685,22,33565203,NN
rs118141134,22,33570845,NN
rs7289448,22,33589432,NN
rs73881993,22,33592362,NN
rs9607023,22,33594662,NN
rs117939117,22,33594683,NN
rs76436945,22,33609311,NN
rs116907235,22,33612126,NN
rs137466,22,33617882,NN
rs116910985,22,33617929,NN
rs5998822,22,33628586,NN
rs117149295,22,33635267,NN
rs4141436,22,33637087,NN
rs5749583,22,33637381,NN
rs8140859,22,33650045,NN
esv3647618,22,33654158,NN
rs7286135,22,33656156,NN
rs78318013,22,33656603,NN
rs5994706,22,33659787,NN
esv3647619,22,33662089,NN
rs144529846,22,33664704,NN
rs117946433,22,33668456,NN
rs16992036,22,33670206,NN
rs79223970,22,33672085,NN
rs147997439,22,33672688,NN
rs1046166,22,33673125,NN
rs5749598,22,33683442,NN
rs5754506,22,33683735,NN
rs113802410,22,33694613,NN
rs146923365,22,33700360,NN
rs1555007,22,33700786,NN
rs77125923,22,33700965,NN
rs9609757,22,33701527,NN
rs12160591,22,33703156,NN
rs73166244,22,33706945,NN
esv3647621;esv3647622,22,33717492,NN
rs79473513,22,33726911,NN
rs2283889,22,33728035,NN
rs73401440,22,33729399,NN
rs5998876,22,33729763,NN
rs5998881,22,33730575,NN
rs5998882,22,33730608,NN
rs5998885,22,33731899,NN
rs200603479,22,33733678,NN
rs74431614,22,33734152,NN
rs117902709,22,33738709,NN
rs4401302,22,33740860,NN
rs4820102,22,33751062,NN
esv3647624,22,33755613,NN
rs5749607,22,33758173,NN
rs62225261,22,33759753,NN
rs112584087,22,33764669,NN
rs9607038,22,33776882,NN
rs16992221,22,33777684,NN
esv3647626,22,33780433,NN
rs13056549,22,33782415,NN
esv3647627,22,33787014,NN
rs116963584,22,33787184,NN
rs77983659,22,33787751,NN
rs715487,22,33791374,NN
rs2283904,22,33800119,NN
rs16992276,22,33801983,NN
rs74739479,22,33802257,NN
rs117531661,22,33804893,NN
rs7287710,22,33807636,NN
rs16992290,22,33811494,NN
rs2267204,22,33816222,NN
rs76035097,22,33817219,NN
rs5998938,22,33820640,NN
rs724776,22,33826566,NN
rs117954898,22,33826743,NN
rs73166278,22,33828432,NN
rs760541,22,33831448,NN
rs713740,22,33832735,NN
rs8136468,22,33840615,NN
rs111460013,22,33842027,NN
rs5754553,22,33842671,NN
rs16992351,22,33843452,NN
rs112161767,22,33843956,NN
rs7284478,22,33845817,NN
rs5754558,22,33848010,NN
rs5754560,22,33848370,NN
rs147911245,22,33870884,NN
rs5749617,22,33875161,NN
rs117636893,22,33887064,NN
rs739026,22,33890629,NN
rs9306279,22,33893601,NN
rs73168505,22,33900964,NN
rs2267222,22,33904754,NN
rs911626,22,33915214,NN
rs74580954,22,33916477,NN
rs192600202,22,33919903,NN
rs28650128,22,33924787,NN
rs5754597,22,33932624,NN
rs2283911,22,33941163,NN
rs5994774,22,33945678,NN
rs77655891,22,33949704,NN
rs762058,22,33950537,NN
rs5999012,22,33954321,NN
rs139003089,22,33962732,NN
rs5754611,22,33962949,NN
rs3819662,22,33965497,NN
rs9619358,22,33967686,NN
rs80159209,22,33979353,NN
rs73168556,22,33983411,NN
rs130423,22,33984394,NN
rs9609838,22,33992584,NN
rs117342842,22,33996191,NN
rs695504,22,34000230,NN
rs77923846,22,34004270,NN
rs79022411,22,34005555,NN
rs117094792,22,34012066,NN
rs9306281,22,34013807,NN
rs240590,22,34021876,NN
rs117818422,22,34022024,NN
rs86487,22,34022284,NN
rs113863420,22,34025619,NN
rs117886697,22,34031711,NN
rs36104592,22,34045644,NN
rs5754630,22,34047793,NN
rs73168601,22,34049393,NN
rs240343,22,34053443,NN
rs240353,22,34061053,NN
rs13055437,22,34061215,NN
rs5754632,22,34061221,NN
rs240358,22,34066384,NN
rs117225223,22,34066580,NN
rs2267250,22,34067054,NN
rs60018166,22,34068825,NN
rs4821173,22,34070821,NN
rs5999051,22,34071663,NN
rs17733474,22,34077047,NN
rs5999058,22,34079989,NN
rs2016485,22,34086416,NN
rs240073,22,34086494,NN
rs117438669,22,34089863,NN
rs7285897,22,34090440,NN
rs73170527,22,34092189,NN
rs240080,22,34096135,NN
rs2283933,22,34098342,NN
rs116919510,22,34103188,NN
rs11704291,22,34103264,NN
rs8142640,22,34108174,NN
rs62225399,22,34109454,NN
rs1979254,22,34110028,NN
rs78148531,22,34113347,NN
rs74649057,22,34117355,NN
rs79064313,22,34119032,NN
rs78979622,22,34119682,NN
rs2283934,22,34133896,NN
rs239330,22,34135007,NN
rs183516365,22,34144122,NN
rs5999084,22,34144823,NN
rs116318797,22,34145542,NN
rs491508,22,34152899,NN
rs478038,22,34153395,NN
rs482565,22,34153853,NN
rs2283940,22,34154020,NN
rs1008501,22,34154285,NN
rs73170575,22,34155838,NN
rs238857,22,34156544,NN
rs446869,22,34161718,NN
rs141957842,22,34164100,NN
rs75911645,22,34167296,NN
rs238865,22,34169292,NN
rs454398,22,34171993,NN
rs686137,22,34172588,NN
rs73170585,22,34176109,NN
rs117049039,22,34179621,NN
rs11705320,22,34187093,NN
rs62225450,22,34196332,NN
rs5754683,22,34202493,NN
rs1018786,22,34206039,NN
rs16993070,22,34207052,NN
rs76297586,22,34208551,NN
esv3647635,22,34210442,NN
rs118089314,22,34210843,NN
rs77152715,22,34210917,NN
rs16993089,22,34212201,NN
rs4821185,22,34215828,NN
rs9621774,22,34218171,NN
rs2267296,22,34219939,NN
rs3819671,22,34226685,NN
rs75251240,22,34234855,NN
rs2253085,22,34245401,NN
rs1009385,22,34249434,NN
rs78301074,22,34258472,NN
rs1009730,22,34260738,NN
rs75915473,22,34267987,NN
rs5754734,22,34270693,NN
rs75348684,22,34271409,NN
rs73154546,22,34271689,NN
rs61040607,22,34272509,NN
rs148328057,22,34273145,NN
rs7287612,22,34277434,NN
rs117614152,22,34279596,NN
rs2213360,22,34291750,NN
rs9607089,22,34294069,NN
rs2267314,22,34295410,NN
rs62225071,22,34298354,NN
rs66468773,22,34300733,NN
rs35122921,22,34300734,NN
rs117636421,22,34302336,NN
rs115021528,22,34304283,NN
rs17809826,22,34306103,NN
rs73154565,22,34306502,NN
rs2267327,22,34315577,NN
rs12628949,22,34320457,NN
rs5999144,22,34322368,NN
rs137890002,22,34323287,NN
rs73154578,22,34325547,NN
rs7284214,22,34326399,NN
rs4820125,22,34332195,NN
rs76817235,22,34336250,NN
rs8135664,22,34337020,NN
rs398040489,22,34339885,NN
rs58342367,22,34339886,NN
rs4821202,22,34339887,NN
rs5999160,22,34354273,NN
rs5754772,22,34357236,NN
rs9609893,22,34359717,NN
rs9621823,22,34361770,NN
rs75879424,22,34368674,NN
rs2066894,22,34389955,NN
esv3647636,22,34394771,NN
rs4820127,22,34395171,NN
rs20065,22,34400253,NN
rs9609905,22,34400890,NN
rs117670753,22,34411707,NN
rs5749711,22,34411714,NN
rs1002622,22,34412897,NN
rs242885,22,34423169,NN
rs148582836,22,34429222,NN
rs75138165,22,34437237,NN
rs144110696,22,34439755,NN
rs117100571,22,34454537,NN
esv3647640,22,34457136,NN
rs9609935,22,34458847,NN
rs111363401,22,34460730,NN
rs1495664,22,34466882,NN
rs35482368,22,34469447,NN
rs73412905,22,34474370,NN
rs2213325,22,34474560,NN
rs5994839,22,34484181,NN
rs2157111,22,34485384,NN
rs57208417,22,34486857,NN
rs80019988,22,34493647,NN
rs111590540,22,34504961,NN
rs34670935,22,34508491,NN
rs74825783,22,34509709,NN
rs243001,22,34514810,NN
rs210804,22,34519226,NN
rs117511034,22,34523555,NN
rs55734830,22,34523560,NN
rs73884366,22,34525115,NN
rs73155955,22,34536720,NN
rs4820135,22,34537450,NN
rs113757848,22,34545881,NN
rs72620421,22,34550083,NN
rs387332,22,34550905,NN
rs117001792,22,34551061,NN
rs118098513,22,34553443,NN
rs143373857,22,34554980,NN
esv3647641,22,34555808,NN
rs187143049,22,34556705,NN
rs12485116,22,34560376,NN
rs805,22,34562299,NN
rs149839190,22,34570681,NN
rs73155975,22,34574038,NN
rs68126503,22,34578636,NN
rs5754881,22,34578637,NN
rs28488746,22,34582279,NN
rs9619407,22,34589966,NN
rs16993739,22,34603597,NN
rs73158209,22,34605946,NN
rs17750048,22,34620442,NN
rs141668555,22,34621964,NN
rs76788751,22,34623658,NN
rs61576961,22,34624564,NN
rs5754915,22,34640618,NN
rs5994882,22,34646980,NN
rs5999265,22,34654148,NN
rs144770313,22,34657069,NN
rs5999273,22,34668311,NN
rs1489889,22,34668330,NN
rs75522975,22,34672001,NN
rs202916,22,34681163,NN
rs77032654,22,34682265,NN
rs73158227,22,34687670,NN
rs62229383,22,34689189,NN
rs74607744,22,34694532,NN
rs76069891,22,34698408,NN
rs16993879,22,34708649,NN
esv3647643,22,34717112,NN
rs116952230,22,34719475,NN
rs137960681,22,34723559,NN
rs118047770,22,34731553,NN
rs435788,22,34735373,NN
rs79200805,22,34735732,NN
rs116347652,22,34741985,NN
rs169467,22,34745198,NN
rs176017,22,34746698,NN
rs117942242,22,34746805,NN
rs75404604,22,34750997,NN
rs74386978,22,34751133,NN
rs139744762,22,34762714,NN
rs117933119,22,34769203,NN
rs117181892,22,34771389,NN
rs130958,22,34772326,NN
rs7289740,22,34773031,NN
rs79169662,22,34775367,NN
rs34188027,22,34787677,NN
rs62230979,22,34797119,NN
rs567800,22,34798245,NN
rs5755023,22,34799261,NN
rs9619442,22,34802671,NN
rs11089669,22,34803550,NN
rs5755038,22,34811838,NN
rs1459025,22,34812333,NN
rs8136825,22,34815889,NN
rs4821256,22,34817038,NN
rs1005285,22,34828825,NN
rs112308716,22,34832739,NN
rs1380148,22,34842677,NN
rs74809596,22,34846202,NN
rs11913296,22,34846352,NN
rs17824280,22,34847299,NN
esv3647644,22,34847591,NN
rs2017523,22,34848550,NN
rs1459037,22,34851133,NN
rs73160346,22,34869455,NN
rs205251,22,34875791,NN
rs78252251,22,34890704,NN
rs9607149,22,34898423,NN
rs743726,22,34903156,NN
rs376535565,22,34904916,NN
rs117003882,22,34911380,NN
rs16994296,22,34918250,NN
rs2223271,22,34920388,NN
rs8135889,22,34926457,NN
rs76039265,22,34929202,NN
rs2413241,22,34934348,NN
rs74548106,22,34936608,NN
rs5755093,22,34940942,NN
rs76412680,22,34962560,NN
rs79089830,22,34963722,NN
rs4821264,22,34977907,NN
rs190880483,22,34981294,NN
rs77392743,22,34985127,NN
rs5749887,22,34985195,NN
rs9621974,22,34988887,NN
rs12159812,22,34990465,NN
rs35254032,22,34993160,NN
rs5999462,22,35001232,NN
rs75317049,22,35001433,NN
rs77703510,22,35001774,NN
rs117019075,22,35003222,NN
rs2008588,22,35027585,NN
rs5755167,22,35027996,NN
rs5999481,22,35031598,NN
rs5755174,22,35033249,NN
rs5749912,22,35036942,NN
rs16994484,22,35039035,NN
rs151010175,22,35041206,NN
rs16994504,22,35047216,NN
rs16994510,22,35048291,NN
rs9610070,22,35049402,NN
rs117858247,22,35055905,NN
rs5755200,22,35057629,NN
rs7285096,22,35066091,NN
rs5999503,22,35092473,NN
rs4464372,22,35095967,NN
rs112211069,22,35098555,NN
esv3647649,22,35106473,NN
rs17772681,22,35108876,NN
rs118136083,22,35109337,NN
rs4552280,22,35131487,NN
rs117276455,22,35138148,NN
rs118022016,22,35140389,NN
rs117180471,22,35147080,NN
rs117925008,22,35151151,NN
rs117983151,22,35151714,NN
rs137260,22,35157380,NN
rs149476257,22,35158586,NN
rs117748658,22,35166424,NN
rs117601797,22,35168581,NN
rs5994992,22,35170796,NN
rs137280,22,35171071,NN
rs117921466,22,35173016,NN
rs34125559,22,35192087,NN
rs1028342,22,35202015,NN
rs1028343,22,35202152,NN
rs117127489,22,35209406,NN
rs73164191,22,35211032,NN
rs5755319,22,35211173,NN
rs16994824,22,35224378,NN
rs12159254,22,35225787,NN
rs5749970,22,35230810,NN
rs742296,22,35238768,NN
rs66532646,22,35250910,NN
rs6518912,22,35250911,NN
rs5749982,22,35258961,NN
rs147775457,22,35287696,NN
rs8139897,22,35292292,NN
esv3647653,22,35295144,NN
rs75482202,22,35296277,NN
esv3647654,22,35297807,NN
rs5755407,22,35298506,NN
esv3647655,22,35301378,NN
rs1573674,22,35301788,NN
rs5755409,22,35309065,NN
rs117838963,22,35315294,NN
rs117649015,22,35317012,NN
rs149959934,22,35328916,NN
rs17702926,22,35330410,NN
rs5999636,22,35331041,NN
rs5755436,22,35337195,NN
rs4256058,22,35339383,NN
rs5755445,22,35342654,NN
rs5750007,22,35347360,NN
rs117163221,22,35347797,NN
rs5755451,22,35349368,NN
rs12167710,22,35352397,NN
rs8137046,22,35353262,NN
rs1013513,22,35353740,NN
rs3859840,22,35359702,NN
rs9610179,22,35360057,NN
rs9610180,22,35360118,NN
rs78400796,22,35360419,NN
rs12160261,22,35366055,NN
rs4821334,22,35370103,NN
rs9619497,22,35371248,NN
rs5755470,22,35371444,NN
rs73166090,22,35372628,NN
rs5755472,22,35373807,NN
rs4541330,22,35375665,NN
rs73166096,22,35378256,NN
rs5755486,22,35386401,NN
rs5750023,22,35395550,NN
rs76592472,22,35398125,NN
rs62243115,22,35400639,NN
rs116845775,22,35404874,NN
rs62243117,22,35406283,NN
rs5999675,22,35408124,NN
rs73882994,22,35410898,NN
rs5750031,22,35413447,NN
rs5750033,22,35414017,NN
rs5755525,22,35419169,NN
rs5755535,22,35429977,NN
rs117405443,22,35430897,NN
rs1080045,22,35433821,NN
rs9622106,22,35436793,NN
rs5999687,22,35440082,NN
rs80097772,22,35441637,NN
rs5755544,22,35443419,NN
rs5750041,22,35444010,NN
rs78283013,22,35444362,NN
rs5999690,22,35450940,NN
rs187673995,22,35457391,NN
esv3647659,22,35460749,NN
rs118137268,22,35472266,NN
rs5750056,22,35474058,NN
rs7510980,22,35474647,NN
rs117112372,22,35475457,NN
rs61735502,22,35481493,NN
rs11089728,22,35492313,NN
rs73168082,22,35498652,NN
rs9622142,22,35499256,NN
rs134198,22,35505610,NN
rs5995062,22,35507831,NN
rs28581,22,35513951,NN
rs5750060,22,35516556,NN
rs80187279,22,35522108,NN
rs9610221,22,35533126,NN
rs16995370,22,35537036,NN
rs5999742,22,35540423,NN
rs5999743,22,35540602,NN
rs9610224,22,35541191,NN
rs2413301,22,35543391,NN
rs116973367,22,35554537,NN
rs140800971,22,35571006,NN
rs7288245,22,35577382,NN
rs150820196,22,35579271,NN
rs62243533,22,35579481,NN
rs134432,22,35588844,NN
rs118001361,22,35615574,NN
rs9622162,22,35615960,NN
rs9622164,22,35616077,NN
rs2103642,22,35631590,NN
rs10854678,22,35649598,NN
rs1053593,22,35660875,NN
rs2272790,22,35680095,NN
rs73170193,22,35699103,NN
rs13057416,22,35704080,NN
rs112823782,22,35707588,NN
rs138777,22,35711098,NN
rs138780,22,35712553,NN
rs10483190,22,35722011,NN
rs4466,22,35723831,NN
rs715514,22,35724815,NN
rs367646858,22,35727154,NN
rs13055137,22,35727976,NN
rs138786,22,35728466,NN
rs574965977,22,35730852,NN
rs5999796,22,35731094,NN
rs5999797,22,35731175,NN
rs4467,22,35731245,NN
rs138794,22,35733654,NN
rs114628428,22,35742762,NN
esv3647663,22,35753538,NN
rs79861874,22,35758019,NN
rs4359744,22,35761650,NN
rs17882950,22,35774920,NN
rs4820192,22,35777984,NN
rs199554283,22,35779124,NN
rs77672261,22,35779162,NN
rs200856037,22,35782737,NN
rs141730669,22,35782786,NN
rs75125910,22,35786659,NN
rs148193694,22,35789560,NN
rs76382557,22,35792477,NN
rs743811,22,35792974,NN
rs743815,22,35797333,NN
rs4645747,22,35798935,NN
rs118180933,22,35799213,NN
rs12170872,22,35799487,NN
rs140426201,22,35799525,NN
rs181776514,22,35802621,NN
rs142715814,22,35802675,NN
rs183229097,22,35804479,NN
rs133414,22,35805720,NN
rs4645774,22,35805870,NN
rs199849804,22,35808550,NN
rs202129823,22,35809945,NN
rs199517936,22,35812781,NN
rs148746788,22,35813772,NN
rs2071740,22,35814215,NN
rs199544487,22,35815980,NN
rs189808484,22,35817403,NN
rs133431,22,35817597,NN
rs28676939,22,35836634,NN
rs116859443,22,35843799,NN
rs76972169,22,35844298,NN
rs28459838,22,35846168,NN
rs28535885,22,35851976,NN
rs142228504,22,35856828,NN
rs78841212,22,35864572,NN
rs28708905,22,35865844,NN
rs117054179,22,35868337,NN
rs73154026,22,35879081,NN
rs118075321,22,35879139,NN
rs117626002,22,35882281,NN
rs28707161,22,35882725,NN
rs77512881,22,35885798,NN
rs374072891,22,35887956,NN
rs28625952,22,35889624,NN
rs9622202,22,35890112,NN
rs5995106,22,35892277,NN
rs909704,22,35899384,NN
rs5999851,22,35905067,NN
rs117694251,22,35911044,NN
rs9610308,22,35915388,NN
rs139056,22,35916645,NN
rs713968,22,35917546,NN
rs5999858,22,35921936,NN
rs9607271,22,35923409,NN
rs12158108,22,35924115,NN
rs9622222,22,35933578,NN
rs76475935,22,35933613,NN
rs5750112,22,35938381,NN
rs4820197,22,35939369,NN
rs8137058,22,35944774,NN
rs6518958,22,35949334,NN
rs13054394,22,35950648,NN
rs112449613,22,35956126,NN
rs738368,22,35962060,NN
rs117371455,22,35966607,NN
rs2064145,22,35970554,NN
rs5750120,22,35975792,NN
rs4820204,22,35978615,NN
rs8137488,22,35981447,NN
rs12628385,22,35982589,NN
rs738370,22,35982672,NN
rs738371,22,35983242,NN
rs74277032,22,35987001,NN
rs73154082,22,35990653,NN
rs201862181,22,35993599,NN
rs4821419,22,35993783,NN
rs9607278,22,35996272,NN
rs117674301,22,35998588,NN
rs45446591,22,36002985,NN
rs5755790,22,36006732,NN
rs45492203,22,36014553,NN
rs4497964,22,36022702,NN
esv3647667,22,36024146,NN
rs13057359,22,36026268,NN
rs55841632,22,36027062,NN
rs117032777,22,36027241,NN
rs17722827,22,36030165,NN
rs5750141,22,36034983,NN
rs5755809,22,36038700,NN
rs5999908,22,36040164,NN
rs5755821,22,36041650,NN
rs112979011,22,36044352,NN
rs77311828,22,36044487,NN
rs5995134,22,36052321,NN
rs5755828,22,36053342,NN
rs5750146,22,36056728,NN
rs117706555,22,36063884,NN
esv3647669,22,36069628,NN
rs8139187,22,36071537,NN
esv3647671,22,36073315,NN
rs5755867,22,36074043,NN
rs62233611,22,36085208,NN
rs5750154,22,36087286,NN
rs113934208,22,36089189,NN
rs5995155,22,36102700,NN
rs534521754,22,36107316,NN
rs117371213,22,36107321,NN
rs76439581,22,36109570,NN
rs117696654,22,36112965,NN
rs2009169,22,36117892,NN
rs5750164,22,36125876,NN
rs74510800,22,36127324,NN
rs117722987,22,36128062,NN
rs7291883,22,36128931,NN
rs2024642,22,36130557,NN
rs9610342,22,36130577,NN
rs5999999,22,36134426,NN
rs74779819,22,36140474,NN
rs62232589,22,36164773,NN
rs116896918,22,36170990,NN
rs9622285,22,36175768,NN
rs74277043,22,36176495,NN
rs78036802,22,36198350,NN
rs73159795,22,36218764,NN
rs117778487,22,36220446,NN
rs2051579,22,36231357,NN
rs5755960,22,36233761,NN
rs117090422,22,36242779,NN
rs190463375,22,36271656,NN
esv3647674,22,36283162,NN
rs73161707,22,36283665,NN
rs6000026,22,36288320,NN
rs5755990,22,36306594,NN
rs76880662,22,36321663,NN
rs117301363,22,36322921,NN
rs75048125,22,36342905,NN
rs5756012,22,36347646,NN
rs2899258,22,36355358,NN
rs16996218,22,36360896,NN
rs143977609,22,36365901,NN
rs568297110,22,36369286,NN
rs117388783,22,36369287,NN
rs76570802,22,36375913,NN
rs118133888,22,36377903,NN
rs188232598,22,36398061,NN
rs16985542,22,36403785,NN
rs79398316,22,36414359,NN
rs5756047,22,36425725,NN
rs5995190,22,36433664,NN
rs5995192,22,36433816,NN
esv3647675,22,36455241,NN
rs118014526,22,36459301,NN
rs117962129,22,36467031,NN
rs149673542,22,36474881,NN
rs4369966,22,36490485,NN
rs9607308,22,36491506,NN
rs117355685,22,36498598,NN
rs878847,22,36500899,NN
rs12169898,22,36506188,NN
rs8135368,22,36512910,NN
rs572141586,22,36512910,NN
rs6000135,22,36512983,NN
rs2413380,22,36519040,NN
rs111697839,22,36526011,NN
rs132612,22,36528895,NN
esv3647677,22,36533738,NN
rs61731692,22,36537725,NN
rs80575,22,36539754,NN
rs4821459,22,36542498,NN
rs2032518,22,36545661,NN
rs77082320,22,36546358,NN
rs149537646,22,36555896,NN
rs45577431,22,36556698,NN
rs11089781,22,36556768,NN
rs132653,22,36556823,NN
rs132655,22,36557550,NN
rs141987701,22,36563412,NN
rs12185878,22,36570688,NN
rs35321789,22,36570890,NN
rs2269594,22,36576171,NN
rs5995235,22,36577942,NN
rs2239831,22,36583084,NN
rs9619593,22,36588489,NN
rs6000177,22,36592731,NN
rs111993715,22,36592855,NN
rs77747510,22,36593130,NN
rs6000179,22,36594371,NN
rs28431966,22,36594631,NN
esv3647680,22,36596260,NN
rs140463019,22,36596960,NN
rs9610445,22,36597744,NN
rs132736,22,36598058,NN
rs12170983,22,36598790,NN
rs6000189,22,36600814,NN
rs6518994,22,36601057,NN
rs132745,22,36605331,NN
rs9610448,22,36608205,NN
rs5995259,22,36611863,NN
rs7284481,22,36615069,NN
rs4821469,22,36616445,NN
rs77010523,22,36616857,NN
rs143412466,22,36618432,NN
esv3647682,22,36620597,NN
rs11703398,22,36620961,NN
rs11704037,22,36621216,NN
rs129607,22,36622906,NN
rs7285167,22,36623920,NN
rs201222628,22,36624123,NN
rs56230516,22,36626762,NN
rs2003814,22,36629077,NN
rs1557534,22,36633225,NN
rs1557535,22,36633452,NN
rs112266636,22,36633861,NN
rs2001195,22,36635032,NN
esv3647683,22,36635370,NN
rs1974458,22,36635445,NN
rs34223341,22,36636794,NN
rs5756113,22,36640533,NN
rs62233823,22,36641792,NN
rs78736759,22,36643730,NN
rs9610467,22,36649574,NN
rs9610468,22,36650956,NN
rs136148,22,36652931,NN
rs116280906,22,36653986,NN
rs136159,22,36657023,NN
rs129423,22,36657329,NN
rs713929,22,36657596,NN
rs713753,22,36658534,NN
rs136165,22,36659571,NN
rs28480494,22,36661152,NN
rs2239785,22,36661330,NN
rs136174,22,36661536,NN
rs136175,22,36661566,NN
rs136176,22,36661646,NN
rs136177,22,36661842,NN
rs73885319,22,36661906,NN
rs60910145,22,36662034,NN
rs66473469,22,36662654,NN
rs136178,22,36664339,NN
rs56277602,22,36668760,NN
rs3959632,22,36668884,NN
rs767855,22,36672295,NN
rs73405712,22,36673639,NN
rs117372965,22,36674199,NN
rs2481,22,36677400,NN
rs572594798,22,36679587,NN
rs138725057,22,36679593,NN
rs201463106,22,36681289,NN
rs145139708,22,36681327,NN
rs2071734,22,36682706,NN
rs199722926,22,36684817,NN
rs139134727,22,36685292,NN
rs75883300,22,36685483,NN
rs200616409,22,36688226,NN
rs201269631,22,36689506,NN
rs201153545,22,36690985,NN
rs200732002,22,36691016,NN
rs16996648,22,36692752,NN
rs59922723,22,36693922,NN
rs117734021,22,36696777,NN
rs78511797,22,36697486,NN
rs1002246,22,36714659,NN
rs1005570,22,36715274,NN
rs5756157,22,36723697,NN
rs8143119,22,36727551,NN
rs150313549,22,36745049,NN
rs147122501,22,36745146,NN
rs145409763,22,36748399,NN
rs5756164,22,36748993,NN
rs11089788,22,36751101,NN
rs117283436,22,36753803,NN
rs75142495,22,36763048,NN
rs6000262,22,36770038,NN
esv3647684,22,36773657,NN
rs111936411,22,36776099,NN
rs9610498,22,36777739,NN
rs75136417,22,36777803,NN
rs974103,22,36781217,NN
rs79013767,22,36782759,NN
rs2092165,22,36795584,NN
rs9610510,22,36804282,NN
rs141995232,22,36812517,NN
rs75614414,22,36813201,NN
rs28547571,22,36831704,NN
rs73169606,22,36837065,NN
rs141007807,22,36844793,NN
esv3647685,22,36851660,NN
rs80201620,22,36852003,NN
rs118079741,22,36852471,NN
rs75416875,22,36855147,NN
rs62229966,22,36855763,NN
rs139996,22,36861320,NN
rs8141619,22,36863491,NN
rs12159290,22,36865604,NN
rs12159080,22,36865622,NN
rs5756202,22,36870845,NN
rs138148862,22,36871714,NN
rs150850412,22,36872818,NN
rs3747163,22,36885026,NN
rs5756214,22,36888066,NN
rs73169658,22,36889116,NN
rs35417644,22,36892369,NN
rs5756223,22,36897427,NN
rs2277841,22,36900271,NN
rs11704715,22,36906173,NN
rs62230001,22,36912074,NN
rs62230008,22,36917349,NN
rs143180024,22,36920319,NN
rs76328101,22,36922262,NN
rs6000294,22,36923158,NN
rs6000299,22,36923499,NN
rs9680657,22,36926927,NN
rs79593534,22,36926979,NN
rs8142845,22,36939236,NN
rs5750269,22,36941065,NN
rs111996826,22,36941503,NN
rs117107524,22,36953965,NN
rs66704836,22,36954605,NN
rs79238560,22,36959500,NN
rs73169699,22,36963065,NN
esv3647689,22,36964265,NN
rs1569488,22,36965284,NN
rs5995311,22,36969134,NN
rs2267341,22,36976975,NN
rs73171810,22,36978260,NN
rs17735341,22,36979808,NN
rs9622424,22,36984307,NN
rs16997001,22,36984918,NN
rs2283981,22,36986092,NN
rs2283985,22,36988654,NN
rs4821506,22,36994063,NN
rs117558925,22,36996189,NN
rs11704051,22,37002064,NN
rs4821512,22,37013694,NN
rs58301447,22,37017246,NN
rs9754467,22,37019059,NN
rs2283996,22,37022532,NN
rs738974,22,37025274,NN
rs131829,22,37027467,NN
rs9622436,22,37032163,NN
rs12628674,22,37063016,NN
rs74454868,22,37078176,NN
rs2284017,22,37096927,NN
rs2284018,22,37097564,NN
rs2267361,22,37100260,NN
rs5756300,22,37103563,NN
rs11705610,22,37104419,NN
rs5756316,22,37114970,NN
rs715541,22,37116098,NN
rs56235499,22,37121731,NN
rs77929979,22,37122455,NN
rs9622461,22,37122615,NN
rs117436097,22,37122724,NN
rs79378768,22,37123295,NN
rs738521,22,37124298,NN
rs78420329,22,37126789,NN
rs117670011,22,37129340,NN
rs9610576,22,37131707,NN
rs129333,22,37153289,NN
rs118095726,22,37154413,NN
rs78099126,22,37158985,NN
rs112218090,22,37158995,NN
rs199883236,22,37160049,NN
rs5750306,22,37170915,NN
rs34172130,22,37181778,NN
rs76594382,22,37193502,NN
rs9610583,22,37193986,NN
rs5756349,22,37196680,NN
rs4820250,22,37197530,NN
rs58290180,22,37199132,NN
rs2022068,22,37199806,NN
rs4820254,22,37206341,NN
rs739031,22,37208149,NN
rs2269511,22,37210656,NN
rs79274387,22,37211803,NN
rs739032,22,37212089,NN
rs11913267,22,37212154,NN
rs117997132,22,37215827,NN
rs73156268,22,37217354,NN
rs5995347,22,37222929,NN
rs58952608,22,37224160,NN
rs5756365,22,37228277,NN
rs117684358,22,37229503,NN
rs4821540,22,37241788,NN
rs6000449,22,37251377,NN
rs10854693,22,37252010,NN
rs11914104,22,37252618,NN
esv3647697,22,37256225,NN
rs11089806,22,37256262,NN
rs1883112,22,37256846,NN
rs34421414,22,37257712,NN
rs741998,22,37258844,NN
rs73158117,22,37259534,NN
rs143532979,22,37261015,NN
rs183179978,22,37261021,NN
rs34320195,22,37262753,NN
rs760519,22,37263706,NN
rs729749,22,37263846,NN
rs34756754,22,37265314,NN
rs2072712,22,37271802,NN
rs117276515,22,37274943,NN
rs3959633,22,37275555,NN
rs5756379,22,37275904,NN
rs5750326,22,37276285,NN
rs117586588,22,37276622,NN
rs113133371,22,37277701,NN
rs62229094,22,37279156,NN
rs2413429,22,37289869,NN
rs75631160,22,37290201,NN
rs75218287,22,37291789,NN
rs117414417,22,37293910,NN
rs5756390,22,37296129,NN
rs17749156,22,37296596,NN
rs742000,22,37296672,NN
rs713869,22,37306899,NN
rs16997492,22,37307865,NN
rs4821558,22,37308785,NN
rs2075726,22,37310046,NN
rs60175411,22,37311858,NN
rs77121843,22,37314600,NN
rs41280007,22,37317914,NN
rs2284031,22,37321080,NN
rs17811365,22,37322820,NN
rs909486,22,37323988,NN
rs74701298,22,37324740,NN
rs115081583,22,37325227,NN
rs199604353,22,37325582,NN
rs16846,22,37325833,NN
rs117805308,22,37326794,NN
rs6000494,22,37327707,NN
rs117511880,22,37328051,NN
rs2075936,22,37328751,NN
rs73158160,22,37329339,NN
rs1534882,22,37329545,NN
rs1801117,22,37329999,NN
rs1801122,22,37333657,NN
rs16997517,22,37333936,NN
rs6000495,22,37334953,NN
rs1803,22,37335326,NN
rs131843,22,37337409,NN
rs13055341,22,37337772,NN
rs2093381,22,37340429,NN
rs58489539,22,37343210,NN
rs117957496,22,37343442,NN
rs6000503,22,37345312,NN
rs62229118,22,37348019,NN
rs6000507,22,37353226,NN
rs12165584,22,37359961,NN
rs73407859,22,37360416,NN
rs8142548,22,37365039,NN
rs75908076,22,37365352,NN
rs2858237,22,37367928,NN
rs5756432,22,37371109,NN
rs5756437,22,37375668,NN
rs75143407,22,37383241,NN
rs62230764,22,37386108,NN
rs713829,22,37386920,NN
rs9610624,22,37387257,NN
rs5756466,22,37391202,NN
rs201390435,22,37407216,NN
rs61742280,22,37407346,NN
rs5756477,22,37407527,NN
rs5750370,22,37412967,NN
esv3647699,22,37415302,NN
rs5756489,22,37417197,NN
rs117329814,22,37417326,NN
rs5756492,22,37424991,NN
rs201809271,22,37425508,NN
rs117735021,22,37427005,NN
rs135167,22,37429129,NN
rs112960605,22,37432693,NN
rs25095,22,37434028,NN
rs74417775,22,37437172,NN
rs117470369,22,37442255,NN
rs143231972,22,37453378,NN
rs183345487,22,37454132,NN
rs117217366,22,37454236,NN
rs78029853,22,37455874,NN
rs139105452,22,37462173,NN
rs73160046,22,37462813,NN
rs2235321,22,37462926,NN
rs855791,22,37462936,NN
rs184024899,22,37466962,NN
rs76970337,22,37467001,NN
rs201244227,22,37467009,NN
rs5756504,22,37467270,NN
rs5756506,22,37467392,NN
rs4820268,22,37469591,NN
rs2413450,22,37470224,NN
rs79816125,22,37470640,NN
rs143732650,22,37470665,NN
rs117576908,22,37471208,NN
rs201080354,22,37471300,NN
rs9610643,22,37471385,NN
rs16990291,22,37474667,NN
rs188866418,22,37475307,NN
rs2246092,22,37479628,NN
rs9607411,22,37479864,NN
rs2111833,22,37480797,NN
rs185482276,22,37480861,NN
rs116092750,22,37492078,NN
rs116310349,22,37492129,NN
rs145073875,22,37492731,NN
rs113803353,22,37494485,NN
rs142796336,22,37494542,NN
rs9619658,22,37496847,NN
rs4140589,22,37499019,NN
rs228909,22,37500643,NN
rs228916,22,37505552,NN
rs11914132,22,37509087,NN
rs926331,22,37510072,NN
rs5995385,22,37519864,NN
rs181177639,22,37524483,NN
rs228942,22,37524619,NN
rs182482913,22,37524639,NN
rs148074427,22,37524683,NN
rs80051711,22,37524990,NN
rs77540048,22,37525044,NN
rs78940252,22,37529432,NN
rs3218355,22,37532954,NN
rs3218295,22,37533068,NN
rs2284033,22,37534034,NN
rs2281094,22,37535471,NN
rs228962,22,37535494,NN
rs1003694,22,37539128,NN
rs3218261,22,37543156,NN
rs228976,22,37543173,NN
rs3218256,22,37544438,NN
rs3218254,22,37544536,NN
rs3218253,22,37544810,NN
rs228979,22,37544931,NN
rs78995863,22,37547987,NN
rs743777,22,37551607,NN
rs112158658,22,37554229,NN
rs4821592,22,37558279,NN
rs2051582,22,37558356,NN
rs16997851,22,37560170,NN
esv3647704,22,37560451,NN
rs5750385,22,37560751,NN
rs36124857,22,37565492,NN
rs12167757,22,37567490,NN
rs5756536,22,37570845,NN
rs76206423,22,37572236,NN
rs17812681,22,37578388,NN
rs229519,22,37578579,NN
rs229527,22,37581485,NN
rs62235064,22,37586018,NN
rs229533,22,37587111,NN
rs229535,22,37588566,NN
rs229541,22,37591318,NN
rs5756553,22,37591807,NN
rs64547,22,37592504,NN
rs76101325,22,37596679,NN
rs4988466,22,37603745,NN
rs5756562,22,37611807,NN
rs762921,22,37612042,NN
rs13053175,22,37613309,NN
rs933222,22,37618637,NN
rs9610672,22,37619021,NN
rs200779512,22,37622882,NN
rs9610685,22,37630318,NN
rs55644139,22,37631358,NN
rs80269564,22,37632295,NN
rs13058338,22,37632770,NN
rs2284038,22,37635055,NN
rs2213430,22,37638960,NN
rs5995407,22,37641440,NN
esv3647705,22,37643180,NN
rs9610688,22,37643464,NN
rs739043,22,37645230,NN
rs75169631,22,37649529,NN
rs8139798,22,37660255,NN
rs73161899,22,37660702,NN
rs5750402,22,37661288,NN
rs9610698,22,37669321,NN
rs730422,22,37671896,NN
rs7284821,22,37673781,NN
rs73884193,22,37673788,NN
rs727048,22,37677892,NN
rs8141057,22,37677949,NN
rs76639480,22,37678531,NN
rs3213557,22,37678565,NN
rs117935465,22,37686902,NN
rs116959384,22,37696570,NN
rs56016561,22,37698667,NN
rs2239822,22,37699377,NN
rs56272035,22,37703957,NN
rs2284051,22,37710569,NN
rs112420895,22,37713048,NN
rs5750410,22,37715105,NN
rs5995416,22,37719004,NN
rs9610713,22,37728491,NN
rs9610716,22,37731438,NN
rs148298143,22,37733159,NN
rs5750423,22,37734452,NN
rs117214702,22,37737276,NN
rs4821633,22,37738621,NN
rs6000679,22,37740853,NN
esv3647708,22,37744338,NN
rs62237465,22,37746192,NN
rs4821638,22,37751698,NN
rs4821643,22,37752981,NN
rs57181655,22,37754246,NN
rs5756648,22,37755214,NN
rs6000687,22,37755223,NN
rs77218314,22,37755323,NN
rs77946771,22,37756431,NN
rs61011905,22,37761743,NN
rs4821651,22,37761813,NN
rs5756654,22,37763862,NN
rs6000694,22,37766088,NN
rs2071856,22,37770630,NN
rs4821653,22,37771985,NN
rs8141881,22,37777031,NN
rs73166406,22,37784161,NN
rs6000708,22,37789106,NN
rs6000711,22,37792590,NN
rs7285729,22,37793408,NN
rs5756666,22,37797697,NN
rs8139356,22,37806276,NN
rs71328610,22,37806962,NN
rs6000725,22,37807303,NN
rs916317,22,37809655,NN
rs11705648,22,37812495,NN
rs9610749,22,37812911,NN
rs6000727,22,37818011,NN
rs370634524,22,37818507,NN
rs9622621,22,37820415,NN
rs133705,22,37836819,NN
rs2097455,22,37843239,NN
rs7289181,22,37843741,NN
rs112747175,22,37845116,NN
rs6000741,22,37849017,NN
rs75296635,22,37852174,NN
rs116891130,22,37858354,NN
esv3647709,22,37862268,NN
rs8192548,22,37866063,NN
rs150724311,22,37868170,NN
rs200778754,22,37875447,NN
rs41280029,22,37886629,NN
rs190162662,22,37887018,NN
rs117900981,22,37893501,NN
rs74843098,22,37899804,NN
rs145215123,22,37902793,NN
rs5750446,22,37902926,NN
rs2235334,22,37904251,NN
rs8140025,22,37910395,NN
rs2103577,22,37910612,NN
rs73416266,22,37913936,NN
rs7287804,22,37915100,NN
rs6000762,22,37918472,NN
rs1534913,22,37918672,NN
rs9607469,22,37919267,NN
rs6000764,22,37920097,NN
rs1079982,22,37929759,NN
rs78578442,22,37939252,NN
esv3647710,22,37941769,NN
rs77740651,22,37942412,NN
rs8137687,22,37943299,NN
rs5995460,22,37951451,NN
rs73166459,22,37951581,NN
rs2235336,22,37958268,NN
rs8139004,22,37961120,NN
rs111307192,22,37962740,NN
rs117181617,22,37966686,NN
rs188420751,22,37966689,NN
rs77346233,22,37968063,NN
rs73418196,22,37968265,NN
rs5756736,22,37970189,NN
rs7291467,22,37972628,NN
rs79101909,22,37973153,NN
rs9622641,22,37973296,NN
rs12167061,22,37977481,NN
esv3647711,22,37978226,NN
rs147582712,22,37981995,NN
rs12157904,22,37982012,NN
rs142606751,22,37985387,NN
rs117275202,22,38001541,NN
rs3761442,22,38003070,NN
rs117906809,22,38004362,NN
rs3817997,22,38013172,NN
rs140112498,22,38026059,NN
rs62235995,22,38040097,NN
rs62235996,22,38041015,NN
rs118183308,22,38044341,NN
rs12170939,22,38046695,NN
rs34680058,22,38053908,NN
rs118133095,22,38054580,NN
rs78974622,22,38059925,NN
rs41283237,22,38062589,NN
rs13057866,22,38069622,NN
rs62236674,22,38077935,NN
rs5756763,22,38079239,NN
esv3647715,22,38088321,NN
rs117826239,22,38088643,NN
rs12158556,22,38093169,NN
rs5750476,22,38096470,NN
rs147691840,22,38106473,NN
rs144572916,22,38106693,NN
rs5750482,22,38117943,NN
rs41296243,22,38121040,NN
rs9610841,22,38121152,NN
rs183811513,22,38121258,NN
rs200359708,22,38121795,NN
rs200665858,22,38122252,NN
esv3647716,22,38126711,NN
esv3647717,22,38126965,NN
rs150183433,22,38127774,NN
rs34066624,22,38129388,NN
rs183455182,22,38130827,NN
esv3647718,22,38132635,NN
rs79355847,22,38135319,NN
rs117262262,22,38136546,NN
rs373074921,22,38138110,NN
rs544219597,22,38142368,NN
rs191602285,22,38147018,NN
rs147273930,22,38147834,NN
rs8139381,22,38151516,NN
rs150390222,22,38151587,NN
rs150426001,22,38151606,NN
rs183941928,22,38153696,NN
rs185791823,22,38155195,NN
rs200250028,22,38155255,NN
rs76574030,22,38163722,NN
rs200313246,22,38165091,NN
rs138139146,22,38165269,NN
rs61737841,22,38167706,NN
rs1047326,22,38170046,NN
rs5756813,22,38175477,NN
rs73411546,22,38176270,NN
rs150373699,22,38177768,NN
rs2285178,22,38205989,NN
rs17856459,22,38212624,NN
rs117194465,22,38216579,NN
rs146808747,22,38226158,NN
rs75571797,22,38228802,NN
rs185900367,22,38263404,NN
rs9466,22,38273749,NN
rs114758702,22,38278741,NN
rs148868508,22,38280192,NN
rs144049205,22,38288393,NN
rs5995515,22,38306671,NN
rs74832565,22,38306893,NN
rs143910997,22,38321806,NN
rs2272829,22,38323700,NN
rs34834842,22,38328597,NN
rs41274544,22,38339298,NN
esv3647722,22,38342171,NN
rs117319198,22,38342963,NN
rs190002656,22,38350450,NN
rs139866,22,38354684,NN
rs139887,22,38371396,NN
rs12170378,22,38382304,NN
rs118166169,22,38383890,NN
rs74646975,22,38386876,NN
rs13053900,22,38388217,NN
rs56276156,22,38392662,NN
rs34975952,22,38402311,NN
esv3647724,22,38415477,NN
rs75359613,22,38423264,NN
rs373276158,22,38424971,NN
rs4821732,22,38446872,NN
rs742395,22,38447444,NN
rs6000987,22,38448732,NN
rs3952,22,38456598,NN
rs738443,22,38458681,NN
rs35706623,22,38459430,NN
rs2076369,22,38463652,NN
rs117229343,22,38464090,NN
rs201758961,22,38468504,NN
rs73419893,22,38472286,NN
rs8135665,22,38476276,NN
rs142001534,22,38483171,NN
rs132930,22,38487029,NN
rs4339048,22,38495011,NN
rs6001004,22,38500270,NN
rs4821738,22,38500480,NN
rs5750536,22,38501333,NN
rs6001009,22,38505356,NN
rs2076114,22,38509439,NN
rs141777179,22,38509628,NN
rs76718524,22,38522424,NN
rs11570690,22,38526090,NN
rs11570680,22,38528888,NN
rs201190836,22,38531036,NN
rs191314194,22,38531680,NN
rs738317,22,38533089,NN
rs2284063,22,38544298,NN
rs5756931,22,38546033,NN
rs132944,22,38548516,NN
rs12485185,22,38560836,NN
rs132966,22,38561562,NN
rs132975,22,38562258,NN
rs132986,22,38563548,NN
rs2267369,22,38565347,NN
rs738322,22,38569006,NN
rs73154425,22,38572672,NN
rs11570597,22,38577755,NN
rs57976789,22,38583466,NN
rs2267373,22,38600542,NN
rs5756972,22,38604803,NN
rs112322038,22,38605927,NN
rs573481255,22,38611842,NN
rs6001054,22,38614095,NN
rs76865118,22,38614472,NN
rs11089873,22,38614933,NN
rs117888066,22,38622471,NN
rs61737782,22,38627339,NN
rs117666793,22,38627429,NN
rs7289126,22,38628306,NN
rs118054321,22,38628643,NN
rs116921347,22,38633145,NN
rs148707198,22,38635244,NN
rs76599369,22,38636795,NN
rs6001064,22,38638071,NN
rs16998847,22,38646900,NN
rs117146111,22,38652531,NN
rs192868439,22,38653625,NN
rs9610927,22,38653689,NN
rs138709534,22,38653851,NN
rs41456252,22,38653875,NN
esv3647725,22,38655827,NN
rs7285556,22,38659518,NN
rs12485196,22,38662396,NN
rs5757010,22,38671383,NN
rs75343559,22,38671786,NN
rs17753394,22,38678387,NN
rs135737,22,38680361,NN
rs6001084,22,38681644,NN
rs135745,22,38683637,NN
rs135748,22,38685423,NN
rs2075983,22,38690698,NN
rs117975500,22,38690899,NN
rs3890379,22,38692380,NN
rs117885773,22,38693520,NN
rs1534891,22,38695099,NN
rs183680512,22,38699334,NN
rs135757,22,38703653,NN
rs1997644,22,38715222,NN
rs5750592,22,38725141,NN
rs75735715,22,38740101,NN
rs57485857,22,38746745,NN
rs9619738,22,38747922,NN
rs5995572,22,38753311,NN
rs74277663,22,38767733,NN
rs186082313,22,38777738,NN
rs17826547,22,38778965,NN
rs196109,22,38791832,NN
rs143749594,22,38792382,NN
rs115129205,22,38795842,NN
rs6001117,22,38796813,NN
rs196103,22,38804536,NN
rs138392,22,38807144,NN
rs196114,22,38811111,NN
rs4343562,22,38819457,NN
rs743942,22,38819613,NN
rs105154,22,38823895,NN
rs60910684,22,38825689,NN
esv3647730,22,38826251,NN
rs11704277,22,38826799,NN
rs35699918,22,38832096,NN
rs2267386,22,38832112,NN
rs196074,22,38832512,NN
rs9607537,22,38839485,NN
rs9607538,22,38841703,NN
esv3647732,22,38846291,NN
rs117100284,22,38852429,NN
rs371231853,22,38854161,NN
rs13353387,22,38864835,NN
rs9610964,22,38865221,NN
rs5995580,22,38865863,NN
rs62228894,22,38868143,NN
rs13055883,22,38901526,NN
rs9622823,22,38912665,NN
rs149395896,22,38917703,NN
rs62228905,22,38921214,NN
rs8140235,22,38922579,NN
rs117655316,22,38932631,NN
rs73157142,22,38933740,NN
rs58396845,22,38945975,NN
rs187341847,22,38949578,NN
rs11570402,22,38951615,NN
rs189709641,22,38953862,NN
esv3647737,22,38955892,NN
rs143598013,22,38957563,NN
rs11570392,22,38958260,NN
rs149068240,22,38967786,NN
rs75136621,22,38976135,NN
rs112861194,22,38979154,NN
rs16999109,22,38982031,NN
rs551437054,22,38987434,NN
rs5757162,22,38993370,NN
rs78037170,22,38995544,NN
rs79091541,22,39007401,NN
rs117707622,22,39015244,NN
rs5995598,22,39016403,NN
rs80294953,22,39017893,NN
rs12166403,22,39022553,NN
rs56304050,22,39032131,NN
rs9610989,22,39032252,NN
rs16999173,22,39034786,NN
esv3647739,22,39038804,NN
rs117679904,22,39039405,NN
rs13054225,22,39046854,NN
rs199883977,22,39064088,NN
rs139609678,22,39066934,NN
rs143403345,22,39067128,NN
rs62230028,22,39082412,NN
rs143129875,22,39087007,NN
rs147073203,22,39090350,NN
rs77711238,22,39094562,NN
rs2072800,22,39095987,NN
rs41280833,22,39100646,NN
rs11703159,22,39101338,NN
rs5757256,22,39110218,NN
rs74867304,22,39119397,NN
rs116963077,22,39120162,NN
rs181456575,22,39121079,NN
rs80140331,22,39124185,NN
rs16999301,22,39125529,NN
rs150030091,22,39125820,NN
rs139004902,22,39137513,NN
rs138708,22,39138332,NN
rs188815884,22,39138538,NN
rs149088273,22,39145816,NN
rs79483980,22,39150993,NN
rs77592206,22,39163362,NN
rs5757277,22,39163856,NN
rs12329952,22,39168596,NN
rs5757279,22,39168987,NN
rs4821823,22,39172286,NN
rs76400811,22,39176518,NN
rs117102707,22,39181795,NN
rs78684519,22,39195645,NN
rs8140217,22,39218001,NN
rs56034166,22,39222598,NN
rs4821839,22,39227793,NN
rs118016777,22,39228572,NN
rs190152516,22,39230358,NN
rs78110441,22,39230707,NN
rs117388559,22,39231066,NN
rs3817727,22,39231168,NN
rs2103514,22,39232459,NN
rs113002198,22,39232506,NN
rs11705574,22,39243709,NN
rs13053505,22,39245618,NN
rs76535024,22,39246716,NN
rs79169291,22,39254513,NN
rs5757312,22,39255591,NN
rs78145519,22,39255957,NN
rs117485037,22,39256244,NN
rs117326730,22,39265385,NN
rs760481,22,39268785,NN
rs80350486,22,39276060,NN
rs11705118,22,39276845,NN
rs77065598,22,39287468,NN
rs5750695,22,39291257,NN
rs132513,22,39291626,NN
rs7286632,22,39298776,NN
rs6519152,22,39301932,NN
rs5757362,22,39306080,NN
rs5757366,22,39306784,NN
rs62228837,22,39319033,NN
rs5757373,22,39320828,NN
rs7288049,22,39332229,NN
rs1014971,22,39332623,NN
rs5757387,22,39333340,NN
rs9808867,22,39333937,NN
rs67536239,22,39340670,NN
rs7289653,22,39343083,NN
rs5750715,22,39343916,NN
rs5757402,22,39350072,NN
rs55935155,22,39352175,NN
rs78997815,22,39353184,NN
rs4365560,22,39355109,NN
esv3647746,22,39357694,NN
rs12628403,22,39358037,NN
esv3647747;esv3647748,22,39359355,NN
rs117048280,22,39375940,NN
rs368511533,22,39387395,NN
rs11089916,22,39392250,NN
rs6001363,22,39392480,NN
esv3647751,22,39393528,NN
.;esv3647753,22,39400682,NN
rs56192335,22,39405806,NN
rs6001376,22,39407399,NN
rs1969643,22,39413668,NN
rs117814205,22,39425328,NN
esv3647755;esv3647756,22,39427595,NN
rs2076101,22,39445554,NN
rs117167939,22,39462113,NN
rs5757459,22,39467803,NN
rs76924887,22,39474635,NN
rs3736685,22,39477391,NN
rs8177832,22,39477566,NN
rs12158985,22,39479352,NN
rs73161559,22,39485921,NN
rs67878612,22,39493898,NN
rs78724870,22,39497549,NN
rs139316,22,39499763,NN
rs6001442,22,39506976,NN
rs79477683,22,39507014,NN
rs76722179,22,39507337,NN
rs738469,22,39510995,NN
rs117305379,22,39514163,NN
rs80051801,22,39519154,NN
rs139372,22,39519780,NN
rs79501,22,39522940,NN
rs6001449,22,39526063,NN
rs34963492,22,39527884,NN
rs55779697,22,39529817,NN
rs714016,22,39532554,NN
rs62228283,22,39540803,NN
rs877529,22,39542292,NN
rs12158877,22,39549426,NN
rs186412156,22,39553496,NN
rs59680031,22,39565547,NN
rs59517128,22,39567613,NN
rs7288775,22,39568585,NN
rs111538856,22,39571918,NN
rs76152274,22,39572598,NN
rs7287160,22,39573724,NN
rs76651515,22,39574124,NN
rs117362372,22,39574481,NN
rs12627955,22,39575221,NN
rs5757510,22,39575322,NN
rs34379659,22,39575873,NN
rs76283604,22,39575900,NN
rs117897502,22,39581162,NN
rs62228310,22,39581501,NN
rs5995693,22,39582668,NN
rs6001491,22,39594740,NN
esv3647761,22,39600248,NN
rs4821872,22,39600651,NN
rs1977103,22,39601990,NN
rs539802126,22,39601990,NN
rs5757558,22,39605158,NN
rs75132039,22,39609131,NN
rs111871433,22,39618289,NN
rs9611112,22,39620002,NN
rs73163486,22,39622096,NN
rs4990914,22,39622711,NN
rs148252800,22,39631786,NN
rs5750781,22,39634434,NN
rs56229619,22,39646422,NN
rs9619805,22,39650356,NN
rs2413583,22,39659773,NN
rs17000920,22,39661087,NN
rs5757593,22,39668922,NN
rs968451,22,39670851,NN
rs79290,22,39685832,NN
rs17304621,22,39690791,NN
rs118026751,22,39699465,NN
rs9607631,22,39703314,NN
rs144181146,22,39705965,NN
rs5757611,22,39708357,NN
rs141236265,22,39708965,NN
rs2076124,22,39709605,NN
rs185447229,22,39710237,NN
rs143911448,22,39712782,NN
rs150475506,22,39726754,NN
rs114556035,22,39734647,NN
rs117458132,22,39738379,NN
rs137684,22,39738725,NN
rs137686,22,39739638,NN
rs909685,22,39747671,NN
rs6001553,22,39751711,NN
rs73167316,22,39762311,NN
rs16985820,22,39764554,NN
rs80181382,22,39771114,NN
rs6519190,22,39774525,NN
rs193159582,22,39777788,NN
rs41274557,22,39780819,NN
rs34026806,22,39798127,NN
rs34463037,22,39800050,NN
rs201220872,22,39811645,NN
rs140879164,22,39814746,NN
rs5750820,22,39825322,NN
rs118074217,22,39826049,NN
rs182587258,22,39830560,NN
rs5750825,22,39831278,NN
rs4821897,22,39835587,NN
rs5757678,22,39843409,NN
rs139545930,22,39843651,NN
rs75264309,22,39846367,NN
rs5757683,22,39850174,NN
rs909674,22,39859169,NN
rs760715,22,39862343,NN
rs4821901,22,39875966,NN
rs117086217,22,39876838,NN
rs73885230,22,39877087,NN
rs11704159,22,39877556,NN
rs17001167,22,39881140,NN
rs117647351,22,39884942,NN
rs1033415,22,39888774,NN
rs2294360,22,39897792,NN
rs4821905,22,39906610,NN
rs76044976,22,39911144,NN
rs11703406,22,39912969,NN
rs710192,22,39913420,NN
rs376238626,22,39919389,NN
rs117826659,22,39919408,NN
rs189914844,22,39936135,NN
rs5757715,22,39941154,NN
rs9623016,22,39941935,NN
rs5757721,22,39947574,NN
rs2413599,22,39952098,NN
rs78140321,22,39952197,NN
rs117281752,22,39955632,NN
rs114876190,22,39972070,NN
rs3788556,22,39972162,NN
rs132571,22,39976133,NN
rs144312783,22,39976943,NN
rs132572,22,39978039,NN
rs132575,22,39982721,NN
rs73169364,22,39982756,NN
rs118028480,22,39988178,NN
rs2413602,22,39989216,NN
rs35874709,22,39991692,NN
rs138238213,22,39993923,NN
rs713767,22,39997710,NN
rs5995756,22,40000313,NN
rs5757746,22,40000442,NN
rs116872141,22,40001759,NN
rs9611204,22,40010383,NN
rs3788568,22,40011273,NN
rs148301600,22,40014769,NN
rs9607660,22,40016286,NN
rs136805,22,40018212,NN
rs114624981,22,40025446,NN
rs117803091,22,40029845,NN
rs76470176,22,40031771,NN
rs136816,22,40033247,NN
rs136829,22,40046176,NN
rs136832,22,40046538,NN
rs8140214,22,40049185,NN
rs136855,22,40061683,NN
rs200593805,22,40066873,NN
rs8141262,22,40066958,NN
rs5750870,22,40067640,NN
rs5750871,22,40069449,NN
rs56656729,22,40075733,NN
rs58439755,22,40075948,NN
rs5757772,22,40079407,NN
rs144296010,22,40086560,NN
rs5757777,22,40092864,NN
rs11704241,22,40102918,NN
rs10427810,22,40111623,NN
rs146425869,22,40111811,NN
rs74985600,22,40116547,NN
rs9611212,22,40118460,NN
rs78929060,22,40122607,NN
rs193210955,22,40126026,NN
rs73888146,22,40131030,NN
rs4597643,22,40145841,NN
rs117492549,22,40146285,NN
rs77105266,22,40158228,NN
rs6001679,22,40169926,NN
rs112089227,22,40204329,NN
rs117811619,22,40207399,NN
rs6001687,22,40213280,NN
rs116909307,22,40218102,NN
rs76212904,22,40242068,NN
rs77376079,22,40271496,NN
rs137953,22,40288385,NN
rs117796012,22,40293487,NN
rs148184959,22,40304195,NN
rs137972,22,40311879,NN
rs137979,22,40322684,NN
rs137980,22,40325161,NN
rs713883,22,40326174,NN
rs117475298,22,40326509,NN
rs3021213,22,40351438,NN
rs9611234,22,40357667,NN
rs2958667,22,40363433,NN
rs2284078,22,40363778,NN
rs56057810,22,40365361,NN
rs117854879,22,40369367,NN
rs78753200,22,40376381,NN
rs7285507,22,40388308,NN
rs117615867,22,40390173,NN
rs117035363,22,40400164,NN
rs62230283,22,40400735,NN
rs117741951,22,40403113,NN
rs117571052,22,40403988,NN
rs73165022,22,40404116,NN
rs77048750,22,40406350,NN
rs144307587,22,40443422,NN
rs9623117,22,40452119,NN
rs144573696,22,40466495,NN
rs118176772,22,40476546,NN
rs116894924,22,40477813,NN
rs12166639,22,40478222,NN
rs7292838,22,40479448,NN
rs6001762,22,40495473,NN
rs713639,22,40507282,NN
rs117093907,22,40528393,NN
rs117941537,22,40538762,NN
rs62236803,22,40549383,NN
rs9611280,22,40552119,NN
rs11089975,22,40562227,NN
rs369318562,22,40578455,NN
rs117836873,22,40587118,NN
esv3647773,22,40592231,NN
rs62236841,22,40592458,NN
rs8138982,22,40610398,NN
rs28722029,22,40611012,NN
rs739182,22,40615276,NN
rs138027,22,40616112,NN
rs1894588,22,40629980,NN
rs78239359,22,40648972,NN
rs12484776,22,40652873,NN
rs12628051,22,40654276,NN
rs146306455,22,40661729,NN
rs185350408,22,40661979,NN
rs188361271,22,40662585,NN
rs143708410,22,40662984,NN
rs17001776,22,40670894,NN
rs73165088,22,40673525,NN
rs150350432,22,40674621,NN
rs192239190,22,40676092,NN
rs139909,22,40697581,NN
rs117747299,22,40698362,NN
rs117523754,22,40701516,NN
rs150650418,22,40704537,NN
rs13057958,22,40725149,NN
rs77895566,22,40734860,NN
rs12484697,22,40736472,NN
rs192703567,22,40738280,NN
rs117820381,22,40738486,NN
rs751367,22,40741520,NN
rs143083947,22,40742567,NN
rs148411623,22,40755001,NN
rs181252862,22,40757292,NN
rs8192461,22,40757509,NN
rs34396910,22,40757524,NN
rs17001863,22,40759308,NN
rs192303222,22,40760290,NN
rs76075068,22,40770353,NN
rs28676471,22,40775481,NN
rs17001868,22,40778231,NN
rs73167017,22,40779964,NN
rs186661921,22,40791403,NN
esv3647775,22,40794210,NN
rs189364446,22,40794243,NN
rs9611338,22,40797647,NN
rs199798508,22,40798179,NN
rs760700,22,40800071,NN
rs760701,22,40800518,NN
rs201332923,22,40802189,NN
rs186166271,22,40802893,NN
rs200131558,22,40804356,NN
rs202162334,22,40804844,NN
rs187933704,22,40805713,NN
rs6001904,22,40810951,NN
rs78875171,22,40813931,NN
rs201944805,22,40814431,NN
rs145316385,22,40814461,NN
rs74347558,22,40814988,NN
rs201134748,22,40815034,NN
rs200555648,22,40816889,NN
rs78093737,22,40819629,NN
rs116971651,22,40823284,NN
rs199952280,22,40825765,NN
rs75075962,22,40831256,NN
rs181447706,22,40831541,NN
rs4507196,22,40849704,NN
rs56253436,22,40855131,NN
rs57948569,22,40858693,NN
esv3647777,22,40873228,NN
rs150158462,22,40874860,NN
rs6001930,22,40876234,NN
rs190403080,22,40885023,NN
rs66987842,22,40904707,NN
rs9611367,22,40914949,NN
rs118014095,22,40919160,NN
rs116974822,22,40919417,NN
rs118067986,22,40952051,NN
rs73169024,22,40952799,NN
rs149173803,22,40958071,NN
rs117518970,22,40963903,NN
rs9607732,22,40990077,NN
rs80270068,22,40999221,NN
rs133033,22,41002252,NN
rs117294683,22,41009015,NN
rs76204748,22,41009391,NN
rs185421316,22,41014198,NN
rs151080591,22,41022281,NN
rs76653253,22,41038054,NN
rs12159200,22,41042091,NN
rs147997002,22,41046355,NN
esv3647780,22,41053487,NN
rs117871311,22,41054954,NN
rs73171018,22,41061691,NN
rs133073,22,41075695,NN
rs66461121,22,41076595,NN
rs5758036,22,41076597,NN
rs188147970,22,41077283,NN
rs150436727,22,41077453,NN
rs45439291,22,41077613,NN
rs185683636,22,41077804,NN
rs133074,22,41078473,NN
rs9611386,22,41078533,NN
rs133076,22,41081561,NN
rs138558255,22,41082343,NN
rs6002043,22,41104224,NN
rs77582394,22,41110066,NN
rs17344701,22,41132402,NN
rs78985466,22,41135189,NN
rs9611406,22,41138784,NN
rs1884276,22,41143019,NN
rs149770653,22,41146567,NN
esv3647782,22,41147325,NN
rs111774685,22,41149047,NN
rs2038339,22,41149865,NN
esv3647783,22,41152893,NN
rs5758064,22,41153879,NN
rs11806,22,41166135,NN
rs118164926,22,41171790,NN
rs117147580,22,41193771,NN
rs117487309,22,41195082,NN
rs12628488,22,41204323,NN
rs74770429,22,41210141,NN
rs6002171,22,41223859,NN
rs62237004,22,41230003,NN
rs78115184,22,41240651,NN
rs140335958,22,41243100,NN
rs6002182,22,41258144,NN
rs143031847,22,41263423,NN
rs62237039,22,41264541,NN
rs138352,22,41268925,NN
rs138354,22,41272143,NN
rs9607751,22,41275124,NN
rs2073121,22,41282116,NN
esv3647784,22,41282443,NN
rs117777505,22,41284843,NN
rs1005402,22,41291730,NN
rs140974387,22,41292444,NN
rs34710289,22,41298977,NN
rs376535634,22,41310997,NN
rs186524609,22,41320390,NN
rs146023695,22,41322392,NN
rs117912353,22,41346645,NN
rs111736209,22,41351180,NN
rs117990764,22,41386788,NN
rs78909142,22,41389334,NN
rs13055033,22,41408694,NN
rs62237051,22,41408991,NN
rs4821981,22,41415644,NN
rs117428413,22,41424903,NN
rs149186780,22,41427715,NN
rs117234572,22,41437796,NN
rs4821995,22,41461836,NN
rs5758211,22,41466229,NN
rs62238688,22,41469714,NN
rs117154077,22,41479380,NN
rs59557763,22,41485781,NN
rs116856246,22,41500750,NN
rs9611497,22,41507400,NN
rs117390547,22,41520729,NN
rs147583157,22,41521877,NN
rs3818121,22,41523772,NN
rs35531014,22,41532025,NN
rs17002308,22,41536452,NN
rs79187507,22,41540984,NN
rs75278256,22,41568185,NN
rs2076577,22,41568480,NN
rs73176628,22,41572541,NN
rs117181566,22,41588798,NN
rs3818003,22,41609690,NN
rs112391039,22,41610240,NN
rs142672062,22,41624465,NN
rs117213149,22,41626647,NN
rs139480,22,41626663,NN
rs9611526,22,41642411,NN
rs17002382,22,41647303,NN
rs180753516,22,41648808,NN
rs139507,22,41651467,NN
rs139513,22,41655058,NN
rs6002301,22,41655340,NN
rs2235852,22,41661154,NN
rs117716410,22,41703510,NN
rs73176670,22,41719248,NN
rs9607793,22,41736090,NN
rs1883828,22,41739370,NN
rs117321721,22,41743050,NN
rs12484074,22,41752747,NN
rs28638318,22,41753059,NN
rs4822024,22,41757647,NN
rs5751086,22,41768862,NN
rs11090046,22,41769083,NN
esv3647796,22,41774742,NN
rs73416880,22,41775940,NN
rs116434743,22,41783206,NN
rs117606820,22,41788915,NN
rs9611577,22,41793090,NN
rs78500963,22,41797846,NN
rs2899345,22,41815609,NN
rs5758350,22,41831267,NN
rs41276319,22,41831322,NN
rs2011790,22,41835452,NN
rs11704973,22,41849430,NN
rs9423,22,41855923,NN
rs111452936,22,41856785,NN
rs78851025,22,41878367,NN
rs9607809,22,41888112,NN
rs5751117,22,41900439,NN
rs141772938,22,41903841,NN
rs76120255,22,41906827,NN
esv3647799,22,41907658,NN
rs150544482,22,41911085,NN
rs186260773,22,41911426,NN
rs141878785,22,41911805,NN
rs2006715,22,41919850,NN
rs201332324,22,41919893,NN
rs62236521,22,41923121,NN
rs9611610,22,41949259,NN
esv3647800,22,41970231,NN
rs143715682,22,41985797,NN
rs7291704,22,42008031,NN
rs17002517,22,42012457,NN
rs148484196,22,42013053,NN
rs28384701,22,42016526,NN
rs5758397,22,42019251,NN
rs28741110,22,42023714,NN
rs73161324,22,42038786,NN
rs79926446,22,42041391,NN
rs78392319,22,42043970,NN
rs28384783,22,42058592,NN
rs739134,22,42089623,NN
rs2839716,22,42089659,NN
rs73161347,22,42091063,NN
rs147348682,22,42095658,NN
rs118172140,22,42119065,NN
rs78712535,22,42126821,NN
rs78339304,22,42142393,NN
rs8135192,22,42142725,NN
rs17449595,22,42144372,NN
rs79634727,22,42151926,NN
rs713988,22,42159072,NN
rs117206252,22,42167358,NN
rs73163330,22,42177317,NN
rs738247,22,42190309,NN
rs200158017,22,42194176,NN
rs139568,22,42210985,NN
rs7292894,22,42214719,NN
rs17378709,22,42223410,NN
rs113193963,22,42230472,NN
rs149292655,22,42231556,NN
rs9607850,22,42235352,NN
rs117634052,22,42240378,NN
rs375131126,22,42250802,NN
rs9607852,22,42258272,NN
rs201991869,22,42264732,NN
rs2228314,22,42276742,NN
rs142520642,22,42276792,NN
rs2229440,22,42276825,NN
rs5751174,22,42280135,NN
rs9623468,22,42281294,NN
rs1052717,22,42281429,NN
rs17002737,22,42282012,NN
rs2267443,22,42287454,NN
rs200341971,22,42290857,NN
rs200865732,22,42294757,NN
rs117728734,22,42295992,NN
rs149314298,22,42299116,NN
rs201251541,22,42300675,NN
rs61756766,22,42321451,NN
rs67516067,22,42335970,NN
rs1023500,22,42340844,NN
rs5996094,22,42347060,NN
esv3647806,22,42351161,NN
rs62240996,22,42354389,NN
rs77350866,22,42364432,NN
rs5751191,22,42370991,NN
rs118061137,22,42374985,NN
rs2269665,22,42377878,NN
rs5751194,22,42379813,NN
rs112204402,22,42381703,NN
rs133299,22,42388841,NN
rs133302,22,42391176,NN
rs55758879,22,42392091,NN
rs1062753,22,42392811,NN
rs133333,22,42412365,NN
rs5758550,22,42412711,NN
rs140121343,22,42417260,NN
rs117242066,22,42428104,NN
rs147771475,22,42433887,NN
rs78036465,22,42445174,NN
rs5751208,22,42446215,NN
rs5758563,22,42448761,NN
rs11703233,22,42454587,NN
rs121434529,22,42457056,NN
rs201294991,22,42461804,NN
rs3747186,22,42463267,NN
rs73167109,22,42464645,NN
rs62238591,22,42480007,NN
rs115916491,22,42483090,NN
rs6002616,22,42504679,NN
rs5751216,22,42508937,NN
rs199722016,22,42522601,NN
rs1135840,22,42522613,NN
rs79392742,22,42522724,NN
rs28371730,22,42523209,NN
rs28371729,22,42523358,NN
rs75386357,22,42523475,NN
rs149686350,22,42523515,NN
rs59421388,22,42523610,NN
rs554540676,22,42523824,NN
rs5030867,22,42523858,NN
rs201297021,22,42523896,NN
rs16947,22,42523943,NN
esv3647809;esv3647810;esv3647811;esv3647812,22,42523949,NN
rs371181941,22,42523998,NN
rs569926140,22,42524168,NN
rs5030656,22,42524175,NN
rs146540061,22,42524341,NN
rs544790460,22,42524352,NN
rs188062577,22,42524485,NN
rs371793722,22,42524796,NN
rs567606867,22,42524809,NN
rs554875652,22,42524963,NN
rs5030865,22,42525035,NN
rs28371710,22,42525077,NN
rs5030655,22,42525085,NN
rs569229126,22,42525100,NN
rs1135823,22,42525176,NN
rs368389952,22,42525724,NN
rs1081003,22,42525756,NN
rs28371706,22,42525772,NN
rs28371703,22,42525821,NN
rs575159870,22,42526188,NN
rs1080996,22,42526573,NN
rs1080993,22,42526969,NN
rs530422334,22,42527147,NN
rs74966855,22,42527291,NN
rs28624811,22,42527533,NN
rs59360719,22,42527804,NN
rs58188898,22,42528538,NN
rs11702937,22,42536487,NN
rs373304350,22,42537310,NN
rs6519313,22,42552875,NN
rs4453786,22,42563308,NN
rs9306356,22,42567090,NN
rs5758632,22,42578054,NN
rs73169115,22,42583871,NN
rs2839711,22,42584918,NN
rs117965774,22,42593624,NN
rs6002655,22,42603814,NN
rs932376,22,42614362,NN
rs117749753,22,42616513,NN
rs56906457,22,42628335,NN
rs78870601,22,42630772,NN
rs370377794,22,42631236,NN
esv3647815,22,42635018,NN
rs75628172,22,42640518,NN
rs56400210,22,42651536,NN
rs4822099,22,42659964,NN
rs134874,22,42661144,NN
rs134875,22,42661935,NN
esv3647816,22,42668004,NN
rs134882,22,42670965,NN
rs143432784,22,42677324,NN
rs134904,22,42685537,NN
rs9611766,22,42688639,NN
rs112585007,22,42690000,NN
rs9623554,22,42692339,NN
rs6002674,22,42694220,NN
rs8137939,22,42696005,NN
rs4822104,22,42698800,NN
rs8138069,22,42727231,NN
rs739150,22,42728168,NN
rs79527556,22,42730837,NN
rs79463777,22,42733021,NN
rs57892117,22,42733867,NN
rs7285654,22,42737789,NN
rs9620039,22,42738766,NN
rs6002695,22,42742451,NN
rs2157294,22,42750618,NN
rs77780735,22,42752792,NN
rs73435512,22,42758726,NN
rs116900029,22,42761285,NN
rs9623572,22,42772101,NN
rs73435518,22,42773943,NN
rs11090090,22,42777621,NN
esv3647819,22,42781186,NN
rs73173004,22,42784944,NN
rs117199695,22,42787471,NN
rs113685239,22,42789950,NN
rs733278,22,42811919,NN
rs76257850,22,42812820,NN
rs8139063,22,42813753,NN
rs28405495,22,42817792,NN
rs8139123,22,42822283,NN
rs192249179,22,42826710,NN
esv3647823,22,42831872,NN
rs55896880,22,42832748,NN
rs145848209,22,42843101,NN
esv3647824,22,42854962,NN
rs5758731,22,42855277,NN
rs62239665,22,42855719,NN
rs146257085,22,42857928,NN
rs5996168,22,42862481,NN
rs2839705,22,42866614,NN
rs6002745,22,42871115,NN
esv3647826,22,42873808,NN
rs112709268,22,42875373,NN
rs4822135,22,42876604,NN
esv3647827;esv3647828,22,42878561,NN
esv3647829,22,42881538,NN
rs5758756,22,42884997,NN
esv3647831;esv3647832;esv3647833,22,42906659,NN
rs146723886,22,42914033,NN
rs141049505,22,42915843,NN
rs116938064,22,42928487,NN
esv3647834,22,42940354,NN
esv3647835;esv3647836;esv3647837,22,42955531,NN
rs117885227,22,42959624,NN
rs200238208,22,42962330,NN
rs2413695,22,42964319,NN
rs137058,22,42970680,NN
rs142707922,22,42980631,NN
rs137085,22,42981138,NN
rs373221123,22,42997627,NN
rs113513063,22,42998902,NN
rs77499608,22,43014916,NN
rs7284807,22,43015387,NN
rs76458556,22,43015795,NN
rs137126,22,43019252,NN
rs8190457,22,43020234,NN
rs34103809,22,43021954,NN
rs200716700,22,43024214,NN
rs8190441,22,43024701,NN
rs8190397,22,43041636,NN
rs8190377,22,43044149,NN
rs8190370,22,43045295,NN
rs148760589,22,43058398,NN
rs130328,22,43061482,NN
rs111911231,22,43062797,NN
rs130334,22,43066531,NN
rs62238287,22,43071309,NN
rs145925808,22,43076708,NN
rs130347,22,43076809,NN
rs3747193,22,43088463,NN
rs9623659,22,43088971,NN
rs3788594,22,43090249,NN
rs5751341,22,43097551,NN
rs73174925,22,43099621,NN
rs28992193,22,43099957,NN
esv3647839,22,43102461,NN
rs7285550,22,43103684,NN
rs5758894,22,43110919,NN
rs738527,22,43112961,NN
rs9623671,22,43113434,NN
rs73427300,22,43114204,NN
rs5758896,22,43115576,NN
rs12166331,22,43121426,NN
rs9607931,22,43122720,NN
rs75737464,22,43126236,NN
rs147553079,22,43126998,NN
rs9611869,22,43135731,NN
rs57371474,22,43142778,NN
rs79984964,22,43148872,NN
rs9611875,22,43153807,NN
rs6002947,22,43154742,NN
rs9611876,22,43155357,NN
rs67935361,22,43158483,NN
rs9611883,22,43158867,NN
rs56360850,22,43159368,NN
rs5758925,22,43161405,NN
rs2413716,22,43162952,NN
rs6002950,22,43165866,NN
esv3647842,22,43167725,NN
rs148823036,22,43174578,NN
rs5758935,22,43175821,NN
rs4822199,22,43178043,NN
rs8140100,22,43187236,NN
rs4820484,22,43188309,NN
rs11551619,22,43195109,NN
rs5758948,22,43195296,NN
rs5758951,22,43197034,NN
rs117585418,22,43212635,NN
rs17003362,22,43217080,NN
rs9607957,22,43218397,NN
rs5758962,22,43225174,NN
rs5758972,22,43232973,NN
rs78960244,22,43255049,NN
rs141956945,22,43273219,NN
rs151241804,22,43295648,NN
esv3647844,22,43298399,NN
esv3647845,22,43298418,NN
rs117551605,22,43298426,NN
rs9623713,22,43303882,NN
rs17003413,22,43313954,NN
rs2284093,22,43325352,NN
rs738387,22,43329819,NN
rs118112833,22,43331540,NN
rs75910415,22,43339467,NN
rs112051070,22,43341718,NN
rs5759052,22,43342723,NN
rs151215238,22,43343890,NN
rs71329167,22,43346878,NN
rs74823263,22,43347699,NN
rs1569507,22,43356699,NN
rs62231618,22,43371787,NN
rs5759070,22,43375701,NN
rs3819678,22,43386716,NN
esv3647847,22,43394626,NN
rs2413739,22,43397036,NN
rs56135216,22,43410386,NN
rs5759095,22,43411887,NN
rs3091364,22,43414330,NN
rs118178599,22,43414728,NN
rs5759097,22,43415116,NN
rs12484214,22,43419385,NN
rs5751416,22,43432826,NN
rs148904684,22,43436793,NN
rs7349054,22,43439296,NN
rs183712594,22,43442557,NN
rs5759111,22,43442599,NN
rs2076160,22,43448117,NN
rs9611993,22,43456450,NN
rs5996262,22,43458018,NN
rs200313601,22,43460215,NN
rs2076154,22,43465529,NN
rs2076156,22,43466217,NN
esv3647851,22,43472217,NN
rs5759143,22,43473662,NN
rs10427660,22,43475508,NN
rs5751429,22,43478509,NN
rs62231654,22,43481948,NN
rs8141749,22,43483242,NN
rs76850054,22,43486745,NN
rs145104851,22,43495678,NN
rs6003065,22,43500003,NN
rs5759167,22,43500212,NN
rs74867164,22,43513244,NN
rs5751436,22,43514187,NN
rs4988389,22,43515339,NN
esv3647854,22,43516681,NN
rs742136,22,43518822,NN
rs11090143,22,43520105,NN
rs191756982,22,43525197,NN
rs2072855,22,43533515,NN
rs116938228,22,43537078,NN
esv3647855,22,43539285,NN
rs9612015,22,43540174,NN
rs118019827,22,43540820,NN
rs72619546,22,43542792,NN
rs739092,22,43544823,NN
rs5759197,22,43550149,NN
rs762960,22,43551052,NN
rs138915,22,43556316,NN
rs199899658,22,43557085,NN
rs6971,22,43558926,NN
rs6972,22,43558972,NN
rs80411,22,43561675,NN
rs17514783,22,43562247,NN
rs5759205,22,43566559,NN
rs117663029,22,43568096,NN
rs34074034,22,43568512,NN
esv3647857,22,43568855,NN
rs762953,22,43570068,NN
rs6003097,22,43572180,NN
rs77808662,22,43574090,NN
rs112366138,22,43575129,NN
rs2071724,22,43577048,NN
rs75572484,22,43577307,NN
esv3647858,22,43581471,NN
esv3647859,22,43581981,NN
rs138960,22,43585305,NN
rs112727859,22,43586327,NN
rs138974,22,43594138,NN
rs138983,22,43599917,NN
rs34782724,22,43605127,NN
rs117267143,22,43605708,NN
rs113386696,22,43607868,NN
rs35738631,22,43609197,NN
rs56221413,22,43610867,NN
rs73163949,22,43613252,NN
rs12053796,22,43614099,NN
rs5759219,22,43614601,NN
rs138997,22,43615005,NN
rs35376516,22,43615868,NN
rs58377227,22,43618192,NN
rs6003114,22,43619200,NN
rs139006,22,43619631,NN
rs73886454,22,43622819,NN
rs139013,22,43624305,NN
rs9620126,22,43629518,NN
rs113834836,22,43631736,NN
rs139021,22,43632100,NN
rs8137393,22,43633977,NN
rs6003121,22,43635549,NN
rs75761381,22,43636729,NN
rs739094,22,43639989,NN
rs5759225,22,43640728,NN
rs11705577,22,43645133,NN
rs62232089,22,43646613,NN
rs8140084,22,43646647,NN
rs762950,22,43647870,NN
rs5751454,22,43649715,NN
rs139028,22,43650729,NN
rs17003573,22,43650988,NN
rs139030,22,43653625,NN
rs5751457,22,43655427,NN
rs59766248,22,43657040,NN
rs5751462,22,43661080,NN
rs5759238,22,43662468,NN
rs878734,22,43663734,NN
rs139035,22,43664665,NN
rs139037,22,43667423,NN
rs7291800,22,43673471,NN
rs5759250,22,43673800,NN
rs59052863,22,43678135,NN
rs5759256,22,43680239,NN
rs74511791,22,43681537,NN
rs117250968,22,43682503,NN
rs5759258,22,43684257,NN
rs7290575,22,43685657,NN
rs75327112,22,43688504,NN
rs80242655,22,43692768,NN
rs35410219,22,43696044,NN
rs5759267,22,43696688,NN
rs2269668,22,43699774,NN
rs2269670,22,43700013,NN
rs5759273,22,43701218,NN
rs17003642,22,43704192,NN
rs17003643,22,43705185,NN
rs202014393,22,43705675,NN
rs11704418,22,43705678,NN
rs117951204,22,43709929,NN
rs3213584,22,43716324,NN
rs75142160,22,43717635,NN
rs74924289,22,43721994,NN
rs77888863,22,43729172,NN
rs5759291,22,43736392,NN
rs7293117,22,43742379,NN
rs73166132,22,43754675,NN
rs5759305,22,43755827,NN
rs57639948,22,43760031,NN
rs80083088,22,43761203,NN
esv3647866,22,43761341,NN
rs6003177,22,43768298,NN
rs1555242,22,43779867,NN
rs5751488,22,43780291,NN
rs761740,22,43781850,NN
rs117664014,22,43781881,NN
rs743029,22,43782937,NN
rs56239640,22,43785605,NN
rs73166158,22,43787437,NN
rs74529832,22,43798373,NN
rs74616516,22,43802061,NN
rs112455927,22,43805095,NN
rs11090160,22,43805809,NN
rs6003190,22,43810009,NN
rs73166186,22,43812896,NN
rs4822289,22,43823014,NN
esv3647867,22,43824176,NN
rs739019,22,43825979,NN
rs12158832,22,43826783,NN
rs135071,22,43830353,NN
rs62234092,22,43830910,NN
rs182725627,22,43831058,NN
rs67831456,22,43832593,NN
rs135068,22,43832845,NN
rs135062,22,43834820,NN
rs74622997,22,43840982,NN
rs135044,22,43845708,NN
rs20195,22,43857328,NN
rs76970628,22,43860845,NN
rs8138794,22,43866756,NN
rs6003217,22,43870800,NN
esv3647868,22,43872529,NN
rs75142394,22,43872810,NN
rs139351019,22,43875565,NN
rs8143131,22,43876153,NN
rs2024631,22,43877096,NN
rs150867382,22,43886370,NN
rs150980659,22,43886854,NN
rs141075713,22,43894599,NN
rs28608705,22,43897310,NN
rs112035174,22,43897433,NN
rs28711226,22,43898650,NN
rs28501581,22,43900259,NN
rs62638146,22,43900524,NN
rs116923938,22,43903769,NN
rs8140898,22,43907291,NN
rs117585796,22,43924609,NN
rs736621,22,43927320,NN
rs117305335,22,43928877,NN
rs143158205,22,43931236,NN
rs61995891,22,43936117,NN
rs77935335,22,43936383,NN
rs148721948,22,43939631,NN
rs79909850,22,43949009,NN
rs34955597,22,43950853,NN
esv3647870,22,43955396,NN
rs74525878,22,43956566,NN
rs9614382,22,43976396,NN
esv3647871,22,43984873,NN
rs8138190,22,43985334,NN
rs16990797,22,43996843,NN
rs9614453,22,43998724,NN
rs735234,22,44000711,NN
rs117851770,22,44012172,NN
rs9626001,22,44012951,NN
rs377182231,22,44018906,NN
rs148922297,22,44022345,NN
esv3647873,22,44029860,NN
rs137731,22,44031042,NN
rs75912267,22,44042383,NN
rs115638616,22,44083002,NN
rs117462097,22,44090333,NN
rs78773889,22,44092683,NN
rs767249,22,44113813,NN
rs5764236,22,44114861,NN
rs117668790,22,44121569,NN
rs189113569,22,44125457,NN
rs190656289,22,44127255,NN
rs9625942,22,44129156,NN
rs79422722,22,44138332,NN
rs73174361,22,44143638,NN
rs66525552,22,44147012,NN
rs16990981,22,44151656,NN
rs146025792,22,44155674,NN
rs2187887,22,44169426,NN
rs5764296,22,44181312,NN
rs9968041,22,44183913,NN
rs5764309,22,44195654,NN
rs9614274,22,44196183,NN
rs117098145,22,44212184,NN
rs138056,22,44220673,NN
rs74840344,22,44222744,NN
rs138060,22,44222807,NN
rs112497718,22,44227025,NN
rs2285159,22,44228367,NN
rs118143044,22,44236168,NN
rs9614191,22,44238974,NN
rs80628,22,44245179,NN
rs181171910,22,44254243,NN
rs7284196,22,44257833,NN
rs116993921,22,44270663,NN
rs117222100,22,44273276,NN
rs129655,22,44274202,NN
rs5764372,22,44278752,NN
rs181818400,22,44280150,NN
rs149836456,22,44280193,NN
esv3647879,22,44281597,NN
rs739231,22,44282276,NN
rs139512427,22,44282368,NN
rs2401203,22,44284854,NN
rs62621223,22,44285258,NN
rs144355101,22,44285418,NN
rs62226145,22,44285428,NN
rs147702402,22,44285723,NN
rs713964,22,44286531,NN
rs2071883,22,44286950,NN
rs75485458,22,44287403,NN
rs373367711,22,44287586,NN
rs743936,22,44290315,NN
esv3647880,22,44293117,NN
rs77101796,22,44293787,NN
rs5764394,22,44293814,NN
rs6006570,22,44298499,NN
rs4823103,22,44304419,NN
rs9614194,22,44305065,NN
rs5764023,22,44305218,NN
rs8137962,22,44313508,NN
rs80101893,22,44314205,NN
rs9626055,22,44318244,NN
rs2076212,22,44322970,NN
rs738409,22,44324727,NN
rs117414666,22,44326204,NN
rs9625963,22,44327219,NN
rs1883350,22,44328043,NN
rs200872474,22,44328851,NN
rs190477302,22,44328870,NN
rs2281135,22,44332570,NN
rs2896019,22,44333694,NN
rs2294915,22,44340904,NN
rs76015644,22,44355693,NN
rs117826724,22,44360001,NN
rs2073082,22,44360007,NN
rs71188424,22,44368740,NN
rs932430,22,44368741,NN
rs738492,22,44370336,NN
rs61473277,22,44371406,NN
rs117721198,22,44378368,NN
rs8418,22,44379838,NN
rs17580791,22,44388281,NN
rs3827386,22,44389392,NN
rs559107029,22,44391229,NN
rs2281298,22,44391234,NN
rs2073080,22,44394402,NN
rs2281292,22,44395389,NN
rs6006610,22,44399761,NN
rs7292221,22,44403184,NN
rs16991328,22,44404484,NN
rs9614308,22,44404522,NN
rs5764058,22,44410173,NN
esv3647885,22,44411052,NN
rs11912129,22,44411804,NN
rs9614313,22,44411910,NN
rs114704228,22,44412635,NN
rs117475902,22,44413945,NN
rs8142117,22,44416429,NN
rs74427758,22,44417927,NN
rs135114,22,44417970,NN
rs5764467,22,44418444,NN
rs2267592,22,44421563,NN
rs6006622,22,44424108,NN
rs117803375,22,44425836,NN
rs2267595,22,44427251,NN
rs2246843,22,44427967,NN
rs1018795,22,44429762,NN
rs5764066,22,44435552,NN
rs2267601,22,44448338,NN
rs72619557,22,44448402,NN
rs1004529,22,44452318,NN
rs12168526,22,44456692,NN
rs67447085,22,44456841,NN
rs130311,22,44466550,NN
rs117342927,22,44467446,NN
rs73181227,22,44467676,NN
rs62226425,22,44471488,NN
rs79330384,22,44472281,NN
rs11705487,22,44474024,NN
rs738482,22,44480397,NN
rs78366367,22,44488632,NN
rs1983609,22,44489868,NN
rs738479,22,44489896,NN
rs8137149,22,44494527,NN
rs8140244,22,44496917,NN
rs9614326,22,44499343,NN
rs79263841,22,44499859,NN
rs6006486,22,44503633,NN
rs6006488,22,44506233,NN
rs112067135,22,44511918,NN
rs742550,22,44515711,NN
rs6006665,22,44517438,NN
rs577809169,22,44517438,NN
rs7291712,22,44517889,NN
rs1535009,22,44522312,NN
rs9614202,22,44524638,NN
rs75617873,22,44526105,NN
rs9625985,22,44530201,NN
rs2267614,22,44530420,NN
rs117315225,22,44532145,NN
rs56198594,22,44534073,NN
rs742404,22,44542873,NN
rs5764558,22,44544028,NN
rs139072,22,44554779,NN
rs139090,22,44562756,NN
rs77288331,22,44563678,NN
esv3647888,22,44563924,NN
rs139099,22,44566226,NN
rs139101,22,44566906,NN
rs9614207,22,44567435,NN
rs139110,22,44571828,NN
rs9614362,22,44572578,NN
rs3747208,22,44575868,NN
rs139124,22,44576132,NN
rs9614363,22,44579736,NN
rs6006693,22,44581549,NN
rs79478,22,44582499,NN
rs139133,22,44582820,NN
rs932381,22,44589008,NN
rs16991639,22,44595239,NN
rs470111,22,44595591,NN
rs139164,22,44598088,NN
rs139167,22,44598692,NN
rs909850,22,44614313,NN
rs755944,22,44614363,NN
rs713927,22,44615218,NN
rs139240,22,44617864,NN
rs11703924,22,44623871,NN
rs139265,22,44628068,NN
rs117073572,22,44633619,NN
rs9614390,22,44634211,NN
rs5764148,22,44646119,NN
rs16991714,22,44649665,NN
esv3647892,22,44649781,NN
rs77782627,22,44653054,NN
rs117549213,22,44654646,NN
rs2748865,22,44656980,NN
rs135427,22,44657628,NN
esv3647894,22,44658199,NN
rs113870793,22,44661641,NN
rs117833833,22,44663209,NN
rs112151230,22,44664764,NN
rs135420,22,44664866,NN
rs55746438,22,44671960,NN
rs135400,22,44677081,NN
rs135396,22,44677647,NN
rs113605266,22,44677783,NN
rs135391,22,44679762,NN
rs76877800,22,44682737,NN
rs9614422,22,44684979,NN
rs8136994,22,44685618,NN
rs75196408,22,44686967,NN
rs73165813,22,44687571,NN
rs7289182,22,44692540,NN
rs3935378,22,44695088,NN
rs62226817,22,44695739,NN
rs12162773,22,44698909,NN
rs3935524,22,44700267,NN
rs7511423,22,44701372,NN
rs76267418,22,44701906,NN
rs12163427,22,44702106,NN
rs7510953,22,44703234,NN
rs12162783,22,44703774,NN
rs12163376,22,44705095,NN
rs117475466,22,44706649,NN
rs12158741,22,44706814,NN
esv3647895,22,44710403,NN
rs1130274,22,44710758,NN
rs73888999,22,44714544,NN
rs68062760,22,44715032,NN
rs73434505,22,44715451,NN
rs34255233,22,44723069,NN
rs34420568,22,44723271,NN
rs117386044,22,44723542,NN
rs117032738,22,44734901,NN
rs9614891,22,44737646,NN
rs9614965,22,44739132,NN
rs111554526,22,44739592,NN
rs11090718,22,44740406,NN
rs74464138,22,44740415,NN
rs7410726,22,44740938,NN
rs5765896,22,44744080,NN
rs7284718,22,44744453,NN
rs739161,22,44745251,NN
rs5766088,22,44745694,NN
rs116925001,22,44745765,NN
rs77866744,22,44745963,NN
rs743864,22,44747100,NN
rs8139097,22,44747334,NN
rs80296798,22,44747800,NN
rs16992075,22,44750010,NN
rs5764718,22,44751158,NN
esv3647897,22,44751275,NN
rs7287993,22,44751785,NN
rs2013512,22,44753351,NN
rs71330746,22,44754444,NN
rs11705079,22,44754963,NN
esv3647898,22,44756847,NN
rs2014530,22,44757071,NN
rs76498283,22,44758421,NN
rs112443612,22,44758515,NN
rs8138173,22,44760039,NN
rs1557553,22,44760984,NN
rs58662916,22,44761314,NN
rs1557554,22,44763277,NN
rs5764924,22,44763651,NN
rs5764925,22,44763799,NN
rs116950775,22,44764343,NN
rs2097443,22,44768559,NN
rs4823353,22,44769535,NN
rs62228630,22,44770316,NN
rs1041887,22,44771763,NN
rs117238564,22,44773183,NN
rs135890,22,44774868,NN
rs62228632,22,44775847,NN
rs9626550,22,44776964,NN
rs4426,22,44778354,NN
rs2071815,22,44778738,NN
rs1041890,22,44779501,NN
rs117429554,22,44780843,NN
rs135905,22,44784847,NN
rs13055798,22,44787383,NN
rs5766061,22,44788714,NN
rs2187828,22,44790471,NN
rs916294,22,44791343,NN
rs35449812,22,44792065,NN
rs13058072,22,44792128,NN
rs117822775,22,44793300,NN
rs135914,22,44795895,NN
rs713888,22,44797723,NN
rs5766249,22,44803722,NN
rs135920,22,44803990,NN
rs135924,22,44807473,NN
rs135925,22,44807977,NN
rs135938,22,44812036,NN
rs35536840,22,44818780,NN
rs2746583,22,44818986,NN
esv3647900,22,44824274,NN
rs115020852,22,44826561,NN
rs79354586,22,44827204,NN
rs135976,22,44828077,NN
rs58198963,22,44833655,NN
rs8135880,22,44834292,NN
rs8139046,22,44834394,NN
rs19994,22,44836139,NN
rs114370433,22,44840030,NN
rs133795,22,44842354,NN
rs117771526,22,44843171,NN
rs8136951,22,44869030,NN
rs117843471,22,44875600,NN
rs74279820,22,44875959,NN
rs12628484,22,44881837,NN
rs6007154,22,44881968,NN
rs6006809,22,44886297,NN
rs149192147,22,44886854,NN
rs62231468,22,44888397,NN
rs131162,22,44892058,NN
rs73169708,22,44903465,NN
rs150587102,22,44913845,NN
rs5764884,22,44922843,NN
rs11702972,22,44924394,NN
rs4823237,22,44926599,NN
rs62228389,22,44932250,NN
rs11704450,22,44933114,NN
rs2076096,22,44933987,NN
rs876232,22,44934539,NN
rs148420465,22,44942469,NN
rs11912553,22,44942507,NN
rs2349623,22,44943401,NN
rs74531987,22,44954251,NN
rs138593,22,44965320,NN
rs4453,22,44968170,NN
rs115455098,22,44972159,NN
rs2349633,22,44973723,NN
rs2349634,22,44973739,NN
rs138601,22,44975213,NN
rs76834294,22,44979441,NN
rs138614,22,44980838,NN
rs138616,22,44980963,NN
rs11913146,22,44981992,NN
rs62228436,22,44992815,NN
rs9614827,22,44996319,NN
rs4422244,22,45003748,NN
rs73171550,22,45004364,NN
rs6007211,22,45007348,NN
rs113164996,22,45008056,NN
rs78745626,22,45011401,NN
rs4823246,22,45011761,NN
rs9614840,22,45012097,NN
rs114675065,22,45012570,NN
rs12484755,22,45017526,NN
rs12170682,22,45022668,NN
rs117228312,22,45024282,NN
rs57706163,22,45026573,NN
rs136890,22,45044681,NN
rs6007232,22,45046319,NN
rs136899,22,45048253,NN
rs9614866,22,45052844,NN
rs5765880,22,45055741,NN
rs136904,22,45057826,NN
rs73416538,22,45067165,NN
rs12484158,22,45069235,NN
rs79507698,22,45073039,NN
rs9614872,22,45074565,NN
rs117587153,22,45075116,NN
rs9626513,22,45075303,NN
rs763213,22,45075738,NN
rs9626515,22,45075871,NN
rs34504565,22,45078443,NN
rs5765900,22,45078454,NN
rs9626517,22,45078460,NN
rs9626518,22,45078496,NN
rs7285102,22,45083619,NN
rs188620792,22,45086730,NN
rs12169466,22,45088880,NN
rs4823364,22,45090008,NN
rs6007247,22,45091560,NN
rs74666121,22,45091748,NN
rs929113,22,45092400,NN
rs74958718,22,45095466,NN
rs9614882,22,45095527,NN
rs73891743,22,45095654,NN
rs5764965,22,45097815,NN
rs873724,22,45109027,NN
rs2097535,22,45109666,NN
rs75115283,22,45111398,NN
rs9614563,22,45114672,NN
rs9614888,22,45115000,NN
rs5765930,22,45115579,NN
rs17601899,22,45116127,NN
rs73173636,22,45117395,NN
rs1476049,22,45118533,NN
rs2269571,22,45123084,NN
rs3761481,22,45124846,NN
rs73173644,22,45125680,NN
rs75258050,22,45125832,NN
rs114892135,22,45129531,NN
rs132405,22,45130428,NN
rs149093189,22,45131996,NN
rs3329,22,45133238,NN
rs75368138,22,45134981,NN
rs3747221,22,45139506,NN
rs117339841,22,45139569,NN
rs76308520,22,45142816,NN
esv3647906,22,45144000,NN
rs116056464,22,45144268,NN
rs4372,22,45149541,NN
rs5765956,22,45150659,NN
rs112380053,22,45151106,NN
rs572406667;rs370161996,22,45154501,NN
rs132448,22,45154502,NN
rs186101564,22,45155509,NN
rs117447696,22,45156143,NN
rs132453,22,45157608,NN
rs132454,22,45158410,NN
rs112852059,22,45158714,NN
rs56970873,22,45160622,NN
rs132462,22,45163228,NN
rs75186072,22,45165408,NN
rs116957356,22,45167436,NN
rs6007284,22,45169167,NN
rs132470,22,45169376,NN
rs6007285,22,45169471,NN
rs132472,22,45170122,NN
rs4823376,22,45171729,NN
rs132479,22,45173060,NN
esv3647907,22,45173697,NN
rs6007287,22,45176861,NN
rs4499536,22,45177112,NN
rs1557559,22,45177118,NN
rs117337720,22,45178565,NN
rs11705445,22,45178823,NN
rs2349849,22,45179647,NN
rs5766005,22,45180554,NN
rs117972570,22,45180663,NN
rs16992796,22,45183014,NN
rs75979677,22,45187306,NN
rs17532423,22,45187679,NN
rs877666,22,45188601,NN
rs5766029,22,45189299,NN
rs9626245,22,45192621,NN
rs1001728,22,45192660,NN
rs148047033,22,45194131,NN
rs75104861,22,45194424,NN
rs55877906,22,45194632,NN
rs1076933,22,45198494,NN
rs10222313,22,45202328,NN
rs149680585,22,45208159,NN
rs2071758,22,45210666,NN
rs13053938,22,45216340,NN
rs78585553,22,45216899,NN
rs136661,22,45217779,NN
rs9614576,22,45225297,NN
rs144172455,22,45225826,NN
rs140261010,22,45231981,NN
rs12168414,22,45234658,NN
rs11703723,22,45236935,NN
rs8138412,22,45237092,NN
rs12166338,22,45240091,NN
rs136680,22,45242474,NN
rs5766099,22,45245359,NN
rs5765056,22,45248283,NN
rs77112416,22,45248580,NN
rs5765057,22,45248971,NN
rs5766113,22,45251423,NN
rs4823397,22,45253112,NN
rs6007331,22,45253464,NN
rs73892330,22,45253707,NN
rs73176182,22,45253718,NN
rs7293197,22,45253839,NN
rs59455021,22,45256418,NN
esv3647911,22,45258881,NN
rs117976437,22,45259044,NN
rs8136460,22,45260929,NN
rs28613901,22,45260956,NN
rs147152847,22,45268265,NN
rs77164366,22,45271266,NN
rs3747226,22,45279529,NN
rs12157651,22,45286318,NN
rs80157630,22,45286357,NN
rs572508004,22,45290887,NN
rs117824015,22,45292126,NN
rs12330062,22,45292178,NN
rs933233,22,45308878,NN
rs79141386,22,45313694,NN
rs4823418,22,45315232,NN
rs4823262,22,45318725,NN
rs4823421,22,45319317,NN
rs762977,22,45322493,NN
rs136684,22,45322792,NN
rs745460,22,45326141,NN
rs4514991,22,45330934,NN
rs5766209,22,45331817,NN
rs181400736,22,45332417,NN
rs5766213,22,45333182,NN
rs129447,22,45337145,NN
rs2349864,22,45339209,NN
rs111618908,22,45341279,NN
rs6006911,22,45345833,NN
rs16993202,22,45353413,NN
rs2350224,22,45354918,NN
rs117178489,22,45386997,NN
rs6007404,22,45388501,NN
rs78770253,22,45395342,NN
rs761673,22,45395468,NN
rs761676,22,45397507,NN
rs6006914,22,45397719,NN
rs117603629,22,45406566,NN
rs5766289,22,45408177,NN
rs131992,22,45409136,NN
rs5766305,22,45415412,NN
rs132005,22,45415832,NN
rs738544,22,45415847,NN
rs132007,22,45416349,NN
rs1005617,22,45421242,NN
rs132011,22,45421536,NN
rs117680337,22,45426220,NN
rs73890112,22,45427870,NN
rs6007414,22,45431796,NN
rs132039,22,45435202,NN
rs5766358,22,45441442,NN
rs78441172,22,45447052,NN
rs2013581,22,45449273,NN
esv3647916,22,45452848,NN
rs132075,22,45453731,NN
esv3647917,22,45453770,NN
rs111226774,22,45454918,NN
rs66474843,22,45456900,NN
rs13053621,22,45457915,NN
rs9614601,22,45458558,NN
rs5766384,22,45458827,NN
rs74739849,22,45461071,NN
rs79985279,22,45463797,NN
rs2057114,22,45465068,NN
esv3647918,22,45467296,NN
rs62231069,22,45469482,NN
rs35712616,22,45469983,NN
rs6007443,22,45471360,NN
rs8136226,22,45472574,NN
rs6006926,22,45475332,NN
rs17628824,22,45475874,NN
rs5765163,22,45484509,NN
rs6007447,22,45491007,NN
rs5766414,22,45491630,NN
rs4358236,22,45497395,NN
rs5766421,22,45501151,NN
rs9615025,22,45503517,NN
rs73167223,22,45505755,NN
rs6007455,22,45513168,NN
rs55836719,22,45518762,NN
rs723553,22,45518890,NN
rs562542344,22,45522188,NN
rs6006941,22,45523391,NN
rs9306489,22,45525484,NN
rs7290824,22,45527815,NN
rs547698,22,45527845,NN
rs132813,22,45528073,NN
rs132817,22,45532666,NN
rs11704050,22,45534295,NN
rs117397985,22,45558525,NN
rs5766503,22,45566360,NN
rs132874,22,45566843,NN
rs132878,22,45567067,NN
rs8135904,22,45568419,NN
rs2075952,22,45579502,NN
rs7456,22,45588248,NN
rs1125398,22,45589490,NN
rs41278911,22,45590899,NN
rs76353358,22,45592354,NN
rs2235160,22,45596506,NN
rs5766536,22,45602407,NN
rs5766546,22,45606437,NN
rs150665432,22,45608215,NN
rs75464288,22,45609416,NN
rs73434185,22,45621091,NN
rs5766564,22,45622351,NN
rs58721007,22,45623487,NN
rs145790542,22,45623759,NN
rs9615075,22,45629572,NN
rs2294196,22,45630662,NN
rs8136284,22,45642157,NN
rs6006956,22,45642907,NN
esv3647921,22,45643462,NN
rs60829688,22,45644825,NN
rs5766592,22,45645469,NN
rs6006959,22,45648846,NN
esv3647922,22,45649045,NN
rs6007529,22,45651045,NN
rs6007552,22,45660094,NN
rs184220282,22,45660616,NN
rs75276872,22,45663041,NN
rs2350625,22,45663043,NN
rs6006973,22,45665663,NN
rs117404891,22,45670133,NN
rs5765242,22,45671343,NN
rs2742648,22,45672574,NN
rs77049647,22,45674199,NN
rs76645083,22,45675375,NN
rs2350626,22,45676118,NN
rs2742624,22,45676678,NN
rs34422585,22,45680155,NN
rs2742630,22,45680473,NN
rs9626671,22,45682334,NN
rs9306493,22,45682425,NN
rs2673087,22,45682975,NN
rs138918236,22,45683104,NN
rs188696049,22,45683185,NN
rs147609981,22,45684998,NN
rs111723166,22,45685149,NN
rs3788643,22,45686090,NN
rs147247708,22,45689118,NN
rs16993800,22,45690462,NN
rs4823458,22,45693828,NN
esv3647925;esv3647926,22,45696886,NN
esv3647928,22,45699870,NN
esv3647929;esv3647930,22,45701149,NN
rs104664,22,45711854,NN
rs742013,22,45725392,NN
rs7285172,22,45726345,NN
rs2350629,22,45731050,NN
rs77414124,22,45733320,NN
rs140383625,22,45738072,NN
rs76584200,22,45742512,NN
rs144133256,22,45744648,NN
rs77223685,22,45752299,NN
rs199797179,22,45757744,NN
esv3647931,22,45778231,NN
rs76029495,22,45781304,NN
rs136604,22,45789743,NN
rs59823491,22,45794280,NN
rs117892067,22,45804887,NN
rs114380830,22,45811431,NN
rs12172195,22,45813687,NN
esv3647932,22,45813915,NN
esv3647933,22,45814876,NN
rs117786136,22,45814977,NN
rs5765340,22,45817800,NN
rs142579982,22,45821917,NN
rs1022479,22,45822347,NN
rs80042866,22,45830187,NN
rs5765364,22,45836722,NN
rs5765370,22,45838156,NN
rs6006753,22,45846472,NN
rs73889958,22,45851175,NN
rs60852449,22,45853963,NN
rs34400920,22,45856865,NN
rs11090632,22,45856941,NN
rs73441275,22,45858097,NN
rs5764742,22,45864459,NN
rs7290896,22,45871468,NN
rs5765397,22,45878984,NN
rs9614474,22,45879644,NN
rs5765401,22,45881315,NN
rs6006756,22,45884487,NN
rs5765425,22,45892433,NN
rs117938903,22,45894098,NN
rs6007065,22,45899802,NN
rs28436897,22,45903132,NN
rs73171291,22,45904019,NN
rs74764103,22,45905373,NN
rs713896,22,45908895,NN
rs2238810,22,45912376,NN
rs149891502,22,45913562,NN
rs11702909,22,45914051,NN
rs136723,22,45916679,NN
rs13053630,22,45922063,NN
rs129752,22,45922466,NN
rs7287670,22,45926585,NN
rs136741,22,45928660,NN
rs79513756,22,45929427,NN
rs200333117,22,45931192,NN
rs9682,22,45937149,NN
rs5765463,22,45942726,NN
rs77472002,22,45945914,NN
rs151076402,22,45946495,NN
rs118001978,22,45959439,NN
rs743931,22,45959540,NN
rs142814172,22,45965339,NN
rs739215,22,45967526,NN
rs13057220,22,45969722,NN
rs200901023,22,45970414,NN
rs2071868,22,45970957,NN
rs134822,22,45971158,NN
rs3788654,22,45971490,NN
rs4415,22,45971880,NN
rs4416,22,45972017,NN
rs201056633,22,45972871,NN
rs143377110,22,45972941,NN
rs5765490,22,45974913,NN
rs73173337,22,45978925,NN
rs3788658,22,45980298,NN
rs147445431,22,45985018,NN
rs79930833,22,45985371,NN
rs7292820,22,45986536,NN
rs3788669,22,45989581,NN
rs5765523,22,45992149,NN
rs17649376,22,45993743,NN
rs3788673,22,45994189,NN
rs138312931,22,45996280,NN
rs13268,22,45996298,NN
rs16994329,22,45997852,NN
rs117509940,22,46002177,NN
rs78339110,22,46002688,NN
rs78098381,22,46005170,NN
rs17564843,22,46009063,NN
rs116888451,22,46010621,NN
rs73886444,22,46013824,NN
rs5765545,22,46022046,NN
rs9614493,22,46023527,NN
rs113799639,22,46026992,NN
rs117701482,22,46031344,NN
rs16994390,22,46035521,NN
rs2301449,22,46038908,NN
rs78106693,22,46042017,NN
rs12168655,22,46044479,NN
rs79559969,22,46045856,NN
esv3647936,22,46047805,NN
rs79371209,22,46049288,NN
rs112593561,22,46055327,NN
rs111271344,22,46069687,NN
rs55882179,22,46070249,NN
rs78985624,22,46078549,NN
rs117040129,22,46080620,NN
rs74485548,22,46084828,NN
rs201467336,22,46085782,NN
rs78689861,22,46094850,NN
rs199766375,22,46096174,NN
rs74861871,22,46096862,NN
rs5765585,22,46107508,NN
rs117989001,22,46126927,NN
rs201427871,22,46136372,NN
rs117615085,22,46144326,NN
rs34876313,22,46144520,NN
rs138179,22,46145176,NN
rs111884888,22,46151322,NN
rs6007155,22,46154366,NN
rs73173391,22,46164098,NN
rs73173392,22,46172288,NN
rs135991,22,46174057,NN
rs79917314,22,46177845,NN
rs191805253,22,46178253,NN
rs117989805,22,46185280,NN
rs136007,22,46194973,NN
rs56232057,22,46196189,NN
rs183599326,22,46202164,NN
rs61289397,22,46206515,NN
rs190548125,22,46225985,NN
rs763010,22,46235105,NN
rs1023470,22,46235677,NN
rs34402219,22,46237230,NN
rs201340527,22,46238914,NN
rs140014542,22,46238930,NN
rs9614525,22,46251187,NN
rs11704609,22,46251927,NN
rs136033,22,46255004,NN
rs9614799,22,46256780,NN
rs56112134,22,46257649,NN
rs5765681,22,46259060,NN
rs136037,22,46259880,NN
rs136042,22,46261909,NN
rs116945524,22,46262042,NN
rs136051,22,46266331,NN
rs112090150,22,46270236,NN
rs74507317,22,46273902,NN
rs74677197,22,46274399,NN
rs57514815,22,46275529,NN
rs28561624,22,46281667,NN
rs112100263,22,46283225,NN
rs73886526,22,46290571,NN
rs73175030,22,46292650,NN
rs73450279,22,46292939,NN
rs28587491,22,46293746,NN
rs28480017,22,46294704,NN
rs9777732,22,46297609,NN
rs566653087,22,46298643,NN
rs10453443,22,46298649,NN
rs73452309,22,46302035,NN
esv3647938,22,46303052,NN
rs151319987,22,46303266,NN
rs9286457,22,46304440,NN
rs117551517,22,46307335,NN
rs76895390,22,46310967,NN
rs28421618,22,46313215,NN
rs112963801,22,46313688,NN
rs113343186,22,46316508,NN
rs111885193,22,46318462,NN
rs9286452,22,46320275,NN
rs79233925,22,46323861,NN
rs56398559,22,46324492,NN
rs28755830,22,46324957,NN
rs75832228,22,46325021,NN
rs184823118,22,46325353,NN
rs75662824,22,46325996,NN
rs202233642,22,46327148,NN
rs76104782,22,46330601,NN
rs9330790,22,46334234,NN
rs56115219,22,46338556,NN
rs10448589,22,46339118,NN
rs187778025,22,46346108,NN
rs10448592,22,46346121,NN
rs10448600,22,46347922,NN
rs28446149,22,46348143,NN
rs28668243,22,46348913,NN
rs75725186,22,46351350,NN
rs113538971,22,46353286,NN
rs10448585,22,46356554,NN
rs10448606,22,46360083,NN
rs10453441,22,46363739,NN
rs9330813,22,46364161,NN
rs28615830,22,46365501,NN
rs74912875,22,46365928,NN
rs10453460,22,46366165,NN
rs111758049,22,46375348,NN
rs113951080,22,46378575,NN
rs147654789,22,46379046,NN
rs118176697,22,46379353,NN
rs113108216,22,46381302,NN
rs35877437,22,46385917,NN
rs112022355,22,46387296,NN
rs28419158,22,46391695,NN
rs28562363,22,46391888,NN
rs4077498,22,46394928,NN
rs35139294,22,46398283,NN
rs113953187,22,46400764,NN
rs28685663,22,46403383,NN
rs116990915,22,46407865,NN
rs193238077,22,46414380,NN
rs6519955,22,46421842,NN
rs73175102,22,46422215,NN
rs78211501,22,46422922,NN
rs9626908,22,46428306,NN
rs560897382;rs559154208,22,46439734,NN
rs61074283,22,46439737,NN
rs111847135,22,46442971,NN
rs59929908,22,46447714,NN
rs117930260,22,46448488,NN
rs7292297,22,46458123,NN
rs7291412,22,46459132,NN
rs77910960,22,46461934,NN
rs3934479,22,46469639,NN
rs73888761,22,46470291,NN
rs7410385,22,46473740,NN
rs11913069,22,46475878,NN
rs62228098,22,46477858,NN
rs9616084,22,46480602,NN
rs9626891,22,46482948,NN
rs12160757,22,46486508,NN
rs910923,22,46487902,NN
rs11702999,22,46490826,NN
rs77251783,22,46496056,NN
rs117452563,22,46510954,NN
rs56367023,22,46513536,NN
rs2024929,22,46515210,NN
esv3647942,22,46515882,NN
rs5768763,22,46520955,NN
rs145984251,22,46523255,NN
rs77623192,22,46525009,NN
rs117621208,22,46525414,NN
rs12628025,22,46529619,NN
rs135561,22,46539639,NN
rs135550,22,46553234,NN
rs135549,22,46553308,NN
rs135543,22,46555321,NN
rs9626730,22,46562183,NN
esv3647943,22,46564031,NN
rs117057849,22,46564547,NN
rs4253650,22,46564686,NN
rs881740,22,46567388,NN
rs117691119,22,46574646,NN
rs118147297,22,46582072,NN
rs149711321,22,46594035,NN
rs4253712,22,46595035,NN
rs4823613,22,46598307,NN
rs5767634,22,46604855,NN
rs4253728,22,46610067,NN
rs4253730,22,46610409,NN
rs1800206,22,46614274,NN
rs73177040,22,46625638,NN
esv3647949,22,46627061,NN
rs4253772,22,46627603,NN
rs77400630,22,46628119,NN
rs4253778,22,46630634,NN
esv3647950,22,46640313,NN
rs61748935,22,46644177,NN
rs4508712,22,46652959,NN
rs41302599,22,46657308,NN
rs117135869,22,46664412,NN
rs62226994,22,46665209,NN
rs188400356,22,46675525,NN
rs79718762,22,46676010,NN
rs8142248,22,46684906,NN
rs76688525,22,46699857,NN
rs201701933,22,46708156,NN
rs79334853,22,46714748,NN
esv3647951,22,46720878,NN
rs150315230,22,46721287,NN
rs141601555,22,46731534,NN
rs11090865,22,46731689,NN
rs73177074,22,46732380,NN
rs201749101,22,46746319,NN
rs114058457,22,46748481,NN
rs387907022,22,46749726,NN
rs202229063,22,46751468,NN
rs185988821,22,46751949,NN
rs5768749,22,46755423,NN
rs12166377,22,46756315,NN
rs201509338,22,46760121,NN
rs200116798,22,46760416,NN
rs118156355,22,46761221,NN
rs56325154,22,46762360,NN
rs143276225,22,46762891,NN
rs138303327,22,46762970,NN
rs75983687,22,46762988,NN
rs201155196,22,46765644,NN
rs200072284,22,46773053,NN
rs147639520,22,46776707,NN
rs199710861,22,46776841,NN
rs6007897,22,46780521,NN
rs4044210,22,46786315,NN
rs6008793,22,46787434,NN
rs138703288,22,46790142,NN
rs144122307,22,46793621,NN
rs79453499,22,46794819,NN
rs9615362,22,46795141,NN
esv3647952,22,46796035,NN
rs6520011,22,46797331,NN
rs117664381,22,46799957,NN
rs11704506,22,46805772,NN
rs118015765,22,46813134,NN
rs117562354,22,46813336,NN
esv3647953,22,46814088,NN
rs6008817,22,46814671,NN
rs11703127,22,46817423,NN
rs74756314,22,46823558,NN
rs73890425,22,46823952,NN
rs7288371,22,46825043,NN
rs6008822,22,46827038,NN
rs61737817,22,46829349,NN
rs61737816,22,46829377,NN
rs77717991,22,46829422,NN
rs62227005,22,46829927,NN
rs117310355,22,46831590,NN
rs6008826,22,46831965,NN
rs61737815,22,46832098,NN
rs4823810,22,46835000,NN
rs200569320,22,46835201,NN
rs9616008,22,46835338,NN
rs8137581,22,46835558,NN
rs73177083,22,46837508,NN
rs117958420,22,46838626,NN
rs11703616,22,46839091,NN
rs874827,22,46846881,NN
rs6008833,22,46847579,NN
rs760991,22,46854398,NN
rs8139196,22,46854651,NN
rs8138156,22,46855322,NN
rs8139582,22,46857558,NN
rs75094022,22,46858432,NN
rs5768788,22,46858687,NN
rs11914038,22,46858809,NN
rs6008858,22,46867968,NN
rs3788705,22,46869059,NN
rs35973286,22,46869457,NN
rs78522011,22,46870068,NN
rs6520023,22,46873011,NN
rs118127983,22,46876773,NN
rs150631918,22,46876904,NN
rs188671195,22,46879277,NN
rs80253568,22,46883221,NN
rs117259753,22,46883693,NN
rs9616019,22,46886036,NN
rs12628943,22,46890899,NN
rs10211986,22,46896834,NN
rs9616028,22,46898454,NN
rs6008880,22,46905066,NN
rs5768864,22,46906098,NN
rs78804481,22,46909662,NN
rs77068715,22,46910763,NN
rs3827411,22,46912974,NN
rs3827412,22,46913478,NN
rs73888541,22,46914145,NN
rs12484501,22,46914277,NN
rs9615375,22,46915621,NN
rs5768880,22,46916960,NN
rs5767240,22,46919906,NN
rs5768892,22,46921858,NN
rs713917,22,46922611,NN
esv3647956,22,46923764,NN
rs5767244,22,46924254,NN
rs202114318,22,46929683,NN
rs4823561,22,46929692,NN
rs144782066,22,46929877,NN
rs148349145,22,46929899,NN
rs61737811,22,46930013,NN
rs201855257,22,46930205,NN
rs200061231,22,46930297,NN
rs199936313,22,46930444,NN
rs146508060,22,46930589,NN
rs143062246,22,46930754,NN
rs142220741,22,46930927,NN
rs192865476,22,46930934,NN
rs41279837,22,46931050,NN
rs4823850,22,46931077,NN
rs117345830,22,46936760,NN
rs118085077,22,46939326,NN
rs5768935,22,46943554,NN
rs9615382,22,46947914,NN
rs738240,22,46961278,NN
rs5768964,22,46964740,NN
rs77285372,22,46969151,NN
rs8138073,22,46969552,NN
rs12485133,22,46980242,NN
rs714024,22,47013535,NN
rs138492,22,47015444,NN
rs138481,22,47021203,NN
rs732925,22,47026467,NN
rs875559,22,47034838,NN
rs117094395,22,47041692,NN
rs17834253,22,47053165,NN
rs2542038,22,47059282,NN
rs885792,22,47063359,NN
rs34212133,22,47070747,NN
rs73176536,22,47077006,NN
rs4823869,22,47081268,NN
rs801721,22,47081716,NN
rs8143065,22,47082577,NN
esv3647960,22,47091066,NN
rs9616098,22,47091231,NN
rs135676,22,47091321,NN
rs118023871,22,47092066,NN
rs78424,22,47093846,NN
rs62232615,22,47094937,NN
rs13057352,22,47095235,NN
rs743035,22,47098969,NN
rs135698,22,47104011,NN
rs801728,22,47104306,NN
rs78444025,22,47105302,NN
rs135701,22,47106800,NN
rs6008957,22,47108669,NN
rs9616103,22,47112396,NN
rs117327271,22,47114308,NN
esv3647961,22,47114436,NN
rs5769110,22,47114747,NN
rs9627540,22,47115825,NN
rs62232639,22,47137783,NN
rs761906,22,47138659,NN
rs117051531,22,47142436,NN
rs77665308,22,47142950,NN
rs73182605,22,47144956,NN
rs16995672,22,47146222,NN
rs78601517,22,47150613,NN
rs5767343,22,47150813,NN
rs801640,22,47159028,NN
rs12628080,22,47171343,NN
rs801628,22,47171456,NN
rs5769152,22,47182944,NN
rs117245190,22,47183250,NN
rs62233785,22,47190159,NN
rs974226,22,47230348,NN
rs7290059,22,47236944,NN
rs116862892,22,47238490,NN
rs76948592,22,47241711,NN
rs1984405,22,47249002,NN
rs78057761,22,47249424,NN
rs6008993,22,47250120,NN
rs117502253,22,47264797,NN
rs131861,22,47268167,NN
rs73891034,22,47272844,NN
rs131873,22,47275828,NN
rs6009015,22,47276684,NN
rs362154,22,47278852,NN
rs73184520,22,47282589,NN
rs16995807,22,47284389,NN
rs79173093,22,47287369,NN
rs35119670,22,47288232,NN
rs118017896,22,47288975,NN
rs12160779,22,47292254,NN
rs6009040,22,47295656,NN
rs117964110,22,47297356,NN
rs3891508,22,47297850,NN
rs5769220,22,47298873,NN
rs4823890,22,47299533,NN
rs867086,22,47300250,NN
rs75899447,22,47301320,NN
rs5767402,22,47302584,NN
rs6009047,22,47304870,NN
rs78905339,22,47308426,NN
rs16995967,22,47308942,NN
rs112370377,22,47308949,NN
rs73888455,22,47308974,NN
rs73478582,22,47309019,NN
rs73478584,22,47309290,NN
rs16995971,22,47309351,NN
esv3647967,22,47314898,NN
rs6009062,22,47327410,NN
rs9616165,22,47332082,NN
rs56205905,22,47335227,NN
rs4823900,22,47335392,NN
rs181028066,22,47340585,NN
rs117530715,22,47342245,NN
rs136068,22,47344209,NN
rs76850005,22,47344627,NN
rs116994256,22,47346042,NN
rs73890505,22,47349882,NN
rs73186520,22,47350898,NN
rs9616177,22,47351838,NN
rs136101,22,47363413,NN
rs4437,22,47370343,NN
rs112648855,22,47371086,NN
rs8142299,22,47374454,NN
rs185546419,22,47376008,NN
rs117449195,22,47381883,NN
rs55878044,22,47382150,NN
rs6008014,22,47386680,NN
rs143658723,22,47386745,NN
rs75430848,22,47387771,NN
rs141454146,22,47392457,NN
rs112913638,22,47397600,NN
rs117744986,22,47408148,NN
rs62225117,22,47409522,NN
rs55641454,22,47410000,NN
rs139966518,22,47410341,NN
rs9616197,22,47411246,NN
rs75104550,22,47413392,NN
rs16996168,22,47414062,NN
rs74560453,22,47419938,NN
rs131946,22,47422310,NN
rs7291161,22,47434170,NN
esv3647972,22,47435198,NN
rs9615456,22,47439597,NN
rs131896,22,47440700,NN
rs146290920,22,47440988,NN
rs13053636,22,47446815,NN
rs4823588,22,47446867,NN
rs16996234,22,47447370,NN
rs117941345,22,47450668,NN
rs13054137,22,47454130,NN
rs86559,22,47454664,NN
rs131929,22,47458767,NN
rs75524349,22,47460594,NN
rs9615127,22,47464074,NN
rs139951227,22,47464386,NN
rs739013,22,47471713,NN
rs71313092,22,47476259,NN
rs4823464,22,47489470,NN
rs79285278,22,47492833,NN
rs9615461,22,47497788,NN
rs138863534,22,47502187,NN
rs5767494,22,47503584,NN
rs543019003,22,47514706,NN
rs67421587,22,47514708,NN
rs8140163,22,47514710,NN
rs78733435,22,47516111,NN
rs370372413,22,47517657,NN
rs80299207,22,47523551,NN
rs738665,22,47529157,NN
rs144351340,22,47530307,NN
rs5766691,22,47532396,NN
rs78096288,22,47535534,NN
rs56145009,22,47539561,NN
rs17175403,22,47541927,NN
rs738669,22,47548321,NN
rs754890,22,47556231,NN
rs4823603,22,47557638,NN
rs34154253,22,47559548,NN
rs180867222,22,47565702,NN
rs9637352,22,47567319,NN
rs7292316,22,47568203,NN
rs135363,22,47573107,NN
rs9615467,22,47575999,NN
rs17763384,22,47576867,NN
rs117622751,22,47579038,NN
rs117632576,22,47585937,NN
rs116985463,22,47592350,NN
rs6007633,22,47595959,NN
rs6007635,22,47601589,NN
rs135379,22,47604319,NN
rs875029,22,47604571,NN
rs9626700,22,47609590,NN
rs9626702,22,47609914,NN
rs117644037,22,47618376,NN
rs4823617,22,47625244,NN
rs8140251,22,47631491,NN
rs73172511,22,47635091,NN
rs136617,22,47636116,NN
rs7291607,22,47642181,NN
rs79131281,22,47642973,NN
rs116900944,22,47643204,NN
rs73172520,22,47653458,NN
rs8136752,22,47653468,NN
rs79083211,22,47653477,NN
rs9615482,22,47653549,NN
rs4342040,22,47655072,NN
rs739111,22,47656578,NN
rs136636,22,47657635,NN
rs77576813,22,47668054,NN
rs118179232,22,47669548,NN
rs73887242,22,47671028,NN
rs118077630,22,47671305,NN
rs62225336,22,47673252,NN
rs11913251,22,47675263,NN
rs73469736,22,47676867,NN
rs766168,22,47679901,NN
rs6008118,22,47683805,NN
rs2187793,22,47688003,NN
rs9626993,22,47688227,NN
rs138903421,22,47691892,NN
rs184677623,22,47692056,NN
rs1029311,22,47696868,NN
rs73172554,22,47706426,NN
rs5766748,22,47709744,NN
rs5767676,22,47711836,NN
rs12484978,22,47712496,NN
rs116740211,22,47721410,NN
rs79265174,22,47724889,NN
rs2337522,22,47728935,NN
rs146493993,22,47731911,NN
rs4823632,22,47735419,NN
esv3647982,22,47740433,NN
rs116251692,22,47747733,NN
rs6008150,22,47748531,NN
rs61670807,22,47748958,NN
rs117718838,22,47756494,NN
rs55876127,22,47757237,NN
rs2337542,22,47758290,NN
rs131853,22,47763158,NN
rs73475602,22,47765327,NN
rs59039117,22,47765729,NN
rs713983,22,47767893,NN
esv3647984,22,47768372,NN
rs62225357,22,47770118,NN
rs112887208,22,47777675,NN
esv3647985,22,47779055,NN
rs376192255,22,47780734,NN
rs9626722,22,47783287,NN
rs76148675,22,47785456,NN
rs181974826,22,47787602,NN
rs34214957,22,47788396,NN
rs5767722,22,47788961,NN
rs910081,22,47797442,NN
rs77031946,22,47800416,NN
rs9615158,22,47817880,NN
rs4823482,22,47820668,NN
rs7287901,22,47823761,NN
rs73172599,22,47827401,NN
rs4823643,22,47830034,NN
rs763031,22,47830777,NN
rs140470624,22,47831302,NN
rs2027855,22,47837513,NN
rs13057595,22,47839999,NN
rs75134277,22,47840509,NN
rs130872,22,47851349,NN
rs929048,22,47851757,NN
rs4823645,22,47852481,NN
rs76811265,22,47852696,NN
rs117162572,22,47853167,NN
rs116961986,22,47857356,NN
rs62225361,22,47861355,NN
rs115183643,22,47864743,NN
rs6007671,22,47864764,NN
rs117081659,22,47870544,NN
rs73174714,22,47874082,NN
esv3647987,22,47875314,NN
rs9615162,22,47875335,NN
rs34476782,22,47876012,NN
rs9627057,22,47880162,NN
esv3647988,22,47883966,NN
rs71741776,22,47885421,NN
rs9627062,22,47885425,NN
rs1981462,22,47890114,NN
rs113872905,22,47894506,NN
rs16996925,22,47896174,NN
rs9615539,22,47898444,NN
rs6008239,22,47898585,NN
esv3647989,22,47898974,NN
rs75113110,22,47909753,NN
rs117635092,22,47921223,NN
rs117787677,22,47931188,NN
rs6008250,22,47931216,NN
rs12628793,22,47932395,NN
esv3647992,22,47936545,NN
rs5767791,22,47937655,NN
rs135143,22,47937891,NN
rs130481,22,47940908,NN
rs77650614,22,47941280,NN
rs118159773,22,47942207,NN
rs7288712,22,47942764,NN
rs10460765,22,47944748,NN
rs5767803,22,47946521,NN
rs79829102,22,47946836,NN
rs5767806,22,47950158,NN
rs2064433,22,47957146,NN
rs62225389,22,47958325,NN
rs6007694,22,47959703,NN
rs2285093,22,47961708,NN
rs79369357,22,47962574,NN
rs115118,22,47973949,NN
rs131120,22,47976235,NN
rs117364427,22,47981350,NN
rs2337969,22,47983376,NN
rs13056610,22,47983952,NN
rs75188320,22,47984014,NN
rs57641837,22,47985843,NN
rs56813510,22,47986266,NN
rs5766806,22,47987698,NN
rs131103,22,47987803,NN
esv3647994,22,47988199,NN
rs131100,22,47989391,NN
rs78449155,22,47990424,NN
rs1858755,22,47993409,NN
rs6007701,22,47995497,NN
rs75834517,22,47997712,NN
rs9615171,22,48001879,NN
rs6008295,22,48008933,NN
rs117834824,22,48010425,NN
rs5767834,22,48010698,NN
rs28725442,22,48016110,NN
rs5767849,22,48022020,NN
rs9626749,22,48022887,NN
rs117194462,22,48025787,NN
rs9627093,22,48028984,NN
rs73174771,22,48032189,NN
rs76887417,22,48036950,NN
rs17669761,22,48047131,NN
rs371022,22,48065145,NN
rs132125,22,48070614,NN
rs73174785,22,48071492,NN
rs61521756,22,48077017,NN
rs62227799,22,48084888,NN
rs62227807,22,48093502,NN
rs397723,22,48112790,NN
rs9615606,22,48119096,NN
rs79046739,22,48120843,NN
rs9627120,22,48121985,NN
rs74780177,22,48131294,NN
rs6008359,22,48132588,NN
rs145744511,22,48133557,NN
rs12158109,22,48138017,NN
rs6008372,22,48144783,NN
rs5767968,22,48145834,NN
rs368170200,22,48148333,NN
rs6008375,22,48153237,NN
rs2338254,22,48162131,NN
rs73176710,22,48162458,NN
rs11703458,22,48164478,NN
rs16997552,22,48174656,NN
rs878487,22,48177116,NN
rs738738,22,48180475,NN
rs7290606,22,48181793,NN
rs9626773,22,48182991,NN
rs117057152,22,48184082,NN
rs117825507,22,48187732,NN
rs5767992,22,48188253,NN
rs201483665,22,48190053,NN
rs77876633,22,48193505,NN
rs2103954,22,48196529,NN
rs4823694,22,48202555,NN
rs5768007,22,48207872,NN
rs6008400,22,48207896,NN
esv3647999,22,48208766,NN
rs6008402,22,48209939,NN
rs11703828,22,48212275,NN
rs6007751,22,48214076,NN
rs118168483,22,48216236,NN
rs5768015,22,48216602,NN
esv3648000,22,48221179,NN
rs4823703,22,48222045,NN
rs4823709,22,48225753,NN
rs738744,22,48231357,NN
rs5766904,22,48237819,NN
rs117713082,22,48238803,NN
rs11704818,22,48248892,NN
rs76859580,22,48250867,NN
rs150774015,22,48250952,NN
rs5768088,22,48255862,NN
rs113251484,22,48256537,NN
rs761917,22,48258293,NN
rs2064803,22,48269511,NN
rs4823719,22,48274032,NN
rs4823721,22,48274134,NN
rs76934446,22,48276757,NN
rs5768107,22,48281227,NN
rs6007757,22,48282594,NN
rs62224237,22,48284296,NN
rs9627183,22,48284514,NN
rs738728,22,48285991,NN
rs5768114,22,48287937,NN
rs738733,22,48295417,NN
rs5768148,22,48307904,NN
rs5768149,22,48309365,NN
rs12157373,22,48311561,NN
rs112432957,22,48312904,NN
rs5768156,22,48314463,NN
rs6008456,22,48317614,NN
rs4990141,22,48318002,NN
rs874961,22,48318237,NN
rs73182791,22,48319386,NN
rs117663002,22,48320482,NN
rs117162349,22,48320652,NN
rs9615234,22,48321123,NN
rs5768178,22,48324344,NN
rs187093589,22,48327863,NN
rs78965479,22,48329533,NN
rs5768202,22,48334119,NN
rs5766957,22,48336091,NN
rs5766958,22,48343389,NN
rs113212741,22,48345524,NN
rs56091638,22,48352440,NN
rs4823509,22,48363970,NN
rs77386801,22,48367070,NN
rs6008485,22,48371416,NN
rs5768220,22,48371721,NN
rs76192177,22,48371991,NN
rs9615717,22,48381376,NN
rs74897032,22,48385947,NN
rs79669777,22,48387242,NN
rs118027103,22,48390279,NN
rs9615251,22,48392711,NN
rs117336966,22,48393657,NN
rs6007780,22,48395782,NN
rs9615252,22,48396897,NN
rs5766971,22,48397852,NN
rs62225670,22,48403186,NN
rs6008503,22,48404527,NN
rs135345,22,48409635,NN
rs117639066,22,48413953,NN
rs368302445,22,48414538,NN
rs144561369,22,48416238,NN
rs77730349,22,48421654,NN
rs743094,22,48434062,NN
rs738704,22,48434712,NN
rs6008523,22,48444881,NN
rs373439688,22,48446225,NN
rs55975331,22,48452417,NN
rs135264,22,48454693,NN
rs5768311,22,48457140,NN
rs9627236,22,48471352,NN
rs7284100,22,48473412,NN
rs135294,22,48477781,NN
rs6008549,22,48478158,NN
rs116988783,22,48483057,NN
rs11703784,22,48483072,NN
rs117805886,22,48491227,NN
rs12172234,22,48492542,NN
rs35941134,22,48493463,NN
rs5768350,22,48494758,NN
rs117403545,22,48495161,NN
rs16998356,22,48496616,NN
rs9626807,22,48501694,NN
rs117577285,22,48509151,NN
rs16998380,22,48510196,NN
rs17625488,22,48510973,NN
rs16994730,22,48514296,NN
rs77850061,22,48514561,NN
rs715500,22,48529709,NN
rs131127,22,48530770,NN
rs73480896,22,48533127,NN
rs117969706,22,48534015,NN
rs2338671,22,48538763,NN
rs34511869,22,48540651,NN
rs131137,22,48546285,NN
rs78191372,22,48548256,NN
rs80128396,22,48557822,NN
rs5768412,22,48567467,NN
rs117210489,22,48580665,NN
rs117468176,22,48584690,NN
rs926233,22,48587960,NN
rs133528,22,48590929,NN
rs6007812,22,48591245,NN
rs133530,22,48591444,NN
rs12169853,22,48594309,NN
rs5768434,22,48598852,NN
rs12484143,22,48599065,NN
rs5767060,22,48600260,NN
rs117657266,22,48602385,NN
rs7286079,22,48603295,NN
rs60349186,22,48605650,NN
rs73186731,22,48605975,NN
rs74507238,22,48607490,NN
rs76711243,22,48607847,NN
rs117670747,22,48609675,NN
rs738184,22,48615721,NN
rs9615811,22,48617522,NN
rs5768453,22,48621722,NN
rs34204455,22,48622929,NN
rs2013591,22,48624809,NN
rs13054085,22,48630184,NN
rs76884740,22,48631939,NN
rs5767072,22,48634223,NN
rs5768461,22,48636212,NN
rs469999,22,48637056,NN
rs76040685,22,48640884,NN
rs74278741,22,48642910,NN
rs5768480,22,48645780,NN
rs4499,22,48646288,NN
rs77652610,22,48649223,NN
rs79506914,22,48651368,NN
rs73479545,22,48657382,NN
rs4392,22,48658493,NN
rs34326441,22,48658601,NN
rs74755044,22,48658891,NN
rs133580,22,48659880,NN
rs133584,22,48665415,NN
rs62226623,22,48667212,NN
esv3648008,22,48670259,NN
rs6007822,22,48671102,NN
rs909502,22,48672302,NN
rs76303817,22,48675848,NN
rs4823743,22,48677229,NN
rs111536152,22,48677603,NN
rs35835342,22,48677819,NN
rs76663933,22,48679174,NN
rs73169417,22,48684220,NN
rs11702956,22,48687076,NN
rs35679622,22,48689626,NN
rs36007025,22,48689786,NN
rs133616,22,48691715,NN
rs9627289,22,48695110,NN
rs28675311,22,48696193,NN
rs133620,22,48698117,NN
rs12627978,22,48699609,NN
rs4396,22,48701023,NN
rs9615863,22,48701826,NN
rs117789314,22,48705432,NN
esv3648009,22,48706958,NN
rs133631,22,48707427,NN
rs9615864,22,48708954,NN
rs187529321,22,48709441,NN
rs73169441,22,48713074,NN
rs133649,22,48715166,NN
rs742019,22,48715863,NN
rs133651,22,48717026,NN
rs6008628,22,48717101,NN
rs9615867,22,48719458,NN
rs133658,22,48722383,NN
rs9615868,22,48723377,NN
rs133662,22,48725114,NN
rs74848814,22,48725278,NN
rs75753551,22,48725319,NN
rs909497,22,48726517,NN
rs117863393,22,48728671,NN
rs34134485,22,48729670,NN
esv3648011,22,48733739,NN
rs6008655,22,48739456,NN
rs67263787,22,48741349,NN
rs10427669,22,48742097,NN
rs73169466,22,48746037,NN
rs13054685,22,48747116,NN
rs1883131,22,48749424,NN
rs5768555,22,48750445,NN
rs2179060,22,48752757,NN
rs9627314,22,48757897,NN
rs5767121,22,48762687,NN
rs133679,22,48766025,NN
rs4823756,22,48766791,NN
rs133693,22,48768431,NN
rs116854386,22,48768677,NN
rs76030603,22,48775076,NN
esv3648012,22,48779002,NN
rs5768582,22,48781460,NN
rs78239657,22,48782213,NN
rs73487196,22,48793169,NN
rs73888588,22,48793192,NN
rs73487197,22,48793605,NN
rs58286997,22,48799877,NN
rs117696728,22,48800032,NN
rs130804,22,48801666,NN
esv3648013,22,48803170,NN
rs187432349,22,48804793,NN
rs130830,22,48809362,NN
rs73171414,22,48810817,NN
rs16998984,22,48811068,NN
rs75066394,22,48814168,NN
rs6007848,22,48815752,NN
rs5767136,22,48816766,NN
rs17707481,22,48818021,NN
rs6007850,22,48819398,NN
rs76332574,22,48819532,NN
rs12106638,22,48820023,NN
rs4823768,22,48822390,NN
rs7293013,22,48823357,NN
rs916268,22,48826019,NN
rs75207814,22,48828134,NN
esv3648014,22,48828647,NN
rs77857154,22,48828659,NN
esv3648015,22,48830541,NN
rs4823535,22,48830958,NN
rs73485269,22,48831652,NN
rs8136255,22,48832904,NN
rs78574224,22,48835424,NN
rs28689976,22,48835818,NN
rs9627347,22,48836042,NN
rs5768624,22,48836239,NN
rs135168,22,48836425,NN
rs75102455,22,48837518,NN
rs13056560,22,48837867,NN
rs4823776,22,48838815,NN
esv3648016,22,48842042,NN
rs74763425,22,48842959,NN
rs8140841,22,48844608,NN
rs2001078,22,48844751,NN
rs9615893,22,48851078,NN
rs12169429,22,48852587,NN
rs76893291,22,48855036,NN
rs5768643,22,48855412,NN
rs9627357,22,48857484,NN
rs75698695,22,48871294,NN
rs76164244,22,48872140,NN
rs6008718,22,48872692,NN
rs5768657,22,48873919,NN
rs9615905,22,48875699,NN
esv3648017,22,48876946,NN
rs11913664,22,48877273,NN
rs6008735,22,48888351,NN
rs5767172,22,48892314,NN
rs11913116,22,48894613,NN
rs10460766,22,48896580,NN
rs6008741,22,48897881,NN
rs763002,22,48901623,NN
rs4823790,22,48903278,NN
rs8142739,22,48906678,NN
rs133513,22,48908084,NN
rs117129046,22,48911133,NN
rs133503,22,48911602,NN
rs6520007,22,48921733,NN
rs916283,22,48928215,NN
rs133473,22,48929226,NN
rs5768709,22,48929569,NN
rs80517,22,48929867,NN
rs73888446,22,48930780,NN
rs73173404,22,48934772,NN
rs78011702,22,48940506,NN
rs9615919,22,48940644,NN
rs16999364,22,48941730,NN
rs16999372,22,48943842,NN
rs76141473,22,48949588,NN
rs138199437,22,48955528,NN
rs10483242,22,48958927,NN
rs5767194,22,48960409,NN
rs73425926,22,48965771,NN
rs74755527,22,48970145,NN
rs5768744,22,48974855,NN
rs73173418,22,48975696,NN
rs28607216,22,48976795,NN
rs35442569,22,48977485,NN
rs145463015,22,48979600,NN
rs35883968,22,48982923,NN
rs34282403,22,48984016,NN
rs28385606,22,48989851,NN
rs28670921,22,48990016,NN
rs28453811,22,48990325,NN
rs76703344,22,48994925,NN
rs77637002,22,48998731,NN
rs28540533,22,49003874,NN
rs28470428,22,49004138,NN
rs28619115,22,49004395,NN
rs28583016,22,49006685,NN
rs28660539,22,49008816,NN
rs117373929,22,49009460,NN
rs73173452,22,49010940,NN
rs28480167,22,49011701,NN
rs28478619,22,49012304,NN
rs28621643,22,49012662,NN
rs28437626,22,49013430,NN
rs9617409,22,49019380,NN
rs1116488,22,49020010,NN
rs5771622,22,49027446,NN
rs116849156,22,49028388,NN
rs6010520,22,49028732,NN
rs117604295,22,49033025,NN
rs7290651,22,49033984,NN
rs73429964,22,49035766,NN
rs76500988,22,49036323,NN
rs117293902,22,49041016,NN
rs730147,22,49043912,NN
rs9617477,22,49045770,NN
rs2337487,22,49048646,NN
rs11704388,22,49049468,NN
rs8142256,22,49050435,NN
rs11204493,22,49055167,NN
rs73891343,22,49056438,NN
rs17823579,22,49059226,NN
rs4925431,22,49060976,NN
rs4925432,22,49060994,NN
rs77899570,22,49061028,NN
rs11913836,22,49062315,NN
rs9617493,22,49065116,NN
rs73175132,22,49065630,NN
rs73175134,22,49065704,NN
rs73889542,22,49065939,NN
rs5771705,22,49065944,NN
rs12485086,22,49068081,NN
rs9617419,22,49068935,NN
rs10483243,22,49069693,NN
rs58577646,22,49072727,NN
rs5771710,22,49074301,NN
rs11912386,22,49076187,NN
rs132220,22,49076564,NN
rs73175151,22,49078213,NN
rs4244607,22,49078382,NN
rs5771713,22,49080458,NN
rs5771716,22,49080775,NN
rs13053354,22,49083660,NN
esv3648020,22,49084285,NN
rs11204500,22,49085175,NN
rs4925435,22,49085205,NN
rs77043864,22,49086346,NN
rs7288241,22,49086481,NN
rs130129,22,49096694,NN
rs130132,22,49097331,NN
rs9617422,22,49099451,NN
rs4925446,22,49099888,NN
rs132231,22,49102667,NN
rs13053451,22,49108592,NN
rs130163,22,49109677,NN
rs77087614,22,49118535,NN
rs130191,22,49118598,NN
rs130199,22,49120754,NN
rs6587310,22,49123661,NN
rs13058052,22,49128427,NN
rs9628476,22,49137410,NN
rs7286059,22,49145128,NN
rs117229848,22,49146379,NN
rs75154671,22,49150068,NN
rs117492155,22,49150324,NN
rs12627844,22,49151839,NN
rs77109544,22,49153809,NN
rs13056461,22,49155087,NN
rs5771629,22,49157079,NN
rs77756067,22,49158148,NN
rs76476178,22,49163067,NN
rs7286383,22,49163473,NN
rs5771808,22,49169259,NN
rs75968298,22,49171081,NN
rs5771644,22,49174803,NN
rs131025,22,49175009,NN
rs6010527,22,49176220,NN
rs78492,22,49176977,NN
rs17824173,22,49177358,NN
rs79806349,22,49178339,NN
rs140383675,22,49178786,NN
rs2337497,22,49179546,NN
rs117567961,22,49179673,NN
rs6010475,22,49181676,NN
rs8136148,22,49189233,NN
rs117458295,22,49191060,NN
rs16999916,22,49194740,NN
rs5771851,22,49195316,NN
rs5771853,22,49195990,NN
rs9617458,22,49196699,NN
esv3648022,22,49199967,NN
rs58163826,22,49201009,NN
rs9617397,22,49201452,NN
rs5771860,22,49203073,NN
rs62225981,22,49203076,NN
rs34353439,22,49203159,NN
rs34407081,22,49203503,NN
rs9628553,22,49203679,NN
rs5771862,22,49203968,NN
rs9617402,22,49205090,NN
rs7288568,22,49209360,NN
rs143215324,22,49212470,NN
rs7286388,22,49212730,NN
rs143297251,22,49216289,NN
rs80122443,22,49217784,NN
rs7511364,22,49220704,NN
rs11204487,22,49225538,NN
rs7284992,22,49226374,NN
rs28444486,22,49231540,NN
rs78375305,22,49233543,NN
rs28704073,22,49235593,NN
rs28608140,22,49238096,NN
rs73179552,22,49241330,NN
rs28419286,22,49241617,NN
rs28375551,22,49241664,NN
rs192166799,22,49248329,NN
rs28532114,22,49256037,NN
rs28489060,22,49260105,NN
rs73179563,22,49261591,NN
rs115520670,22,49262021,NN
rs3935733,22,49262144,NN
rs73889859,22,49262255,NN
rs4076042,22,49262579,NN
rs117353787,22,49262584,NN
rs116974058,22,49262840,NN
rs28451832,22,49263108,NN
rs77293382,22,49263117,NN
rs28497237,22,49263192,NN
rs28578895,22,49264313,NN
rs28496358,22,49264574,NN
rs28538790,22,49264683,NN
rs35938512,22,49264754,NN
rs73427900,22,49266666,NN
rs77311868,22,49270838,NN
rs117445710,22,49272303,NN
rs4075230,22,49273804,NN
rs80326259,22,49275828,NN
rs3935258,22,49279149,NN
rs3936054,22,49279277,NN
rs28395391,22,49281965,NN
rs62228087,22,49286706,NN
rs76229632,22,49289448,NN
rs6009275,22,49294205,NN
rs73179587,22,49295721,NN
rs147087908,22,49298989,NN
rs875576,22,49302644,NN
rs12171007,22,49302696,NN
rs6009352,22,49305099,NN
rs2318399,22,49305789,NN
rs56876325,22,49305921,NN
rs6009448,22,49313561,NN
rs5769415,22,49316305,NN
rs73179602,22,49318696,NN
rs4824005,22,49321780,NN
rs73181703,22,49322837,NN
rs62225909,22,49325245,NN
rs73431814,22,49326715,NN
rs5770123,22,49328393,NN
rs71314884,22,49330313,NN
rs76018071,22,49335065,NN
rs138432964,22,49335106,NN
rs12170462,22,49335738,NN
rs114888472,22,49338292,NN
rs12159798,22,49339311,NN
rs76866981,22,49340712,NN
rs12106663,22,49340942,NN
rs78307189,22,49341179,NN
rs7284528,22,49341458,NN
rs62225940,22,49341733,NN
rs5769616,22,49342625,NN
rs5770398,22,49343781,NN
rs35673575,22,49344361,NN
rs148870277,22,49347077,NN
rs116026358,22,49348797,NN
rs6009715,22,49351462,NN
rs7287396,22,49352846,NN
esv3648025;esv3648026,22,49352882,NN
esv3648027,22,49352933,NN
rs6009734,22,49353557,NN
rs4823942,22,49356638,NN
esv3648028,22,49357118,NN
rs9628063,22,49360424,NN
rs73181777,22,49362958,NN
rs68119480,22,49363020,NN
rs73433971,22,49363742,NN
rs73181785,22,49363925,NN
rs74711147,22,49364481,NN
rs5770581,22,49364780,NN
rs5769705,22,49365356,NN
rs5769706,22,49365517,NN
rs75651092,22,49369775,NN
rs17824774,22,49369993,NN
rs73181796,22,49370365,NN
rs5770666,22,49375244,NN
rs62221247,22,49375523,NN
rs742976,22,49377893,NN
esv3648030,22,49389850,NN
esv3648031,22,49393217,NN
rs117877573,22,49393541,NN
rs191032433,22,49395865,NN
rs62223365,22,49396259,NN
rs2873699,22,49396512,NN
rs34189568,22,49398026,NN
esv3648032,22,49401061,NN
rs117084099,22,49403008,NN
rs4823966,22,49404049,NN
rs2318432,22,49405594,NN
rs5769796,22,49408735,NN
rs5769373,22,49411595,NN
rs5769381,22,49417110,NN
esv3648033,22,49417900,NN
rs77312977,22,49418050,NN
rs12169316,22,49419778,NN
rs12169358,22,49419807,NN
rs12170605,22,49419902,NN
rs5769385,22,49422075,NN
rs5769386,22,49422263,NN
rs117270697,22,49422362,NN
rs4823975,22,49430125,NN
rs13055527,22,49433983,NN
rs5769389,22,49434131,NN
rs113944715,22,49434803,NN
rs11702959,22,49438481,NN
rs5769843,22,49438550,NN
rs77779902,22,49438931,NN
rs5769849,22,49446616,NN
rs4823981,22,49448164,NN
rs5769852,22,49448476,NN
esv3648035,22,49450272,NN
rs12628155,22,49450895,NN
rs111314200,22,49450949,NN
rs139691487,22,49451866,NN
rs73183564,22,49451932,NN
rs73183565,22,49454022,NN
rs6009399,22,49459944,NN
rs4402864,22,49465735,NN
rs5769393,22,49467831,NN
rs910308,22,49484533,NN
rs113960506,22,49485723,NN
rs926761,22,49486490,NN
rs8137626,22,49487114,NN
rs12628360,22,49491078,NN
rs7292709,22,49492784,NN
rs76192598,22,49494989,NN
rs75167430,22,49499223,NN
rs6009459,22,49504790,NN
rs80571,22,49504833,NN
rs7289310,22,49505505,NN
esv3648037,22,49508626,NN
rs117652607,22,49511953,NN
rs76833936,22,49512664,NN
rs135230,22,49513663,NN
rs86750,22,49514228,NN
rs1547426,22,49518724,NN
rs11090930,22,49522372,NN
rs12484100,22,49526445,NN
rs80567,22,49529366,NN
rs739194,22,49529458,NN
rs135256,22,49530425,NN
rs6009503,22,49532043,NN
rs9627870,22,49533337,NN
rs4823998,22,49535105,NN
rs73185576,22,49544961,NN
rs5769954,22,49545244,NN
rs5769966,22,49552804,NN
rs5769967,22,49552877,NN
rs6009184,22,49554338,NN
rs5769975,22,49557457,NN
rs9968028,22,49557996,NN
rs9616470,22,49558756,NN
rs113243715,22,49559160,NN
rs5769440,22,49559242,NN
rs80078075,22,49559827,NN
rs76230687,22,49559888,NN
rs117896431,22,49564068,NN
rs76884665,22,49565418,NN
rs34540191,22,49565879,NN
rs9627883,22,49566426,NN
rs5769985,22,49570399,NN
rs6009527,22,49570587,NN
rs12170052,22,49571596,NN
rs2318940,22,49573394,NN
rs78974176,22,49573417,NN
rs4621267,22,49574991,NN
rs5769445,22,49578082,NN
rs73889940,22,49578486,NN
rs6009535,22,49580450,NN
rs55806647,22,49580899,NN
rs6009538,22,49581463,NN
.;esv3648040,22,49584402,NN
rs2027840,22,49585153,NN
rs17825726,22,49587368,NN
rs940114,22,49589243,NN
esv3648041,22,49589927,NN
rs111819340,22,49590045,NN
rs739079,22,49591443,NN
rs739081,22,49591786,NN
rs75743466,22,49591992,NN
rs12628677,22,49592595,NN
rs737832,22,49593847,NN
rs80021614,22,49594143,NN
rs111984504,22,49594179,NN
rs11705420,22,49595756,NN
rs9616496,22,49597244,NN
rs6009546,22,49597724,NN
rs118118510,22,49597864,NN
rs140578869,22,49597914,NN
rs2688071,22,49597935,NN
esv3648042,22,49599096,NN
rs1107799,22,49602052,NN
rs1076919,22,49603484,NN
rs6520091,22,49603693,NN
rs140151753,22,49605428,NN
rs2688173,22,49610157,NN
esv3648043,22,49611305,NN
rs76564284,22,49614349,NN
rs117398593,22,49615418,NN
rs118136011,22,49622767,NN
rs6009557,22,49625210,NN
rs77547443,22,49625895,NN
rs1533926,22,49631217,NN
rs762942,22,49634468,NN
rs5770112,22,49636259,NN
rs16999584,22,49640648,NN
rs73173120,22,49642262,NN
rs7289031,22,49643618,NN
rs17180054,22,49649814,NN
rs12628657,22,49652767,NN
rs5770142,22,49653029,NN
rs7291215,22,49656585,NN
rs6009575,22,49657976,NN
rs11090940,22,49658154,NN
rs8139745,22,49658337,NN
rs8139089,22,49658926,NN
rs78066928,22,49658998,NN
rs2858648,22,49659547,NN
rs2177319,22,49659604,NN
rs75168966,22,49659772,NN
rs1880008,22,49661137,NN
rs56041766,22,49663540,NN
rs2248965,22,49665638,NN
rs1880009,22,49665841,NN
rs2858578,22,49666841,NN
rs6520095,22,49668364,NN
rs5769520,22,49671776,NN
rs2858534,22,49676609,NN
rs6009583,22,49677646,NN
rs117802941,22,49679865,NN
rs2858500,22,49681231,NN
rs9627692,22,49684807,NN
rs977299,22,49685240,NN
rs7286313,22,49686438,NN
rs13058252,22,49688184,NN
rs2858509,22,49689312,NN
rs762927,22,49691300,NN
rs2858512,22,49695492,NN
rs6009594,22,49696067,NN
esv3648046,22,49698767,NN
rs2858517,22,49699362,NN
rs117322830,22,49701946,NN
rs5769554,22,49702017,NN
rs34656530,22,49703261,NN
rs73173191,22,49703976,NN
rs6009217,22,49708767,NN
esv3648047,22,49709603,NN
rs11912713,22,49710325,NN
rs10427793,22,49715710,NN
rs117659079,22,49718544,NN
rs79850777,22,49720737,NN
rs848756,22,49722925,NN
rs9627971,22,49725751,NN
rs5770249,22,49727753,NN
rs860238,22,49729390,NN
rs11702899,22,49733217,NN
rs73174810,22,49739725,NN
rs708443,22,49740368,NN
rs848728,22,49740746,NN
rs2858535,22,49741209,NN
rs848726,22,49741960,NN
rs929025,22,49742889,NN
rs11914210,22,49743605,NN
rs9627980,22,49746231,NN
rs737844,22,49746915,NN
rs6009631,22,49747722,NN
esv3648049,22,49748754,NN
rs708450,22,49749712,NN
rs2177321,22,49751418,NN
rs994774,22,49754109,NN
rs8138475,22,49754325,NN
rs877161,22,49757783,NN
rs7290667,22,49759734,NN
rs12484636,22,49764048,NN
esv3648050,22,49764558,NN
rs2239777,22,49764893,NN
rs12170978,22,49766197,NN
rs77385887,22,49767024,NN
rs5770316,22,49769729,NN
rs13054716,22,49770061,NN
rs73442846,22,49774002,NN
rs12330051,22,49776599,NN
rs6009648,22,49777104,NN
rs5770342,22,49777680,NN
rs743782,22,49778214,NN
rs6520112,22,49783907,NN
rs713997,22,49784591,NN
rs5770370,22,49785676,NN
rs8143098,22,49786016,NN
rs7291202,22,49788186,NN
rs5770391,22,49790713,NN
rs5770393,22,49791515,NN
rs9616608,22,49791853,NN
rs5770403,22,49795510,NN
rs9627719,22,49796800,NN
rs9306539,22,49797422,NN
rs112983849,22,49798468,NN
rs13056082,22,49799427,NN
rs136771,22,49800445,NN
rs77283331,22,49800639,NN
rs12166144,22,49800746,NN
rs62231860,22,49801770,NN
rs136773,22,49802450,NN
rs6009661,22,49803108,NN
rs6009663,22,49803587,NN
rs35894977,22,49807960,NN
rs6009674,22,49809716,NN
rs5770418,22,49812076,NN
rs17000918,22,49812502,NN
esv3648051,22,49814731,NN
esv3648052;esv3648053,22,49816213,NN
rs13057116,22,49816283,NN
rs7287788,22,49817197,NN
rs140665342,22,49818270,NN
rs5770423,22,49818315,NN
rs2032482,22,49823026,NN
rs136782,22,49823224,NN
rs34156481,22,49823400,NN
rs6009680,22,49825733,NN
rs7287094,22,49825947,NN
esv3648054;esv3648055,22,49826428,NN
rs136790,22,49829118,NN
esv3648056,22,49831627,NN
rs6009689,22,49832070,NN
rs12159113,22,49832693,NN
rs62231918,22,49833933,NN
rs146837257,22,49835087,NN
rs5770437,22,49836765,NN
rs9616625,22,49837653,NN
esv3648057,22,49839678,NN
rs1075850,22,49840474,NN
rs732641,22,49840983,NN
rs8138283,22,49841479,NN
rs10427830,22,49843524,NN
rs714006,22,49847719,NN
rs60271258,22,49847736,NN
rs55778205,22,49848016,NN
rs6009264,22,49848716,NN
rs79544241,22,49849388,NN
rs760515,22,49849407,NN
rs74579996,22,49849834,NN
rs73176909,22,49851802,NN
rs77826050,22,49853431,NN
rs76886620,22,49854245,NN
rs118071569,22,49854803,NN
esv3648058;esv3648059,22,49864651,NN
rs12158321,22,49874196,NN
rs12159805,22,49874509,NN
rs6009723,22,49876600,NN
rs75712748,22,49878719,NN
rs149674805,22,49880870,NN
rs10427998,22,49882219,NN
rs116863378,22,49883061,NN
rs76726786,22,49888301,NN
rs9616661,22,49890246,NN
rs80061114,22,49895891,NN
rs116876575,22,49899208,NN
rs11090973,22,49901566,NN
rs117693345,22,49906692,NN
rs74557471,22,49907424,NN
rs76793315,22,49909658,NN
esv3648060,22,49910965,NN
rs12169586,22,49912350,NN
rs10854872,22,49912406,NN
rs76637995,22,49915072,NN
rs134461,22,49915815,NN
esv3648061,22,49916048,NN
rs134458,22,49916533,NN
rs117550993,22,49917098,NN
rs6520124,22,49917935,NN
rs73176947,22,49921566,NN
rs3810643,22,49924929,NN
rs80146006,22,49925841,NN
rs9627740,22,49926464,NN
rs10483248,22,49927745,NN
rs74462673,22,49927924,NN
rs10483249,22,49928169,NN
rs117204269,22,49929202,NN
rs5770525,22,49930353,NN
rs135771,22,49937184,NN
rs144405648,22,49937914,NN
rs135775,22,49939309,NN
rs743947,22,49942573,NN
rs135793,22,49946905,NN
rs135809,22,49950208,NN
rs141639100,22,49951037,NN
esv3648063,22,49958358,NN
rs34120047,22,49963596,NN
rs135846,22,49965048,NN
rs1008320,22,49968720,NN
rs77747294,22,49977172,NN
rs117082807,22,49977768,NN
rs5770568,22,49985339,NN
rs117419894,22,49994044,NN
rs76052213,22,49996915,NN
rs9628072,22,50000058,NN
.;esv3648065,22,50001875,NN
rs73177000,22,50002290,NN
rs77941260,22,50016519,NN
rs916362,22,50017234,NN
rs11705461,22,50021973,NN
rs6009794,22,50027456,NN
rs117580258,22,50030043,NN
esv3648066,22,50031103,NN
rs2071901,22,50034660,NN
rs147368314,22,50036206,NN
rs117722524,22,50044226,NN
rs75475638,22,50048642,NN
esv3648067,22,50049682,NN
rs189860362,22,50056815,NN
rs5770630,22,50058022,NN
rs73179148,22,50058635,NN
rs739245,22,50066750,NN
rs5770638,22,50069833,NN
rs28656033,22,50071817,NN
rs71316554,22,50072710,NN
rs8135992,22,50073254,NN
rs78994182,22,50073603,NN
rs5769725,22,50076099,NN
rs5770651,22,50077531,NN
rs760842,22,50079434,NN
rs117000576,22,50083650,NN
rs9616721,22,50083962,NN
rs73179170,22,50084443,NN
rs34658901,22,50084765,NN
rs11090995,22,50085210,NN
rs113125752,22,50088272,NN
rs738413,22,50092148,NN
rs35795505,22,50100581,NN
rs79363272,22,50103845,NN
rs111392589,22,50109212,NN
rs114815082,22,50110334,NN
rs12171156,22,50113185,NN
esv3648069,22,50116794,NN
rs6009845,22,50117191,NN
rs62234096,22,50118945,NN
rs76160051,22,50119275,NN
rs76527509,22,50123003,NN
rs139789,22,50124094,NN
rs112599482,22,50129308,NN
rs11913011,22,50133226,NN
rs7289670,22,50142299,NN
rs9616347,22,50145276,NN
rs188079446,22,50147936,NN
rs117438528,22,50151080,NN
rs117044142,22,50151927,NN
rs9680571,22,50153363,NN
rs118148725,22,50154629,NN
rs12158007,22,50157112,NN
rs188859633,22,50161157,NN
esv3648071,22,50161493,NN
rs61333294,22,50164438,NN
rs117905061,22,50166642,NN
rs4468,22,50167652,NN
rs916418,22,50169205,NN
rs916419,22,50169421,NN
rs138829,22,50172597,NN
rs139630692,22,50181050,NN
rs138843,22,50183162,NN
rs78264894,22,50194348,NN
rs10427831,22,50202124,NN
rs76852688,22,50219186,NN
rs117613664,22,50219447,NN
rs78279592,22,50222348,NN
esv3648073,22,50224543,NN
rs80045995,22,50225761,NN
rs58422561,22,50232527,NN
rs117482615,22,50240010,NN
rs761878,22,50249677,NN
rs75796394,22,50252076,NN
rs372675865,22,50254413,NN
rs117217676,22,50259686,NN
rs2295407,22,50260904,NN
rs6009335,22,50266156,NN
rs6009338,22,50273790,NN
rs55748279,22,50277523,NN
rs149686381,22,50278936,NN
rs17001403,22,50281187,NN
rs141430510,22,50281972,NN
rs3922872,22,50297888,NN
rs62233155,22,50298118,NN
rs200490756,22,50304136,NN
rs201033281,22,50307162,NN
rs149112831,22,50313452,NN
rs139946841,22,50314970,NN
rs8139422,22,50315363,NN
rs75892493,22,50315726,NN
rs7410612,22,50317296,NN
rs11912619,22,50317401,NN
rs11703995,22,50321290,NN
rs7287579,22,50321623,NN
rs28493499,22,50324154,NN
rs28434404,22,50324403,NN
rs28372042,22,50324428,NN
rs28652639,22,50330345,NN
rs28523661,22,50332324,NN
rs117796274,22,50334870,NN
rs118017608,22,50340080,NN
rs62231868,22,50341729,NN
rs73445922,22,50342295,NN
rs73445933,22,50345080,NN
rs73445937,22,50345509,NN
rs28479081,22,50345729,NN
rs28634968,22,50347850,NN
rs28570255,22,50347996,NN
esv3648076,22,50348343,NN
rs73891201,22,50350697,NN
rs28372448,22,50350971,NN
rs77981919,22,50351837,NN
rs28681372,22,50351977,NN
rs143904075,22,50363413,NN
rs141460854,22,50417668,NN
rs5771069,22,50435480,NN
esv3648077,22,50437454,NN
rs9617098,22,50439626,NN
rs148316130,22,50441993,NN
esv3648078,22,50443008,NN
rs181121019,22,50443039,NN
rs137862,22,50446550,NN
rs369901019,22,50448050,NN
esv3648079;esv3648080;esv3648081,22,50451910,NN
rs540321694,22,50454914,NN
rs78270429,22,50456312,NN
rs137878,22,50456791,NN
rs114396700,22,50458664,NN
rs137885,22,50463231,NN
rs73183330,22,50465324,NN
rs115704036,22,50468220,NN
rs11101958,22,50470516,NN
rs76786083,22,50472838,NN
rs56327033,22,50473055,NN
rs1079653,22,50474857,NN
rs5771131,22,50478828,NN
rs117334902,22,50488547,NN
rs79814761,22,50490935,NN
rs7290681,22,50492235,NN
rs2294384,22,50498869,NN
rs41283496,22,50499957,NN
rs183916737,22,50500375,NN
rs137920,22,50501059,NN
esv3648082;esv3648083,22,50502466,NN
rs181700711,22,50503063,NN
rs2294385,22,50504446,NN
rs527786804,22,50506384,NN
rs35110809,22,50506385,NN
rs201463856,22,50506936,NN
rs2076132,22,50508781,NN
rs73183393,22,50511819,NN
rs41302601,22,50512705,NN
rs28362607,22,50523745,NN
esv3648085,22,50545078,NN
rs6010173,22,50546467,NN
rs117054355,22,50546485,NN
rs77297773,22,50552012,NN
rs138224,22,50556487,NN
rs138243,22,50564750,NN
rs116869697,22,50579489,NN
rs59650998,22,50582868,NN
rs112256184,22,50583361,NN
rs55747387,22,50584130,NN
rs138270,22,50587979,NN
rs12484907,22,50588313,NN
rs5771086,22,50595842,NN
rs4838857,22,50601063,NN
rs9628267,22,50601721,NN
rs118178636,22,50610598,NN
rs141940015,22,50614342,NN
rs75222915,22,50619422,NN
rs28479153,22,50620200,NN
rs1555050,22,50627253,NN
rs56036086,22,50628996,NN
rs6537637,22,50632963,NN
rs143900396,22,50643671,NN
rs34163881,22,50655543,NN
rs2272852,22,50655676,NN
rs146532216,22,50656736,NN
rs138207892,22,50657206,NN
rs145518427,22,50658082,NN
rs17248287,22,50659094,NN
rs199815606,22,50659480,NN
rs61739385,22,50659481,NN
rs143759693,22,50659595,NN
rs149231425,22,50659598,NN
rs144692967,22,50660972,NN
rs138592738,22,50663015,NN
rs199582514,22,50664312,NN
rs139934957,22,50664797,NN
rs74767375,22,50667982,NN
esv3648086,22,50674629,NN
rs5771259,22,50675962,NN
rs7511006,22,50676259,NN
rs118091943,22,50678739,NN
rs199898082,22,50682215,NN
rs200360214,22,50682644,NN
rs35820251,22,50686830,NN
rs143228101,22,50688573,NN
rs142968114,22,50689460,NN
rs145695654,22,50693939,NN
rs2230823,22,50694529,NN
rs149914576,22,50694568,NN
rs191191851,22,50695594,NN
rs201667359,22,50695615,NN
rs73187284,22,50696662,NN
rs34422484,22,50696678,NN
rs742184,22,50697119,NN
rs138533200,22,50699625,NN
rs33932986,22,50704028,NN
rs2076139,22,50704661,NN
rs117450593,22,50708291,NN
rs61760587,22,50709226,NN
rs34823637,22,50709415,NN
rs909691,22,50709495,NN
rs75930249,22,50715888,NN
rs76461841,22,50717787,NN
rs62621372,22,50721492,NN
rs144108995,22,50724504,NN
rs58705604,22,50726627,NN
rs28379706,22,50728062,NN
rs76654220,22,50728966,NN
rs73437463,22,50734244,NN
rs73891214,22,50739049,NN
rs11553142,22,50750481,NN
rs35812349,22,50754363,NN
rs11553143,22,50754512,NN
rs150997450,22,50774042,NN
esv3648087,22,50797808,NN
rs28500484,22,50799684,NN
rs58971390,22,50802699,NN
rs8142229,22,50814075,NN
rs7290471,22,50814524,NN
rs7287079,22,50815903,NN
rs7284516,22,50817485,NN
rs78225146,22,50820671,NN
rs117246629,22,50827756,NN
rs7510868,22,50830044,NN
rs140304979,22,50832366,NN
rs201267178,22,50853008,NN
rs74740987,22,50853021,NN
rs7410465,22,50856222,NN
rs149262092,22,50857832,NN
rs148271691,22,50861913,NN
rs571330097,22,50867109,NN
rs2334099,22,50868013,NN
rs114588174,22,50873415,NN
rs150134312,22,50873450,NN
rs144758234,22,50874873,NN
rs201604809,22,50876612,NN
rs189571888,22,50876640,NN
rs11555194,22,50876662,NN
rs118082496,22,50876761,NN
rs200173779,22,50878409,NN
rs56269507,22,50882338,NN
rs202067340,22,50882671,NN
rs117141973,22,50890009,NN
rs4824146,22,50892415,NN
rs147869659,22,50893019,NN
rs148111223,22,50893781,NN
rs188976869,22,50900775,NN
rs5771040,22,50902390,NN
rs738683,22,50910875,NN
rs57016867,22,50911723,NN
rs373496680,22,50921758,NN
rs9628167,22,50923868,NN
rs2232878,22,50925672,NN
rs41280565,22,50927956,NN
rs2232884,22,50928005,NN
rs41280567,22,50928012,NN
rs2232887,22,50928331,NN
rs4824157,22,50929581,NN
rs79410676,22,50930265,NN
rs6009972,22,50930266,NN
rs8138406,22,50937445,NN
rs549768708,22,50942277,NN
rs114166322,22,50944045,NN
rs6010121,22,50947611,NN
rs115920265,22,50951347,NN
rs75276302,22,50952989,NN
rs73172241,22,50955615,NN
rs17850507,22,50957733,NN
rs140524,22,50960682,NN
rs11479,22,50964236,NN
rs112723255,22,50964255,NN
rs470119,22,50966914,NN
rs188802138,22,50967020,NN
rs140522,22,50971266,NN
rs131794,22,50971752,NN
rs131788,22,50976754,NN
rs6009986,22,50983936,NN
rs62239508,22,50986647,NN
rs202093399,22,50987353,NN
rs141222336,22,50988376,NN
rs6009989,22,50989678,NN
rs131777,22,50991033,NN
rs6010000,22,50996147,NN
rs6010001,22,50996156,NN
rs6010006,22,50997261,NN
rs9628177,22,50999490,NN
rs5770893,22,51000346,NN
rs2073604,22,51008925,NN
rs5770911,22,51011241,NN
rs73445514,22,51015572,NN
rs3213445,22,51015838,NN
rs131749,22,51024624,NN
rs62239540,22,51025326,NN
rs7287960,22,51026405,NN
rs3213444,22,51035829,NN
rs3213443,22,51035885,NN
rs75209192,22,51039317,NN
rs3219201,22,51043278,NN
rs11091008,22,51046189,NN
rs14136,22,51048721,NN
rs114184170,22,51049171,NN
rs140510,22,51052379,NN
rs131728,22,51054264,NN
esv3648091,22,51054942,NN
rs131724,22,51055900,NN
rs131718,22,51057923,NN
rs73172277,22,51061827,NN
rs6151429,22,51063477,NN
rs201693608,22,51063806,NN
rs743616,22,51064039,NN
rs74315479,22,51064067,NN
rs6151425,22,51064068,NN
rs2071421,22,51064416,NN
rs143994992,22,51064489,NN
rs138468395,22,51065266,NN
rs201251634,22,51065287,NN
rs201794808,22,51065341,NN
esv3648092;esv3648093,22,51066406,NN
rs9616802,22,51072161,NN
rs1003322,22,51072289,NN
rs78222150,22,51079446,NN
rs117063829,22,51094492,NN
rs6010044,22,51101938,NN
rs9616906,22,51104680,NN
rs9616812,22,51105556,NN
rs145851552,22,51109616,NN
rs78399651,22,51111460,NN
rs9616915,22,51117580,NN
rs117641416,22,51123287,NN
rs9616816,22,51123505,NN
rs7354797,22,51128648,NN
rs77452243,22,51134387,NN
rs2341010,22,51139380,NN
rs739365,22,51140316,NN
rs147941361,22,51143191,NN
rs182897668,22,51143287,NN
rs200519592,22,51143462,NN
rs200078273,22,51143508,NN
rs188450024,22,51143520,NN
rs142356721,22,51145746,NN
rs61729471,22,51153371,NN
rs117066889,22,51154141,NN
rs76161499,22,51157353,NN
rs200572899,22,51159408,NN
rs200077311,22,51159624,NN
rs201793890,22,51160140,NN
rs186474600,22,51160539,NN
rs191010623,22,51160707,NN
rs10451,22,51162059,NN
rs183612124,22,51166043,NN
rs73174435,22,51174939,NN
rs79314756,22,51176734,NN
rs77216309,22,51177022,NN
rs73174437,22,51177257,NN
rs76866150,22,51177818,NN
esv3648096,22,51179178,NN
rs8135434,22,51186276,NN
rs113391741,22,51187440,NN
rs34939255,22,51198027,NN
rs190639024,22,51214796,NN
