AFR,AMR,EAS,EUR,SAS,rsid
0.0,0.225,0.05,0.05,0.325,rs117246541
0.125,0.0,0.1,0.0,0.05,rs138295790
0.0,0.025,0.0,0.0,0.0,rs200375190
0.0,0.025,0.05,0.0,0.0,rs189691017
0.0,0.0,0.0,0.0,0.0,rs187463635
0.675,0.825,0.825,0.825,0.6,rs4911642
0.1,0.5,0.275,0.575,0.375,rs5747010
0.0,0.0,0.125,0.025,0.025,rs62636009
0.0,0.0,0.0,0.0,0.0,rs369330203
0.0,0.025,0.1,0.05,0.05,rs140903718
0.0,0.05,0.05,0.05,0.05,rs190051309
0.0,0.025,0.1,0.025,0.05,rs117259337
0.85,0.725,0.6,0.625,0.6,rs1807483
0.0,0.0,0.0,0.0,0.0,rs13053962
0.0,0.0,0.05,0.0,0.0,rs147574439
0.0,0.0,0.0,0.0,0.0,rs192728954
0.0,0.0,0.075,0.0,0.0,rs139910426
0.25,0.45,0.3,0.525,0.275,rs7286836
0.825,0.55,0.7,0.5,0.6,rs9604821
0.025,0.2,0.3,0.2,0.25,rs9605903
0.225,0.6,0.5,0.4,0.3,rs3729688
0.675,0.775,0.7,0.675,0.675,rs5746643
0.0,0.0,0.025,0.0,0.0,rs149971849
0.025,0.025,0.05,0.05,0.1,rs112574411
0.25,0.05,0.0,0.025,0.0,rs5993499
0.0,0.0,0.0,0.025,0.0,rs13053626
0.025,0.0,0.0,0.0,0.025,rs139948519
0.0,0.0,0.0,0.0,0.0,rs41277596
0.025,0.0,0.175,0.05,0.3,rs2070503
0.525,0.75,0.475,0.75,0.325,rs5747999
0.025,0.05,0.05,0.075,0.2,rs111636940
0.025,0.05,0.0,0.0,0.0,rs111736353
0.6,0.725,0.675,0.95,0.875,rs2096537
0.0,0.0,0.025,0.0,0.0,rs148392464
0.0,0.0,0.0,0.025,0.0,rs118071156
0.025,0.0,0.025,0.05,0.0,rs9606008
0.0,0.0,0.0,0.0,0.0,rs117430084
0.0,0.0,0.05,0.0,0.0,rs147153575
0.075,0.325,0.075,0.425,0.2,rs10427681
0.0,0.025,0.0,0.05,0.025,rs17347266
0.025,0.0,0.0,0.0,0.0,rs186819369
0.175,0.0,0.25,0.05,0.025,rs202098051
0.0,0.0,0.175,0.0,0.075,rs117639349
0.2,0.0,0.0,0.025,0.025,rs73376170
0.0,0.0,0.0,0.075,0.0,rs147020688
0.4,0.35,0.45,0.325,0.45,rs2845381
0.0,0.0,0.0,0.025,0.0,rs62227176
0.0,0.175,0.125,0.0,0.025,rs2845344
0.0,0.0,0.15,0.0,0.075,rs76031193
0.0,0.05,0.15,0.0,0.1,rs75472623
0.15,0.325,0.1,0.425,0.225,rs1807512
0.025,0.15,0.125,0.0,0.025,rs2529895
0.7,0.5,0.4,0.7,0.65,rs4819880
0.925,0.775,0.85,0.9,0.775,rs5748593
0.025,0.1,0.025,0.025,0.1,rs5748642
0.975,0.875,0.575,0.875,0.875,rs2072466
0.7,0.725,0.95,0.85,0.7,rs874836
0.25,0.175,0.475,0.05,0.125,rs2192431
0.0,0.0,0.15,0.05,0.125,rs9606482
0.125,0.1,0.1,0.025,0.125,rs5746906
0.275,0.075,0.0,0.0,0.15,rs9618899
0.925,0.85,0.9,0.8,0.875,rs165778
0.325,0.45,0.725,0.625,0.475,rs165927
0.0,0.0,0.0,0.05,0.0,rs9617920
0.0,0.0,0.05,0.0,0.0,rs5748684
0.775,0.7,0.9,0.775,0.85,rs165886
0.225,0.25,0.175,0.175,0.275,rs1974654
0.275,0.5,0.675,0.45,0.725,rs5748730
0.0,0.0,0.025,0.0,0.0,rs142725680
0.55,0.85,0.875,0.75,0.925,rs7293026
0.625,0.85,0.875,0.775,0.95,rs8136206
0.0,0.0,0.0,0.0,0.0,rs79623605
0.05,0.325,0.2,0.3,0.35,rs9618937
0.575,0.325,0.15,0.175,0.175,rs2385785
0.0,0.0,0.0,0.05,0.15,rs116953556
0.475,0.325,0.5,0.1,0.175,rs1981707
0.1,0.05,0.325,0.025,0.175,rs5748762
0.0,0.0,0.0,0.025,0.0,rs76025168
0.0,0.025,0.0,0.05,0.05,rs9606550
0.0,0.0,0.0,0.025,0.025,rs80020649
0.0,0.025,0.0,0.0,0.0,rs117673209
0.125,0.25,0.025,0.1,0.0,rs56349544
1.0,0.9,0.825,0.65,0.675,rs4819925
0.0,0.025,0.0,0.025,0.05,rs17806562
0.075,0.05,0.025,0.025,0.0,rs61741409
0.0,0.025,0.025,0.025,0.0,rs11703655
0.2,0.35,0.025,0.275,0.1,rs5992600
0.0,0.0,0.0,0.025,0.0,rs144427521
0.0,0.0,0.0,0.0,0.0,rs184309697
0.0,0.025,0.0,0.0,0.05,rs11704768
0.0,0.0,0.025,0.0,0.0,rs5748787
0.025,0.0,0.075,0.0,0.0,rs77961763
0.1,0.1,0.025,0.15,0.1,rs11913227
0.425,0.525,0.4,0.275,0.35,rs10439907
0.4,0.5,0.4,0.275,0.35,rs917838
0.1,0.0,0.075,0.125,0.125,rs62237429
0.675,0.35,0.6,0.375,0.35,rs5746962
0.025,0.0,0.275,0.05,0.075,rs10483090
0.0,0.0,0.0,0.025,0.05,rs73149809
0.025,0.0,0.0,0.0,0.05,rs112010533
0.0,0.025,0.0,0.0,0.0,rs76113509
0.525,0.125,0.325,0.325,0.275,rs4819956
0.0,0.0,0.0,0.0,0.0,rs188011408
0.125,0.325,0.15,0.525,0.325,rs1990502
0.1,0.025,0.225,0.025,0.05,rs9605215
0.0,0.025,0.175,0.0,0.025,rs9606614
0.0,0.0,0.0,0.0,0.0,rs142199303
0.5,0.325,0.175,0.6,0.45,rs2241044
0.0,0.0,0.0,0.025,0.0,rs140221307
0.45,0.325,0.1,0.3,0.25,rs879577
0.0,0.0,0.0,0.025,0.0,rs146478431
0.0,0.0,0.025,0.0,0.0,rs201450930
0.025,0.0,0.0,0.0,0.0,rs41529049
0.0,0.125,0.325,0.025,0.075,rs12484684
0.025,0.075,0.0,0.0,0.0,rs79403391
0.0,0.3,0.425,0.075,0.2,rs13056456
0.0,0.3,0.425,0.075,0.2,rs3827295
0.0,0.0,0.125,0.0,0.0,rs61741012
0.125,0.3,0.425,0.075,0.2,rs28360663
0.475,0.525,0.525,0.325,0.35,rs5748875
0.0,0.025,0.125,0.0,0.075,rs74276301
0.1,0.475,0.7,0.175,0.3,rs5748883
0.025,0.45,0.525,0.15,0.125,rs4819558
0.0,0.0,0.0,0.0,0.025,rs145985464
0.5,0.3,0.175,0.4,0.275,rs5994175
0.175,0.125,0.025,0.275,0.25,rs740422
0.05,0.0,0.225,0.025,0.2,rs41282459
0.05,0.0,0.025,0.0,0.025,rs5747007
0.0,0.0,0.0,0.0,0.0,rs143527452
0.975,0.925,0.9,0.85,0.85,rs5747008
0.025,0.025,0.0,0.025,0.05,rs35665085
0.0,0.0,0.0,0.0,0.0,rs181942834
0.25,0.15,0.15,0.1,0.1,rs2286956
0.0,0.0,0.0,0.05,0.025,rs11912533
0.075,0.0,0.2,0.025,0.2,rs79822985
0.275,0.25,0.05,0.25,0.175,rs7287672
0.625,0.6,0.85,0.625,0.65,rs5748921
0.125,0.0,0.025,0.0,0.0,rs73383947
0.725,0.85,0.825,0.625,0.7,rs5748926
0.0,0.025,0.05,0.0,0.025,rs72490628
0.0,0.025,0.175,0.025,0.1,rs7287046
0.175,0.425,0.625,0.25,0.3,rs5748928
0.575,0.35,0.125,0.475,0.375,rs1076102
0.125,0.0,0.05,0.0,0.0,rs73385926
0.0,0.0,0.0,0.0,0.0,rs61744537
0.0,0.0,0.0,0.0,0.0,rs186147069
0.225,0.225,0.025,0.275,0.175,rs74981457
0.0,0.0,0.0,0.025,0.0,rs7288243
0.25,0.125,0.05,0.25,0.25,rs7284498
0.0,0.0,0.025,0.0,0.0,rs116020027
0.575,0.3,0.2,0.35,0.275,rs2231495
0.075,0.025,0.1,0.025,0.05,rs5992636
0.025,0.05,0.2,0.1,0.125,rs2286347
0.275,0.175,0.025,0.325,0.2,rs4819973
0.5,0.65,0.825,0.475,0.45,rs5992637
0.275,0.375,0.1,0.475,0.35,rs17807317
0.025,0.0,0.1,0.025,0.1,rs80063454
0.875,0.575,0.725,0.75,0.7,rs1076106
0.0,0.0,0.0,0.0,0.0,rs199567025
0.275,0.375,0.1,0.475,0.375,rs362129
0.45,0.175,0.425,0.125,0.25,rs28607941
0.525,0.475,0.775,0.475,0.475,rs5748955
0.15,0.075,0.15,0.2,0.05,rs9619019
0.775,0.7,0.775,0.6,0.675,rs737967
0.1,0.25,0.0,0.15,0.2,rs5994213
0.0,0.0,0.0,0.0,0.0,rs4819565
0.0,0.025,0.0,0.0,0.0,rs116724636
0.0,0.0,0.0,0.025,0.0,rs78588065
0.125,0.275,0.375,0.275,0.3,rs34611736
1.0,0.975,0.925,0.875,0.825,rs5748974
0.125,0.225,0.275,0.325,0.225,rs9605241
0.825,0.7,0.875,0.5,0.6,rs727188
0.0,0.0,0.0,0.05,0.0,rs117577985
0.0,0.075,0.0,0.0,0.15,rs62236465
0.45,0.2,0.35,0.375,0.275,rs5747037
0.275,0.4,0.275,0.275,0.325,rs4819980
0.575,0.45,0.425,0.35,0.45,rs62236466
0.8,0.9,1.0,0.725,0.825,rs5747039
0.0,0.0,0.0,0.05,0.0,rs118191071
0.15,0.35,0.5,0.25,0.325,rs4819982
0.3,0.3,0.3,0.25,0.3,rs5748987
0.05,0.075,0.075,0.1,0.075,rs8138422
0.15,0.175,0.2,0.075,0.175,rs9605246
0.075,0.025,0.025,0.05,0.025,rs9606669
0.125,0.15,0.05,0.2,0.15,rs114035176
0.975,0.975,1.0,0.95,0.875,rs5749000
0.025,0.075,0.1,0.1,0.05,rs10433302
0.0,0.025,0.025,0.05,0.075,rs73876679
0.0,0.0,0.025,0.0,0.0,rs148312974
0.025,0.0,0.05,0.0,0.1,rs116486267
0.325,0.05,0.025,0.025,0.025,rs73387664
0.475,0.275,0.325,0.1,0.2,rs5749010
0.25,0.25,0.325,0.1,0.2,rs5747052
0.175,0.175,0.075,0.125,0.05,rs11704699
0.0,0.0,0.0,0.0,0.0,rs144133100
0.6,0.3,0.2,0.275,0.175,rs4819994
0.325,0.1,0.0,0.15,0.075,rs139064893
0.275,0.05,0.0,0.15,0.075,rs12160031
0.525,0.35,0.3,0.35,0.35,rs737972
0.15,0.025,0.0,0.15,0.075,rs16982280
0.0,0.0,0.0,0.0,0.0,rs116977206
0.9,0.6,0.625,0.675,0.75,rs4819996
0.175,0.0,0.05,0.075,0.0,rs11089427
0.0,0.0,0.0,0.025,0.075,rs117379082
0.25,0.0,0.05,0.05,0.0,rs5994254
0.0,0.0,0.0,0.0,0.0,rs148829317
0.825,0.225,0.1,0.175,0.175,rs5994256
0.225,0.0,0.025,0.0,0.0,rs78597019
0.7,0.175,0.025,0.05,0.05,rs5992662
0.0,0.025,0.0,0.0,0.0,rs149769792
0.025,0.025,0.075,0.15,0.175,rs115079653
0.375,0.05,0.1,0.0,0.05,rs5749039
0.375,0.05,0.1,0.0,0.05,rs10854596
0.0,0.025,0.0,0.05,0.025,rs12483852
0.0,0.0,0.3,0.075,0.075,rs117946543
0.525,0.35,0.8,0.55,0.45,rs2040692
0.05,0.0,0.3,0.025,0.025,rs5749050
0.0,0.0,0.025,0.0,0.0,rs118128386
0.225,0.1,0.0,0.025,0.05,rs4413243
0.125,0.3,0.5,0.45,0.325,rs4607032
0.65,0.125,0.0,0.075,0.075,rs7286608
0.0,0.0,0.0,0.0,0.0,rs73153485
0.05,0.0,0.15,0.025,0.025,rs73876413
0.0,0.0,0.0,0.075,0.0,rs116898257
0.75,0.15,0.175,0.1,0.15,rs9618000
0.225,0.025,0.0,0.025,0.05,rs5992678
0.25,0.05,0.2,0.1,0.1,rs5746359
0.0,0.025,0.0,0.0,0.0,rs73153490
0.4,0.05,0.15,0.05,0.075,rs11089174
0.125,0.025,0.1,0.075,0.05,rs5992035
0.1,0.025,0.125,0.05,0.025,rs79868360
0.075,0.0,0.0,0.025,0.0,rs75103738
0.0,0.0,0.0,0.025,0.025,rs76782662
0.125,0.0,0.0,0.0,0.05,rs7510854
0.175,0.125,0.15,0.15,0.075,rs73153496
0.4,0.4,0.65,0.35,0.45,rs5747103
0.05,0.075,0.125,0.025,0.0,rs17808603
0.5,0.575,0.8,0.5,0.5,rs5746366
0.0,0.125,0.025,0.1,0.025,rs9605284
0.0,0.025,0.125,0.025,0.0,rs78287228
0.3,0.25,0.1,0.375,0.25,rs5992044
0.325,0.15,0.1,0.125,0.25,rs16982400
0.025,0.05,0.025,0.025,0.0,rs77992734
0.175,0.025,0.075,0.0,0.025,rs5992045
0.175,0.15,0.0,0.0,0.15,rs201584534
0.55,0.4,0.15,0.45,0.575,rs2078734
0.775,0.4,0.35,0.475,0.6,rs2518732
0.4,0.225,0.075,0.325,0.275,rs2518734
0.225,0.05,0.225,0.025,0.05,rs5747122
0.075,0.0,0.0,0.05,0.075,rs929167
0.225,0.05,0.225,0.025,0.05,rs73876434
0.575,0.575,0.475,0.475,0.475,rs1981533
0.2,0.075,0.0,0.025,0.125,rs74980225
0.2,0.075,0.0,0.025,0.125,rs5992707
0.1,0.075,0.225,0.025,0.0,rs10460749
0.2,0.075,0.0,0.025,0.125,rs5992708
0.0,0.05,0.0,0.05,0.0,rs117622360
0.0,0.0,0.0,0.0,0.0,rs78857836
0.8,0.725,0.85,0.6,0.475,rs2157720
0.4,0.4,0.45,0.175,0.25,rs5747171
0.45,0.3,0.475,0.175,0.175,rs5746410
0.2,0.1,0.225,0.025,0.025,rs66471604
0.275,0.15,0.225,0.1,0.1,rs2522288
0.0,0.025,0.0,0.025,0.0,rs17741035
0.275,0.15,0.225,0.075,0.075,rs5747199
0.0,0.0,0.0,0.025,0.0,rs78110804
0.0,0.0,0.0,0.0,0.0,rs187752312
0.0,0.0,0.0,0.0,0.0,rs182513499
0.0,0.0,0.0,0.025,0.0,rs78771124
0.775,0.65,0.925,0.825,0.8,rs1296754
0.025,0.3,0.2,0.325,0.125,rs9604751
0.825,0.625,0.6,0.8,0.75,rs8141657
0.125,0.225,0.375,0.175,0.075,rs5747211
0.0,0.0,0.0,0.0,0.0,rs149739505
0.075,0.0,0.0,0.0,0.0,rs61745636
0.0,0.025,0.0,0.0,0.1,rs17741273
0.15,0.25,0.2,0.05,0.075,rs16982577
0.2,0.2,0.35,0.475,0.5,rs174306
0.95,0.95,0.85,0.775,0.95,rs695813
0.0,0.0,0.0,0.0,0.0,rs138101258
0.075,0.0,0.0,0.0,0.025,rs73159550
0.05,0.05,0.025,0.125,0.05,rs1296778
0.85,0.525,0.8,0.775,0.6,rs174330
0.25,0.05,0.025,0.125,0.05,rs2401125
0.125,0.275,0.375,0.175,0.1,rs1974713
0.125,0.0,0.0,0.0,0.0,rs2018494
0.0,0.05,0.0,0.0,0.0,rs117791365
0.275,0.175,0.375,0.425,0.425,rs174335
0.075,0.0,0.0,0.0,0.0,rs116033717
0.25,0.1,0.025,0.025,0.0,rs5992732
0.0,0.05,0.075,0.125,0.05,rs1296794
0.325,0.075,0.1,0.15,0.05,rs1296795
0.0,0.025,0.0,0.05,0.0,rs41277560
0.0,0.0,0.0,0.0,0.0,rs191800029
0.0,0.0,0.0,0.0,0.0,rs144189023
0.0,0.0,0.0,0.0,0.0,rs184884527
0.125,0.225,0.0,0.1,0.225,rs55951662
0.0,0.0,0.0,0.0,0.0,rs141354988
0.0,0.0,0.0,0.025,0.0,rs142851999
0.025,0.025,0.025,0.025,0.0,rs62238766
0.0,0.05,0.075,0.15,0.05,rs1296801
0.0,0.0,0.0,0.025,0.0,rs181553013
0.475,0.425,0.525,0.375,0.475,rs174346
0.375,0.3,0.475,0.1,0.4,rs174347
0.0,0.025,0.025,0.0,0.0,rs148136596
0.15,0.15,0.2,0.05,0.125,rs12483850
0.775,0.775,0.575,0.7,0.5,rs412830
0.025,0.075,0.075,0.175,0.075,rs1296809
0.825,0.35,0.175,0.2,0.2,rs1296810
0.25,0.075,0.0,0.0,0.0,rs9306195
0.0,0.0,0.0,0.0,0.0,rs144913740
0.15,0.075,0.125,0.0,0.025,rs60322904
0.625,0.225,0.1,0.175,0.05,rs5746439
0.125,0.025,0.0,0.025,0.025,rs5992749
0.0,0.025,0.0,0.0,0.025,rs76737780
0.0,0.0,0.0,0.0,0.0,rs188096802
0.0,0.0,0.1,0.0,0.025,rs74780212
0.725,0.325,0.25,0.475,0.325,rs1034470
0.0,0.15,0.1,0.175,0.025,rs2401162
0.0,0.0,0.0,0.025,0.0,rs45547040
0.15,0.225,0.1,0.25,0.075,rs9605348
0.0,0.025,0.0,0.025,0.0,rs113413556
0.0,0.0,0.0,0.0,0.0,rs200840817
0.775,0.4,0.225,0.425,0.375,rs5747302
0.0,0.0,0.0,0.0,0.0,rs117157566
0.0,0.15,0.025,0.175,0.05,rs66838241
0.575,0.25,0.15,0.25,0.175,rs1080199
0.0,0.0,0.0,0.025,0.025,rs73163139
0.05,0.025,0.025,0.025,0.075,rs16980984
0.0,0.0,0.0,0.0,0.0,rs138447067
0.0,0.025,0.0,0.075,0.0,rs76544340
0.0,0.0,0.025,0.0,0.0,rs117986610
0.0,0.025,0.0,0.075,0.0,rs79783036
0.0,0.175,0.0,0.175,0.05,rs73163153
0.0,0.0,0.0,0.0,0.0,rs61741787
0.9,0.875,1.0,0.775,0.775,rs2535704
0.0,0.0,0.0,0.0,0.05,rs146738966
0.025,0.0,0.025,0.0,0.05,rs62240511
0.025,0.1,0.0,0.2,0.0,rs9306198
0.0,0.025,0.0,0.025,0.025,rs725768
0.0,0.0,0.0,0.025,0.0,rs8190354
0.25,0.525,0.825,0.5,0.5,rs4819626
0.675,0.7,1.0,0.65,0.625,rs181390
0.75,0.875,1.0,0.725,0.725,rs181399
0.125,0.0,0.175,0.0,0.0,rs1468926
0.125,0.0,0.175,0.0,0.0,rs2072392
0.125,0.0,0.175,0.0,0.0,rs8190315
0.0,0.0,0.0,0.0,0.0,rs8190314
0.35,0.65,0.775,0.575,0.55,rs5747339
0.25,0.1,0.1,0.0,0.025,rs2289713
0.45,0.625,0.875,0.475,0.575,rs181408
0.0,0.025,0.0,0.1,0.0,rs76774406
0.0,0.0,0.0,0.0,0.075,rs62238875
0.0,0.0,0.0,0.025,0.0,rs13055924
0.0,0.025,0.025,0.0,0.025,rs113584863
0.225,0.325,0.425,0.05,0.1,rs738095
0.075,0.075,0.125,0.025,0.0,rs8190256
0.0,0.05,0.0,0.025,0.0,rs8190251
0.4,0.075,0.0,0.0,0.0,rs5992833
0.75,0.4,0.45,0.475,0.575,rs372204
0.575,0.45,0.575,0.45,0.525,rs408656
0.3,0.125,0.25,0.025,0.125,rs741458
0.3,0.175,0.125,0.4,0.15,rs34138371
0.05,0.075,0.05,0.325,0.05,rs7675
0.25,0.025,0.025,0.0,0.125,rs79268089
0.0,0.0,0.0,0.0,0.0,rs75057934
0.0,0.0,0.0,0.0,0.0,rs183092756
0.0,0.0,0.0,0.0,0.0,rs2289716
0.0,0.0,0.0,0.0,0.0,rs199721269
0.0,0.0,0.0,0.0,0.0,rs192602831
0.0,0.0,0.0,0.0,0.025,rs76020454
0.65,0.225,0.375,0.3,0.45,rs382013
0.15,0.05,0.0,0.0,0.025,rs77264692
0.0,0.025,0.0,0.0,0.025,rs433415
0.0,0.025,0.0,0.05,0.025,rs421464
0.15,0.0,0.1,0.05,0.075,rs11913358
0.925,0.4,0.45,0.225,0.4,rs390041
0.4,0.05,0.2,0.075,0.15,rs8140645
0.0,0.0,0.0,0.0,0.0,rs61739631
0.0,0.0,0.0,0.0,0.0,rs201337842
0.625,0.425,0.425,0.2,0.275,rs388415
0.0,0.0,0.0,0.025,0.0,rs112787232
0.3,0.175,0.125,0.35,0.2,rs2277831
0.0,0.0,0.0,0.0,0.0,rs186055762
0.675,0.275,0.175,0.4,0.325,rs5992854
0.05,0.0,0.0,0.0,0.0,rs144029141
0.0,0.0,0.0,0.0,0.0,rs202169174
0.0,0.0,0.0,0.0,0.0,rs148613283
0.2,0.025,0.0,0.025,0.025,rs7286597
0.025,0.05,0.05,0.0,0.025,rs74826570
0.125,0.05,0.075,0.05,0.1,rs11704224
0.225,0.15,0.1,0.375,0.225,rs34837770
0.125,0.05,0.075,0.075,0.05,rs61744286
0.55,0.275,0.2,0.425,0.275,rs5992122
0.6,0.325,0.3,0.575,0.375,rs367922
0.05,0.0,0.0,0.0,0.0,rs139179926
0.075,0.05,0.05,0.0,0.05,rs80133101
0.05,0.025,0.0,0.025,0.075,rs73384554
0.8,0.35,0.3,0.3,0.375,rs2587108
0.75,0.35,0.3,0.275,0.35,rs2587109
0.0,0.0,0.0,0.0,0.0,rs117402742
0.275,0.025,0.075,0.025,0.05,rs9617628
0.075,0.1,0.025,0.075,0.1,rs79975430
0.225,0.025,0.025,0.0,0.0,rs5992124
0.0,0.0,0.05,0.025,0.05,rs117463185
0.025,0.0,0.0,0.0,0.075,rs117662450
0.0,0.0,0.0,0.0,0.0,rs200738503
0.025,0.025,0.0,0.05,0.0,rs60472362
0.525,0.4,0.15,0.15,0.175,rs5992126
0.0,0.0,0.025,0.0,0.0,rs118105435
0.075,0.0,0.0,0.025,0.025,rs5992882
0.5,0.375,0.175,0.15,0.175,rs1076113
0.0,0.0,0.0,0.0,0.0,rs200507389
0.15,0.225,0.225,0.225,0.2,rs8141766
0.95,0.675,0.575,0.575,0.475,rs4819647
0.2,0.3,0.275,0.275,0.175,rs4819648
0.625,0.65,0.5,0.9,0.75,rs5992902
0.925,0.7,0.45,0.825,0.75,rs5747413
0.25,0.45,0.45,0.3,0.5,rs5746497
0.0,0.0,0.05,0.0,0.025,rs78687292
0.0,0.0,0.0,0.05,0.025,rs76013843
0.0,0.0,0.025,0.0,0.0,rs138764122
0.025,0.0,0.0,0.05,0.025,rs76487138
0.0,0.0,0.0,0.0,0.0,rs188030512
0.05,0.375,0.55,0.225,0.275,rs411682
0.175,0.125,0.0,0.375,0.125,rs1076540
0.775,0.475,0.55,0.35,0.325,rs5747433
0.0,0.075,0.0,0.0,0.0,rs113234048
0.15,0.1,0.0,0.375,0.125,rs7286607
0.15,0.1,0.0,0.375,0.125,rs4992882
0.175,0.025,0.0,0.05,0.025,rs9604813
0.05,0.1,0.0,0.375,0.125,rs1978968
0.75,0.45,0.5,0.7,0.4,rs444279
0.15,0.05,0.0,0.05,0.025,rs74510107
0.3,0.175,0.0,0.4,0.125,rs5992943
0.0,0.05,0.0,0.05,0.0,rs191766221
0.825,0.575,0.575,0.525,0.325,rs5992956
0.95,0.675,0.625,0.675,0.525,rs424765
0.325,0.55,0.5,0.35,0.275,rs5992962
0.025,0.0,0.075,0.125,0.05,rs79637342
0.45,0.475,0.625,0.225,0.225,rs397709
0.175,0.075,0.125,0.0,0.025,rs5747445
0.0,0.0,0.15,0.0,0.05,rs117233348
0.875,0.6,0.8,0.5,0.425,rs390495
0.1,0.375,0.45,0.2,0.2,rs2034299
0.0,0.0,0.0,0.05,0.025,rs117506424
0.375,0.15,0.225,0.025,0.125,rs1867357
0.325,0.175,0.25,0.25,0.125,rs5992970
0.15,0.075,0.15,0.0,0.05,rs73876556
0.125,0.025,0.0,0.025,0.0,rs75697900
0.35,0.15,0.025,0.25,0.1,rs8142189
0.1,0.425,0.775,0.125,0.625,rs465101
0.625,0.725,0.775,0.45,0.7,rs462904
0.625,0.725,0.775,0.475,0.725,rs466954
0.075,0.025,0.0,0.0,0.0,rs186852983
0.9,0.575,0.6,0.325,0.65,rs458888
0.525,0.175,0.0,0.075,0.15,rs5992983
0.3,0.075,0.25,0.175,0.175,rs460036
0.2,0.125,0.125,0.15,0.35,rs11703193
0.15,0.1,0.0,0.15,0.2,rs13057524
0.075,0.075,0.0,0.0,0.025,rs74276622
0.725,0.35,0.175,0.2,0.625,rs5992985
0.125,0.1,0.075,0.0,0.05,rs5992990
0.2,0.125,0.175,0.05,0.275,rs17207304
0.225,0.05,0.125,0.025,0.25,rs17809705
0.15,0.125,0.15,0.125,0.25,rs4819664
0.125,0.05,0.0,0.075,0.05,rs5992991
0.0,0.0,0.0,0.025,0.0,rs45567240
0.575,0.6,0.9,0.85,0.95,rs361780
0.0,0.0,0.0,0.025,0.0,rs12484657
0.225,0.35,0.275,0.525,0.5,rs385130
0.0,0.0,0.0,0.0,0.0,rs45489191
0.0,0.0,0.0,0.0,0.05,rs80132947
0.025,0.0,0.0,0.0,0.025,rs112669995
0.0,0.0,0.0,0.0,0.0,rs78433674
0.225,0.1,0.075,0.125,0.05,rs467998
0.0,0.025,0.0,0.025,0.05,rs77943822
0.425,0.4,0.3,0.525,0.5,rs3827281
0.0,0.0,0.0,0.025,0.025,rs76863685
0.0,0.0,0.0,0.0,0.05,rs35137695
0.0,0.025,0.0,0.0,0.025,rs8142336
0.2,0.425,0.625,0.1,0.275,rs362027
0.525,0.175,0.3,0.4,0.25,rs362043
0.0,0.0,0.0,0.025,0.0,rs9604829
0.0,0.0,0.0,0.0,0.0,rs191820007
0.0,0.0,0.025,0.0,0.0,rs144963058
0.025,0.025,0.0,0.0,0.0,rs115847686
0.0,0.0,0.0,0.0,0.0,rs137904008
0.05,0.25,0.175,0.0,0.225,rs112879682
0.175,0.15,0.3,0.125,0.175,rs9618203
0.0,0.0,0.0,0.0,0.0,rs188927272
0.0,0.0,0.0,0.0,0.0,rs185024084
0.0,0.0,0.0,0.0,0.0,rs145621219
0.0,0.0,0.025,0.0,0.0,rs2234333
0.0,0.0,0.0,0.0,0.0,rs142925642
0.0,0.0,0.0,0.025,0.0,rs140202346
0.0,0.0,0.0,0.0,0.0,rs151102020
0.275,0.125,0.0,0.075,0.05,rs7286465
0.0,0.025,0.0,0.025,0.0,rs79388972
0.0,0.0,0.0,0.0,0.0,rs200410270
0.675,0.525,0.625,0.15,0.35,rs2540620
0.025,0.325,0.35,0.025,0.125,rs4819668
0.025,0.0,0.15,0.0,0.05,rs77515656
0.0,0.025,0.0,0.025,0.025,rs113002374
0.2,0.375,0.5,0.075,0.225,rs1465384
0.075,0.375,0.375,0.025,0.125,rs5747494
0.2,0.1,0.125,0.1,0.15,rs9618216
0.725,0.225,0.05,0.4,0.25,rs5993016
0.05,0.0,0.0,0.0,0.0,rs77044518
0.275,0.4,0.625,0.025,0.225,rs361898
0.025,0.075,0.0,0.0,0.025,rs5993019
0.0,0.0,0.0,0.0,0.0,rs117896320
0.575,0.525,0.625,0.175,0.375,rs2252257
0.0,0.0,0.05,0.025,0.0,rs184732999
0.175,0.125,0.25,0.05,0.35,rs62229558
0.35,0.5,0.325,0.5,0.25,rs5022743
0.3,0.325,0.375,0.175,0.175,rs12158594
0.475,0.65,0.65,0.55,0.475,rs618343
0.225,0.075,0.1,0.075,0.075,rs2543958
0.3,0.1,0.1,0.075,0.05,rs78043667
0.175,0.2,0.1,0.35,0.0,rs2904549
0.3,0.225,0.675,0.125,0.6,rs2080346
0.075,0.075,0.075,0.375,0.075,rs2005883
0.85,0.9,0.925,0.925,0.9,rs450046
0.0,0.0,0.025,0.0,0.0,rs142003313
0.725,0.9,0.9,0.925,0.925,rs28750191
0.0,0.075,0.0,0.275,0.0,rs2904552
0.1,0.125,0.075,0.0,0.0,rs2238731
0.0,0.0,0.0,0.0,0.0,rs3970555
0.0,0.0,0.0,0.0,0.0,rs140621739
0.275,0.25,0.025,0.075,0.1,rs9618419
0.05,0.0,0.025,0.05,0.0,rs144041368
0.0,0.0,0.0,0.0,0.025,rs141663104
0.025,0.125,0.15,0.0,0.05,rs5747933
0.2,0.1,0.025,0.05,0.0,rs11913840
0.95,0.625,0.95,0.55,0.8,rs4819756
0.175,0.225,0.15,0.0,0.025,rs2238732
0.225,0.175,0.0,0.075,0.075,rs759406
0.225,0.175,0.0,0.075,0.075,rs5993423
0.5,0.35,0.95,0.425,0.65,rs5747937
0.0,0.0,0.0,0.025,0.0,rs117474884
0.0,0.0,0.0,0.05,0.075,rs117149400
0.025,0.0,0.0,0.05,0.025,rs117593381
0.05,0.025,0.0,0.0,0.025,rs5993430
0.575,0.625,0.35,0.775,0.725,rs5992339
0.0,0.0,0.05,0.0,0.0,rs146833736
0.0,0.0,0.025,0.0,0.0,rs118190779
0.2,0.175,0.2,0.2,0.525,rs5993445
0.0,0.025,0.05,0.0,0.0,rs376277583
0.05,0.175,0.0,0.45,0.175,rs13054104
0.025,0.0,0.025,0.0,0.025,rs73382829
0.0,0.075,0.0,0.05,0.0,rs2540647
0.025,0.075,0.0,0.05,0.0,rs2023634
0.05,0.025,0.0,0.0,0.075,rs111728554
0.15,0.1,0.075,0.0,0.15,rs116206919
0.05,0.025,0.0,0.0,0.075,rs111452330
0.075,0.075,0.075,0.0,0.15,rs7291719
0.025,0.025,0.075,0.0,0.125,rs73382872
0.75,0.8,0.7,0.7,0.425,rs1210638
0.0,0.0,0.0,0.025,0.025,rs9604915
0.0,0.0,0.025,0.0,0.0,rs116913379
0.0,0.0,0.075,0.025,0.025,rs75296969
0.025,0.075,0.025,0.0,0.075,rs117108862
0.0,0.0,0.0,0.025,0.0,rs116857530
0.0,0.025,0.0,0.075,0.0,rs73157257
0.0,0.0,0.025,0.0,0.0,rs141247282
0.125,0.1,0.05,0.1,0.025,rs62230768
0.025,0.025,0.075,0.025,0.075,rs112201374
0.0,0.0,0.0,0.0,0.025,rs112819192
0.05,0.0,0.1,0.025,0.025,rs58497489
0.025,0.0,0.1,0.025,0.025,rs79840601
0.0,0.0,0.0,0.0,0.0,rs140858294
0.0,0.0,0.0,0.0,0.0,rs199600001
0.3,0.175,0.1,0.1,0.075,rs10854539
0.0,0.0,0.0,0.0,0.0,rs111891748
0.0,0.0,0.0,0.0,0.0,rs141769676
0.0,0.075,0.0,0.025,0.0,rs113323394
0.0,0.025,0.0,0.0,0.0,rs117352899
0.0,0.0,0.0,0.025,0.0,rs118082227
0.025,0.0,0.1,0.025,0.025,rs80030122
0.025,0.0,0.0,0.0,0.0,rs118096274
0.0,0.0,0.025,0.0,0.0,rs117733930
0.0,0.0,0.0,0.05,0.0,rs117500388
0.0,0.0,0.0,0.0,0.0,rs187780287
0.0,0.1,0.075,0.075,0.05,rs813229
0.0,0.025,0.0,0.025,0.0,rs75048283
0.0,0.0,0.025,0.0,0.0,rs3747051
0.3,0.15,0.3,0.2,0.35,rs1052763
0.0,0.0,0.0,0.0,0.0,rs61737477
0.125,0.125,0.1,0.075,0.075,rs712965
0.0,0.0,0.0,0.0,0.0,rs17743887
0.45,0.35,0.75,0.3,0.4,rs737923
0.3,0.025,0.3,0.05,0.225,rs715544
0.0,0.025,0.0,0.0,0.0,rs11704965
0.625,0.325,0.75,0.3,0.4,rs4819778
0.0,0.0,0.0,0.0,0.0,rs181178948
0.275,0.075,0.1,0.025,0.0,rs3761406
0.425,0.225,0.3,0.1,0.175,rs12484562
0.0,0.025,0.0,0.025,0.075,rs116844491
0.8,0.55,0.75,0.225,0.3,rs5748014
0.575,0.2,0.275,0.025,0.075,rs5993549
0.225,0.35,0.475,0.2,0.225,rs4819782
0.975,0.775,0.95,0.55,0.925,rs807669
0.0,0.0,0.0,0.025,0.0,rs807671
0.9,0.625,0.525,0.55,0.8,rs712964
0.325,0.25,0.1,0.025,0.225,rs2298271
0.0,0.0,0.0,0.0,0.0,rs807665
0.0,0.025,0.0,0.0,0.0,rs148734543
0.0,0.0,0.0,0.0,0.0,rs182434700
0.0,0.0,0.0,0.0,0.0,rs190366603
0.275,0.2,0.1,0.025,0.175,rs7292849
0.025,0.0,0.05,0.05,0.025,rs1633399
0.35,0.375,0.3,0.55,0.575,rs1061325
0.825,0.725,0.8,0.575,0.85,rs723414
0.575,0.525,0.7,0.55,0.675,rs9605957
0.025,0.025,0.15,0.0,0.075,rs117870181
0.025,0.0,0.05,0.05,0.025,rs807547
0.0,0.0,0.0,0.0,0.0,rs201862691
0.075,0.15,0.45,0.025,0.125,rs1060376
0.0,0.025,0.0,0.0,0.0,rs34486244
0.0,0.025,0.0,0.1,0.0,rs62223883
0.025,0.0,0.05,0.05,0.025,rs712952
0.0,0.025,0.0,0.0,0.0,rs117556531
0.075,0.0,0.0,0.025,0.0,rs928907
0.0,0.0,0.0,0.0,0.0,rs201131419
0.25,0.2,0.1,0.05,0.175,rs5748048
0.0,0.0,0.0,0.0,0.0,rs201266590
0.025,0.0,0.0,0.0,0.0,rs36077768
0.0,0.0,0.0,0.0,0.0,rs35398725
0.0,0.0,0.0,0.0,0.025,rs150157017
0.175,0.2,0.1,0.025,0.175,rs2073755
0.0,0.0,0.0,0.025,0.0,rs118055717
0.0,0.0,0.0,0.0,0.0,rs200918233
0.0,0.0,0.025,0.0,0.0,rs182917063
0.15,0.0,0.0,0.0,0.0,rs1060374
0.0,0.0,0.0,0.0,0.0,rs145514163
0.0,0.0,0.0,0.0,0.0,rs185415005
0.0,0.0,0.0,0.0,0.0,rs45489597
0.0,0.0,0.0,0.0,0.0,rs200317892
0.0,0.0,0.0,0.0,0.0,rs115841408
0.0,0.0,0.0,0.0,0.0,rs201506683
0.0,0.025,0.0,0.0,0.0,rs191439705
0.05,0.0,0.05,0.05,0.025,rs807459
0.75,0.625,0.525,0.6,0.8,rs809901
0.325,0.4,0.275,0.5,0.55,rs362148
0.05,0.025,0.125,0.0,0.05,rs5746711
0.0,0.05,0.0,0.05,0.05,rs1858771
0.2,0.25,0.55,0.3,0.25,rs5748099
0.0,0.0,0.0,0.05,0.025,rs71328296
0.0,0.0,0.0,0.05,0.0,rs118135362
0.15,0.175,0.075,0.175,0.075,rs2078750
0.15,0.2,0.1,0.025,0.175,rs2238762
0.075,0.175,0.15,0.025,0.125,rs5748106
0.0,0.025,0.0,0.025,0.0,rs117832423
0.85,0.9,0.9,0.975,0.875,rs5993595
0.125,0.35,0.4,0.35,0.25,rs982520
0.4,0.95,0.9,0.975,0.9,rs885981
0.0,0.075,0.0,0.025,0.0,rs5993613
0.05,0.2,0.35,0.175,0.175,rs737810
0.025,0.0,0.0,0.025,0.0,rs115461898
0.0,0.0,0.0,0.0,0.0,rs112751848
0.725,0.275,0.25,0.025,0.225,rs5993624
0.725,0.275,0.25,0.025,0.225,rs5748177
0.025,0.0,0.0,0.1,0.025,rs117344257
0.025,0.025,0.0,0.025,0.1,rs10483102
0.0,0.0,0.0,0.0,0.0,rs192139706
0.0,0.0,0.0,0.0,0.0,rs141770264
0.625,0.05,0.175,0.1,0.1,rs7575
0.875,0.875,0.9,0.8,0.95,rs756649
0.275,0.825,0.725,0.725,0.85,rs885976
0.0,0.025,0.0,0.05,0.0,rs117750028
0.025,0.175,0.125,0.0,0.15,rs5748212
0.0,0.05,0.05,0.0,0.0,rs146716859
0.025,0.025,0.0,0.025,0.1,rs5748220
0.0,0.0,0.0,0.1,0.0,rs117062301
0.0,0.0,0.0,0.0,0.0,rs199752858
0.0,0.0,0.0,0.05,0.05,rs112952006
0.975,0.825,0.9,0.75,0.95,rs5746748
0.85,0.55,0.725,0.7,0.725,rs5748239
0.175,0.075,0.1,0.025,0.125,rs9606038
0.0,0.0,0.0,0.0,0.0,rs141307573
0.025,0.025,0.0,0.025,0.125,rs5748248
0.025,0.0,0.0,0.025,0.05,rs116875006
0.0,0.0,0.0,0.0,0.0,rs143375740
0.825,0.8,0.825,0.7,0.925,rs5746758
0.075,0.225,0.125,0.0,0.15,rs79114187
0.0,0.0,0.0,0.025,0.0,rs13447281
0.0,0.0,0.1,0.05,0.0,rs13447298
0.0,0.175,0.125,0.0,0.15,rs13447302
0.0,0.025,0.075,0.05,0.0,rs113850893
0.075,0.075,0.35,0.175,0.25,rs112135032
0.375,0.2,0.0,0.175,0.175,rs5748267
0.925,0.5,0.6,0.425,0.55,rs5748270
0.0,0.025,0.0,0.025,0.0,rs116994305
0.25,0.1,0.425,0.2,0.3,rs5748277
0.175,0.15,0.15,0.15,0.15,rs8140097
0.525,0.2,0.425,0.25,0.3,rs2157728
0.025,0.0,0.0,0.05,0.0,rs62222320
0.0,0.0,0.0,0.025,0.0,rs117222416
0.025,0.1,0.15,0.0,0.175,rs111735701
0.825,0.625,0.7,0.425,0.575,rs5746779
0.175,0.1,0.175,0.0,0.05,rs7287561
0.0,0.025,0.0,0.05,0.0,rs117972552
0.0,0.025,0.0,0.0,0.125,rs5748306
0.725,0.3,0.35,0.075,0.275,rs2157727
0.15,0.25,0.05,0.025,0.05,rs76642175
0.0,0.0,0.0,0.0,0.025,rs117849233
0.05,0.05,0.025,0.05,0.0,rs57462258
0.025,0.025,0.0,0.0,0.05,rs9606080
0.625,0.6,0.375,0.45,0.575,rs5993715
0.475,0.425,0.525,0.3,0.5,rs5748336
0.0,0.025,0.0,0.0,0.075,rs16983911
0.925,0.625,0.675,0.425,0.55,rs5748346
0.35,0.275,0.475,0.275,0.45,rs9606090
0.15,0.125,0.025,0.075,0.0,rs9617812
0.0,0.0,0.0,0.025,0.0,rs36023975
0.0,0.025,0.025,0.0,0.125,rs12159966
0.0,0.025,0.025,0.0,0.125,rs117262034
0.325,0.275,0.025,0.125,0.2,rs5993727
0.25,0.175,0.1,0.325,0.025,rs13058085
0.95,0.65,0.525,0.75,0.575,rs5992442
0.05,0.15,0.0,0.05,0.0,rs111468443
0.15,0.225,0.1,0.225,0.1,rs9617814
0.0,0.025,0.025,0.0,0.1,rs73162676
0.175,0.15,0.15,0.0,0.125,rs5993748
0.15,0.125,0.0,0.0,0.0,rs5993752
0.0,0.125,0.0,0.0,0.1,rs5993755
0.375,0.1,0.125,0.0,0.025,rs11912807
0.025,0.0,0.05,0.0,0.0,rs117828840
0.725,0.55,0.575,0.5,0.475,rs1476445
0.025,0.1,0.0,0.0,0.0,rs112929230
0.3,0.125,0.125,0.075,0.05,rs4141526
0.05,0.125,0.0,0.0,0.1,rs8135843
0.025,0.025,0.0,0.0,0.1,rs8139720
0.075,0.075,0.0,0.0,0.1,rs58544504
0.0,0.0,0.0,0.0,0.0,rs7292259
0.225,0.325,0.425,0.45,0.275,rs7292279
0.375,0.25,0.15,0.25,0.25,rs28560290
0.3,0.45,0.6,0.225,0.525,rs2871039
0.575,0.35,0.325,0.65,0.35,rs5993760
0.875,0.8,0.95,0.875,0.875,rs9606101
0.875,0.8,0.775,0.875,0.825,rs5748376
0.7,0.7,0.975,0.9,0.975,rs5748377
0.375,0.65,0.95,0.75,0.8,rs1985884
0.4,0.15,0.0,0.225,0.1,rs9606112
0.0,0.0,0.0,0.05,0.0,rs77257525
0.0,0.05,0.0,0.175,0.2,rs34378388
0.35,0.05,0.025,0.0,0.075,rs9618653
0.575,0.575,0.425,0.675,0.55,rs5748391
0.0,0.0,0.0,0.0,0.0,rs79097546
0.3,0.05,0.05,0.025,0.025,rs8136044
0.025,0.025,0.0,0.0,0.025,rs117953034
0.2,0.3,0.325,0.375,0.4,rs1123657
0.2,0.075,0.025,0.175,0.125,rs5993794
0.125,0.35,0.325,0.475,0.5,rs1015939
0.4,0.175,0.025,0.2,0.225,rs5993800
0.275,0.475,0.3,0.25,0.35,rs2097599
0.025,0.0,0.0,0.025,0.0,rs139043109
0.125,0.2,0.075,0.15,0.275,rs9606146
0.0,0.0,0.0,0.0,0.0,rs75662441
0.0,0.0,0.0,0.0,0.0,rs146627613
0.0,0.0,0.0,0.0,0.0,rs373098364
0.275,0.2,0.1,0.0,0.075,rs9618676
0.15,0.225,0.025,0.0,0.0,rs79131864
0.7,0.625,0.625,0.3,0.4,rs4819840
0.175,0.2,0.025,0.0,0.0,rs4819841
0.1,0.25,0.25,0.3,0.25,rs55711444
0.025,0.0,0.0,0.025,0.05,rs41295222
0.15,0.05,0.025,0.0,0.075,rs41295657
0.1,0.05,0.025,0.0,0.1,rs41298605
0.0,0.025,0.0,0.025,0.0,rs72646958
0.0,0.0,0.0,0.025,0.0,rs41298818
0.0,0.0,0.0,0.0,0.0,rs201993443
0.0,0.025,0.0,0.05,0.0,rs41299350
0.575,0.6,0.65,0.5,0.7,rs2238777
0.0,0.025,0.0,0.0,0.025,rs117152059
0.125,0.15,0.1,0.2,0.475,rs4819522
0.6,0.55,0.6,0.45,0.725,rs5746826
0.525,0.5,0.625,0.475,0.6,rs713675
0.025,0.025,0.0,0.05,0.0,rs41298864
0.0,0.0,0.1,0.0,0.025,rs58980837
0.025,0.0,0.0,0.025,0.0,rs73148914
0.325,0.45,0.6,0.4,0.65,rs2269726
0.95,0.825,0.9,0.825,0.925,rs9606160
0.0,0.025,0.1,0.1,0.075,rs13057609
0.0,0.0,0.0,0.0,0.0,rs201108123
0.275,0.175,0.175,0.25,0.35,rs2073765
0.0,0.025,0.0,0.0,0.0,rs149417764
0.0,0.0,0.0,0.1,0.0,rs9606164
0.0,0.0,0.0,0.0,0.0,rs150444079
0.0,0.0,0.025,0.025,0.225,rs36070348
0.0,0.0,0.0,0.0,0.0,rs117452300
0.325,0.2,0.3,0.4,0.225,rs7285519
0.6,0.25,0.05,0.275,0.25,rs1053001
0.0,0.025,0.0,0.025,0.0,rs116941290
0.325,0.1,0.05,0.05,0.225,rs11705143
0.625,0.2,0.025,0.125,0.275,rs12106549
0.475,0.175,0.0,0.025,0.2,rs58210408
0.0,0.0,0.0,0.0,0.0,rs201943415
0.0,0.0,0.0,0.0,0.0,rs201391000
0.0,0.0,0.0,0.0,0.0,rs146133764
0.9,0.7,0.55,0.725,0.675,rs1139793
0.025,0.0,0.0,0.025,0.0,rs117016540
0.0,0.0,0.0,0.075,0.0,rs117446426
0.0,0.0,0.0,0.0,0.0,rs376995183
0.05,0.075,0.0,0.15,0.075,rs34553125
0.95,0.85,1.0,0.775,0.975,rs4819845
0.125,0.075,0.0,0.0,0.0,rs78239309
0.0,0.1,0.1,0.0,0.125,rs76692419
0.0,0.1,0.1,0.0,0.125,rs3788313
0.025,0.0,0.0,0.0,0.15,rs58882338
0.675,0.5,0.45,0.6,0.575,rs3788314
0.45,0.225,0.225,0.275,0.175,rs3788317
0.025,0.05,0.0,0.0,0.0,rs10427571
0.0,0.0,0.0,0.0,0.0,rs188258380
0.0,0.0,0.0,0.0,0.0,rs199510610
0.0,0.0,0.0,0.0,0.0,rs201913959
0.0,0.0,0.0,0.0,0.0,rs117162271
0.0,0.05,0.0,0.1,0.0,rs117014524
0.7,0.75,0.925,0.675,0.875,rs756661
0.0,0.0,0.0,0.0,0.0,rs201658653
0.275,0.1,0.0,0.15,0.05,rs11541479
0.325,0.575,0.925,0.45,0.7,rs5748469
0.0,0.075,0.05,0.3,0.075,rs79684681
0.0,0.05,0.0,0.125,0.0,rs79960807
0.6,0.475,0.775,0.65,0.525,rs9606186
0.425,0.075,0.025,0.225,0.125,rs6518591
0.0,0.025,0.0,0.05,0.0,rs9332314
0.075,0.125,0.275,0.3,0.275,rs2020917
0.025,0.05,0.0,0.15,0.075,rs13306278
0.1,0.15,0.25,0.3,0.275,rs737865
0.025,0.0,0.0,0.0,0.0,rs9332316
0.025,0.025,0.025,0.05,0.05,rs45616631
0.575,0.275,0.3,0.575,0.45,rs5993883
0.1,0.05,0.025,0.15,0.15,rs35788262
0.35,0.125,0.075,0.2,0.2,rs3819619
0.625,0.3,0.3,0.575,0.55,rs5746849
0.125,0.225,0.225,0.375,0.35,rs4646312
0.275,0.525,0.2,0.5,0.5,rs165722
0.425,0.25,0.225,0.375,0.35,rs6269
0.225,0.525,0.2,0.5,0.5,rs4633
0.25,0.025,0.0,0.0,0.0,rs740602
0.4,0.25,0.225,0.375,0.35,rs2239393
0.025,0.0,0.0,0.0,0.0,rs5031015
0.075,0.0,0.0,0.0,0.0,rs8192488
0.25,0.5,0.25,0.525,0.5,rs4680
0.075,0.025,0.025,0.0,0.025,rs769224
0.0,0.05,0.0,0.025,0.05,rs165631
0.15,0.025,0.15,0.05,0.025,rs34068292
0.175,0.25,0.175,0.35,0.225,rs165774
0.975,0.8,0.6,0.95,0.875,rs174699
0.3,0.5,0.475,0.675,0.675,rs165599
0.975,0.8,0.6,0.95,0.875,rs165728
0.5,0.6,0.475,0.875,0.8,rs165815
0.0,0.0,0.0,0.0,0.0,rs148244081
0.0,0.0,0.0,0.0,0.0,rs116731572
0.0,0.0,0.0,0.0,0.0,rs146960902
0.375,0.1,0.1,0.075,0.05,rs2239395
0.0,0.0,0.0,0.0,0.025,rs117359238
0.0,0.0,0.0,0.025,0.0,rs139920129
0.0,0.0,0.0,0.0,0.0,rs200300285
0.0,0.0,0.0,0.0,0.0,rs116102961
0.0,0.0,0.0,0.0,0.0,rs185461067
0.0,0.025,0.0,0.025,0.0,rs113625788
0.0,0.0,0.0,0.0,0.0,rs201328909
0.175,0.25,0.35,0.3,0.275,rs1990277
0.625,0.425,0.225,0.45,0.475,rs917479
0.15,0.25,0.125,0.375,0.4,rs756653
0.025,0.0,0.0,0.0,0.0,rs116782322
0.0,0.0,0.0,0.0,0.0,rs186539515
0.125,0.225,0.05,0.375,0.375,rs1034566
0.0,0.0,0.075,0.0,0.0,rs75665527
0.025,0.025,0.05,0.0,0.025,rs115608310
0.1,0.25,0.05,0.4,0.375,rs9605047
0.325,0.125,0.125,0.05,0.075,rs1858770
0.85,0.55,0.5,0.575,0.525,rs2518829
0.425,0.25,0.35,0.25,0.25,rs5748505
0.275,0.425,0.1,0.7,0.575,rs2531708
0.025,0.0,0.0,0.0,0.0,rs118191255
0.0,0.05,0.0,0.025,0.0,rs2531724
0.0,0.0,0.0,0.0,0.0,rs186875212
0.125,0.25,0.4,0.0,0.175,rs73150856
0.425,0.425,0.725,0.175,0.3,rs405342
0.0,0.025,0.0,0.025,0.0,rs76926687
0.875,0.775,0.975,0.75,0.7,rs174877
0.0,0.0,0.0,0.025,0.0,rs116946483
0.25,0.2,0.375,0.3,0.25,rs7285397
0.0,0.0,0.0,0.025,0.05,rs116983927
0.0,0.0,0.0,0.0,0.0,rs182736423
0.0,0.0,0.0,0.0,0.0,rs186724154
0.0,0.0,0.0,0.0,0.0,rs200553015
0.475,0.375,0.325,0.5,0.35,rs1640297
0.0,0.025,0.0,0.025,0.0,rs35569747
0.0,0.0,0.0,0.0,0.0,rs78201040
0.9,0.8,0.95,0.75,0.7,rs443678
0.0,0.075,0.075,0.175,0.05,rs417309
0.275,0.3,0.15,0.3,0.125,rs1633445
0.0,0.0,0.025,0.0,0.0,rs117298840
0.0,0.025,0.0,0.025,0.025,rs9605068
0.25,0.125,0.1,0.05,0.025,rs175171
0.0,0.0,0.0,0.0,0.025,rs75031525
0.0,0.0,0.0,0.0,0.0,rs201892248
0.25,0.325,0.4,0.25,0.375,rs4819867
0.0,0.025,0.0,0.075,0.0,rs9605071
0.375,0.2,0.0,0.175,0.125,rs9605074
0.675,0.6,0.775,0.675,0.8,rs28384
0.025,0.025,0.15,0.075,0.025,rs77178912
0.15,0.325,0.4,0.525,0.5,rs175199
0.575,0.2,0.0,0.125,0.075,rs9306236
0.4,0.6,0.45,0.8,0.7,rs75766
0.125,0.325,0.275,0.475,0.475,rs701446
0.4,0.3,0.275,0.25,0.175,rs625704
0.4,0.325,0.275,0.35,0.225,rs673062
0.4,0.325,0.275,0.35,0.225,rs684423
0.0,0.125,0.0,0.075,0.025,rs62218156
0.075,0.425,0.5,0.325,0.425,rs2098257
0.475,0.15,0.15,0.175,0.25,rs640836
0.2,0.5,0.675,0.55,0.575,rs730669
0.125,0.075,0.025,0.125,0.1,rs9606286
0.125,0.075,0.05,0.0,0.0,rs5993933
0.1,0.0,0.0,0.0,0.075,rs1962811
0.675,0.725,0.95,0.875,0.925,rs854967
0.0,0.0,0.025,0.0,0.0,rs117703390
0.0,0.05,0.525,0.025,0.325,rs1076449
0.3,0.0,0.0,0.025,0.075,rs9618757
0.575,0.1,0.075,0.1,0.125,rs759577
0.725,0.3,0.775,0.675,0.55,rs701430
0.0,0.025,0.0,0.075,0.025,rs9606293
0.225,0.1,0.0,0.15,0.225,rs7287730
0.1,0.05,0.0,0.025,0.0,rs78055866
0.525,0.425,0.875,0.55,0.625,rs855050
0.0,0.0,0.0,0.075,0.0,rs117954831
0.0,0.0,0.0,0.0,0.0,rs191648911
0.0,0.075,0.05,0.0,0.0,rs34141746
0.0,0.0,0.375,0.025,0.225,rs855060
0.45,0.925,1.0,0.975,0.725,rs854944
0.5,0.925,1.0,0.975,0.725,rs67659900
0.375,0.55,0.45,0.7,0.35,rs5748573
0.175,0.075,0.0,0.05,0.075,rs12168751
0.175,0.075,0.0,0.05,0.075,rs12169202
0.1,0.1,0.025,0.025,0.025,rs75341343
0.3,0.225,0.175,0.1,0.125,rs5993955
0.0,0.0,0.0,0.025,0.025,rs117170873
0.0,0.0,0.0,0.0,0.0,rs373977534
0.1,0.275,0.1,0.125,0.2,rs112074972
0.0,0.0,0.0,0.0,0.0,rs189532890
0.0,0.0,0.075,0.0,0.0,rs145639142
0.4,0.45,0.425,0.325,0.3,rs2280117
0.0,0.0,0.0,0.05,0.0,rs7287644
0.0,0.05,0.0,0.0,0.0,rs191880792
0.025,0.275,0.425,0.425,0.2,rs9754433
0.125,0.2,0.075,0.15,0.1,rs113701813
0.35,0.375,0.2,0.35,0.35,rs12172514
0.125,0.175,0.1,0.1,0.2,rs77252703
0.375,0.425,0.2,0.375,0.375,rs12172372
0.425,0.525,0.25,0.4,0.45,rs62218177
0.35,0.45,0.225,0.4,0.4,rs11089443
0.35,0.45,0.225,0.4,0.325,rs11089444
0.0,0.0,0.05,0.0,0.0,rs375552356
0.275,0.325,0.125,0.3,0.3,rs142119189
0.225,0.3,0.175,0.325,0.225,rs200033570
0.225,0.3,0.175,0.325,0.225,rs200970898
0.15,0.325,0.25,0.175,0.15,rs150985637
0.0,0.075,0.2,0.025,0.025,rs3827282
0.375,0.45,0.375,0.325,0.3,rs2277833
0.0,0.0,0.05,0.0,0.0,rs147440632
0.35,0.6,0.75,0.6,0.55,rs361689
0.075,0.0,0.075,0.0,0.05,rs57342969
0.375,0.7,0.875,0.75,0.675,rs361640
0.4,0.475,0.45,0.5,0.35,rs6005267
0.725,0.85,0.95,0.75,0.675,rs5761913
0.325,0.2,0.05,0.025,0.1,rs5762014
0.1,0.25,0.5,0.0,0.175,rs73879356
0.275,0.175,0.1,0.275,0.2,rs76881461
0.025,0.075,0.05,0.025,0.15,rs5752676
0.975,0.975,0.9,0.8,0.85,rs738084
0.0,0.05,0.0,0.075,0.025,rs9680797
0.25,0.3,0.3,0.075,0.2,rs5997411
0.425,0.5,0.55,0.55,0.375,rs1005640
0.275,0.225,0.075,0.525,0.2,rs1477178
0.8,0.4,0.525,0.675,0.5,rs1153427
0.0,0.0,0.025,0.0,0.0,rs191242002
0.875,0.975,0.875,0.85,0.8,rs1153428
0.15,0.025,0.475,0.025,0.175,rs8748
0.0,0.025,0.025,0.025,0.1,rs76649694
0.5,0.75,0.525,0.65,0.75,rs361988
0.05,0.025,0.05,0.0,0.0,rs12484813
0.85,0.925,0.925,0.95,0.9,rs165771
0.0,0.025,0.0,0.025,0.0,rs75946839
0.95,0.925,0.9,0.775,0.825,rs2014654
0.0,0.0,0.0,0.0,0.0,rs143554264
0.525,0.15,0.4,0.175,0.2,rs7291930
0.0,0.0,0.0,0.0,0.0,rs145160293
0.25,0.0,0.025,0.0,0.0,rs11090206
0.85,0.9,0.85,0.775,0.8,rs1771149
0.0,0.0,0.0,0.0,0.0,rs190189809
0.0,0.0,0.075,0.0,0.0,rs57997330
0.0,0.0,0.0,0.025,0.0,rs118084073
0.725,0.85,0.5,0.75,0.625,rs886319
0.0,0.025,0.0,0.025,0.025,rs1075339
0.0,0.0,0.025,0.0,0.0,rs115069799
0.1,0.05,0.375,0.025,0.2,rs5758468
0.0,0.025,0.0,0.0,0.0,rs193249681
0.0,0.0,0.0,0.0,0.0,rs189225333
0.475,0.15,0.15,0.225,0.175,rs595272
0.5,0.25,0.375,0.25,0.425,rs361646
0.55,0.35,0.55,0.075,0.2,rs554733
0.85,0.725,0.95,0.7,0.725,rs165626
0.125,0.2,0.225,0.3,0.175,rs5759527
0.0,0.0,0.05,0.0,0.0,rs138209862
0.6,0.425,0.55,0.3,0.425,rs596114
0.15,0.15,0.2,0.25,0.2,rs9612414
0.0,0.0,0.0,0.0,0.0,rs138183961
0.2,0.125,0.3,0.025,0.175,rs13433634
0.0,0.025,0.0,0.1,0.05,rs73159154
0.15,0.15,0.125,0.4,0.075,rs17819599
0.575,0.55,0.575,0.6,0.525,rs602808
0.25,0.375,0.4,0.2,0.45,rs544887
0.125,0.2,0.075,0.225,0.225,rs5759562
0.3,0.325,0.35,0.05,0.4,rs17818796
0.0,0.025,0.075,0.0,0.0,rs7285862
0.0,0.025,0.05,0.0,0.05,rs145875329
0.0,0.0,0.0,0.0,0.0,rs78260733
0.975,0.85,0.775,0.775,0.775,rs759224
0.9,0.875,0.85,0.775,0.8,rs759225
0.3,0.4,0.225,0.4,0.15,rs741194
0.425,0.325,0.325,0.525,0.25,rs658793
0.2,0.275,0.25,0.425,0.225,rs7290923
0.0,0.025,0.0,0.05,0.0,rs41368547
0.325,0.175,0.025,0.075,0.1,rs57434751
0.1,0.15,0.1,0.175,0.05,rs5759767
0.025,0.075,0.025,0.075,0.05,rs376516184
0.1,0.325,0.35,0.15,0.075,rs1339959
0.85,0.825,0.575,0.65,0.7,rs651851
0.125,0.525,0.425,0.375,0.125,rs5751684
0.0,0.0,0.05,0.0,0.0,rs368322022
0.025,0.025,0.025,0.025,0.025,rs116918025
0.0,0.025,0.0,0.0,0.075,rs1058552
0.0,0.025,0.0,0.025,0.0,rs117274744
0.0,0.0,0.075,0.025,0.075,rs2276011
0.0,0.0,0.0,0.0,0.0,rs181389523
0.0,0.0,0.0,0.0,0.0,rs144899078
0.0,0.0,0.0,0.0,0.0,rs112905927
0.075,0.175,0.1,0.125,0.05,rs16988764
0.0,0.05,0.0,0.025,0.0,rs9612888
0.0,0.0,0.025,0.0,0.0,rs190475625
0.3,0.3,0.5,0.325,0.25,rs2072517
0.0,0.025,0.0,0.025,0.0,rs117786120
0.0,0.0,0.0,0.025,0.05,rs35646566
0.0,0.0,0.0,0.0,0.0,rs5907
0.0,0.0,0.025,0.0,0.0,rs79822115
0.0,0.0,0.05,0.0,0.0,rs117858197
0.0,0.0,0.025,0.0,0.0,rs118185464
0.0,0.0,0.025,0.0,0.025,rs149520312
0.0,0.0,0.0,0.05,0.05,rs79462859
0.0,0.025,0.0,0.0,0.0,rs117151217
0.0,0.0,0.025,0.0,0.0,rs141712057
0.0,0.025,0.0,0.0,0.0,rs138731378
0.0,0.0,0.0,0.0,0.0,rs200824315
0.0,0.0,0.0,0.0,0.05,rs76782505
0.0,0.0,0.0,0.0,0.05,rs61752248
0.675,0.55,0.6,0.45,0.3,rs165854
0.025,0.025,0.0,0.025,0.0,rs17758477
0.0,0.0,0.025,0.0,0.0,rs117068569
0.05,0.175,0.1,0.125,0.05,rs362223
0.1,0.175,0.375,0.1,0.2,rs4822606
0.025,0.0,0.075,0.025,0.075,rs77513091
0.0,0.0,0.0,0.0,0.0,rs80068797
0.0,0.1,0.0,0.1,0.025,rs73162849
0.0,0.0,0.0,0.0,0.0,rs201300635
0.0,0.0,0.05,0.0,0.0,rs116892729
0.0,0.0,0.0,0.025,0.0,rs117104177
0.0,0.0,0.0,0.0,0.0,rs141934766
0.0,0.0,0.0,0.025,0.05,rs116984278
0.0,0.0,0.0,0.05,0.0,rs73162856
0.1,0.175,0.1,0.125,0.05,rs12162703
0.0,0.0,0.0,0.0,0.0,rs118128340
0.0,0.025,0.025,0.025,0.025,rs75118078
0.0,0.0,0.0,0.0,0.0,rs73162870
0.0,0.05,0.0,0.025,0.0,rs9613260
0.0,0.125,0.0,0.1,0.025,rs73162872
0.6,0.4,0.3,0.375,0.125,rs737892
0.0,0.05,0.0,0.025,0.0,rs9613388
0.525,0.8,0.825,0.775,0.95,rs2285547
0.9,0.675,0.8,0.75,0.675,rs2018682
0.125,0.45,0.325,0.5,0.25,rs756875
0.75,0.625,0.725,0.725,0.65,rs6005061
0.25,0.35,0.325,0.5,0.45,rs756878
0.075,0.15,0.075,0.0,0.225,rs878938
0.0,0.0,0.0,0.075,0.025,rs56179977
0.8,0.95,1.0,0.9,0.975,rs178271
0.375,0.1,0.0,0.125,0.075,rs61626201
0.775,0.925,1.0,1.0,1.0,rs389183
0.025,0.025,0.0,0.05,0.0,rs13054302
1.0,1.0,1.0,1.0,1.0,rs178283
0.65,0.525,0.4,0.3,0.575,rs178285
0.0,0.0,0.0,0.0,0.0,rs200390894
0.525,0.475,0.425,0.625,0.2,rs4822783
0.0,0.0,0.0,0.0,0.0,rs148677674
0.0,0.0,0.0,0.0,0.0,rs199625022
0.15,0.1,0.225,0.075,0.225,rs178296
0.0,0.0,0.0,0.025,0.0,rs56113960
0.0,0.025,0.0,0.125,0.175,rs71314757
0.0,0.0,0.0,0.05,0.0,rs62238544
0.0,0.075,0.0,0.0,0.025,rs373092
0.325,0.15,0.3,0.125,0.25,rs398577
0.125,0.125,0.3,0.225,0.275,rs2239961
0.125,0.025,0.0,0.125,0.175,rs71314758
0.0,0.0,0.0,0.0,0.0,rs148541070
0.125,0.25,0.0,0.55,0.1,rs9625334
0.1,0.275,0.0,0.35,0.025,rs9613540
0.0,0.125,0.025,0.175,0.125,rs2277838
0.875,0.75,1.0,0.55,0.9,rs929671
0.425,0.225,0.75,0.075,0.375,rs2270384
0.075,0.25,0.2,0.0,0.05,rs76136208
0.425,0.2,0.75,0.075,0.375,rs2072550
0.15,0.15,0.325,0.05,0.2,rs12627919
0.0,0.0,0.05,0.0,0.0,rs149427937
0.0,0.025,0.0,0.075,0.05,rs117468585
0.125,0.0,0.0,0.0,0.0,rs77133550
0.15,0.25,0.05,0.25,0.175,rs28504593
0.15,0.25,0.05,0.25,0.175,rs28450680
0.0,0.0,0.0,0.0,0.0,rs76460419
0.0,0.125,0.0,0.05,0.0,rs117587161
0.2,0.125,0.25,0.05,0.175,rs200681538
0.35,0.15,0.275,0.025,0.2,rs5762105
0.15,0.125,0.5,0.075,0.125,rs2241223
0.5,0.475,0.925,0.1,0.35,rs1968049
0.4,0.4,0.025,0.45,0.325,rs383331
0.7,0.475,0.025,0.625,0.4,rs408718
0.0,0.075,0.0,0.025,0.0,rs117198675
0.05,0.0,0.0,0.0,0.0,rs74935988
0.825,0.65,0.3,0.85,0.7,rs400946
0.0,0.0,0.2,0.05,0.125,rs75694724
0.05,0.025,0.15,0.05,0.05,rs6005562
0.4,0.525,0.325,0.65,0.65,rs421390
0.225,0.075,0.2,0.025,0.05,rs16989111
0.7,0.3,0.325,0.325,0.4,rs435980
0.175,0.025,0.2,0.025,0.05,rs73396468
0.025,0.05,0.2,0.025,0.25,rs12628319
0.525,0.125,0.1,0.3,0.35,rs430678
0.75,0.2,0.325,0.35,0.55,rs1210606
0.0,0.075,0.025,0.0,0.0,rs118111569
0.825,0.825,0.725,0.775,0.6,rs140390
0.1,0.225,0.0,0.225,0.125,rs2543398
0.125,0.225,0.525,0.05,0.25,rs5762401
0.0,0.0,0.0,0.0,0.0,rs565320449
0.8,0.95,0.9,0.85,0.7,rs187673640
0.025,0.025,0.0,0.05,0.0,rs41282591
0.425,0.4,0.5,0.7,0.425,rs460106
1.0,0.775,0.55,0.925,0.775,rs131654
0.0,0.0,0.0,0.05,0.0,rs78456257
0.15,0.475,0.525,0.225,0.425,rs181359
0.425,0.525,0.525,0.225,0.425,rs181362
0.425,0.525,0.525,0.225,0.425,rs5754217
0.0,0.0,0.0,0.075,0.025,rs117663329
0.15,0.475,0.525,0.225,0.425,rs4821112
0.0,0.025,0.0,0.075,0.0,rs453343
0.05,0.45,0.475,0.2,0.225,rs4821116
0.0,0.0,0.025,0.0,0.0,rs144274238
0.425,0.5,0.525,0.2,0.425,rs11089637
0.05,0.45,0.475,0.2,0.225,rs2298428
0.1,0.025,0.0,0.05,0.0,rs12170285
0.0,0.025,0.075,0.025,0.2,rs35113423
0.05,0.0,0.0,0.05,0.0,rs730882
0.0,0.025,0.075,0.025,0.2,rs11705259
0.025,0.025,0.1,0.025,0.2,rs11705317
0.0,0.025,0.075,0.025,0.2,rs34035987
0.0,0.0,0.0,0.05,0.0,rs73166641
0.0,0.025,0.1,0.0,0.125,rs71314788
0.225,0.55,0.9,0.325,0.575,rs447001
0.6,0.25,0.025,0.425,0.275,rs9941935
0.0,0.05,0.025,0.0,0.025,rs56212437
0.025,0.025,0.0,0.05,0.0,rs78272461
0.3,0.225,0.1,0.425,0.275,rs3788329
0.0,0.025,0.0,0.025,0.0,rs55831940
0.0,0.025,0.0,0.0,0.0,rs443192
0.0,0.0,0.0,0.025,0.0,rs74836292
0.575,0.7,0.8,0.525,0.7,rs710172
0.575,0.7,0.8,0.525,0.7,rs1860
0.025,0.0,0.0,0.0,0.05,rs5994805
0.3,0.175,0.05,0.225,0.15,rs7285365
0.0,0.1,0.025,0.15,0.075,rs55741555
0.125,0.1,0.0,0.025,0.05,rs7290787
0.0,0.0,0.0,0.025,0.0,rs118049714
0.225,0.175,0.55,0.375,0.4,rs5994846
0.0,0.25,0.15,0.0,0.05,rs5749769
0.675,0.45,0.725,0.825,0.725,rs5999264
0.025,0.0,0.0,0.0,0.0,rs73149931
0.025,0.075,0.05,0.025,0.125,rs56888084
0.05,0.025,0.025,0.025,0.0,rs78900285
0.025,0.075,0.05,0.025,0.125,rs61387590
0.4,0.675,0.325,0.45,0.35,rs6928
0.325,0.425,0.15,0.425,0.325,rs9340
0.0,0.375,0.15,0.1,0.15,rs13515
0.0,0.025,0.0,0.025,0.0,rs41282607
0.55,0.7,0.325,0.45,0.375,rs2283792
0.0,0.0,0.025,0.0,0.0,rs139348271
1.0,1.0,0.975,1.0,1.0,rs2154944
0.0,0.0,0.0,0.0,0.0,rs183444800
0.0,0.0,0.0,0.0,0.0,rs181225448
0.05,0.15,0.1,0.3,0.075,rs9610417
0.2,0.65,0.375,0.525,0.35,rs5755694
0.55,0.725,0.375,0.525,0.35,rs8136867
0.0,0.225,0.15,0.0,0.025,rs4821401
0.8,0.6,0.25,0.325,0.425,rs750942
0.125,0.075,0.05,0.0,0.15,rs73149968
0.15,0.15,0.025,0.25,0.1,rs8143081
0.0,0.025,0.0,0.0,0.0,rs117189726
0.0,0.025,0.0,0.025,0.075,rs16979617
0.0,0.075,0.275,0.0,0.175,rs2070507
0.075,0.125,0.025,0.15,0.05,rs9610645
0.475,0.4,0.325,0.4,0.275,rs240068
0.0,0.025,0.0,0.0,0.0,rs117218983
0.125,0.15,0.025,0.15,0.05,rs9610690
0.0,0.0,0.0,0.0,0.0,rs199633721
0.0,0.025,0.0,0.025,0.0,rs75602167
0.0,0.0,0.0,0.0,0.0,rs143308485
0.125,0.125,0.025,0.15,0.05,rs9610728
0.0,0.0,0.0,0.0,0.0,rs181255589
0.0,0.0,0.0,0.0,0.0,rs201232519
0.025,0.075,0.225,0.1,0.0,rs538979971
0.0,0.0,0.0,0.0,0.0,rs189724359
0.95,0.5,0.45,0.5,0.6,rs239927
0.0,0.0,0.0,0.05,0.0,rs75195025
0.025,0.05,0.0,0.1,0.0,rs77973739
0.0,0.025,0.0,0.025,0.05,rs116872618
0.225,0.1,0.3,0.025,0.2,rs1866859
0.0,0.0,0.0,0.0,0.0,rs118063673
0.025,0.1,0.3,0.025,0.2,rs4821537
0.1,0.125,0.2,0.025,0.1,rs34643644
0.5,0.2,0.025,0.1,0.125,rs1016548
0.0,0.0,0.0,0.0,0.0,rs117775579
0.225,0.05,0.05,0.075,0.05,rs6000509
0.15,0.05,0.025,0.05,0.1,rs73877697
0.4,0.05,0.0,0.025,0.0,rs61139
0.0,0.0,0.0,0.0,0.0,rs149888829
0.0,0.1,0.025,0.0,0.15,rs17821917
0.025,0.0,0.25,0.075,0.125,rs56786473
0.3,0.05,0.0,0.0,0.0,rs60507728
0.4,0.05,0.025,0.0,0.025,rs12159720
0.025,0.0,0.025,0.025,0.025,rs58036485
0.0,0.0,0.0,0.0,0.0,rs148527504
0.875,0.85,0.9,0.675,0.6,rs4820285
0.025,0.225,0.125,0.0,0.35,rs5756660
0.15,0.2,0.15,0.0,0.325,rs5750427
0.8,0.875,0.75,0.825,0.825,rs5750432
0.275,0.175,0.025,0.3,0.35,rs13340082
0.0,0.075,0.125,0.05,0.025,rs139093420
0.1,0.275,0.275,0.0,0.175,rs5756720
0.3,0.375,0.275,0.0,0.175,rs5750449
0.175,0.35,0.275,0.0,0.175,rs4490292
0.0,0.0,0.05,0.0,0.0,rs17820606
0.325,0.275,0.025,0.275,0.35,rs6000838
0.55,0.6,0.5,0.475,0.525,rs1894252
0.0,0.025,0.0,0.05,0.0,rs118039352
0.175,0.125,0.15,0.1,0.225,rs7291038
0.0,0.025,0.0,0.025,0.0,rs16982463
0.2,0.175,0.0,0.225,0.125,rs7291954
0.55,0.6,0.8,0.25,0.575,rs4821687
0.875,0.775,0.8,0.475,0.75,rs743529
0.05,0.15,0.225,0.2,0.25,rs5756807
0.0,0.05,0.0,0.025,0.075,rs35955031
0.075,0.25,0.425,0.025,0.15,rs1894251
0.675,0.6,0.625,0.35,0.475,rs5750496
0.0,0.025,0.05,0.0,0.025,rs13058323
0.05,0.1,0.0,0.15,0.1,rs4820309
0.3,0.075,0.075,0.0,0.05,rs7286062
0.225,0.075,0.075,0.0,0.05,rs12484368
0.075,0.075,0.225,0.0,0.125,rs67371756
0.0,0.025,0.0,0.025,0.0,rs78826497
0.0,0.0,0.075,0.0,0.0,rs117097235
0.075,0.0,0.025,0.0,0.075,rs6001025
0.0,0.025,0.0,0.0,0.0,rs77392912
0.0,0.025,0.0,0.0,0.0,rs117931929
0.0,0.0,0.425,0.0,0.175,rs5756977
0.0,0.025,0.4,0.025,0.175,rs5756987
0.175,0.025,0.4,0.025,0.2,rs9637337
0.0,0.0,0.0,0.025,0.075,rs116846750
0.0,0.0,0.075,0.0,0.0,rs17558061
0.05,0.1,0.05,0.125,0.125,rs16984675
0.125,0.025,0.125,0.025,0.125,rs5750619
0.275,0.025,0.15,0.025,0.15,rs5757136
0.125,0.025,0.125,0.025,0.125,rs5757142
0.55,0.725,0.85,0.725,0.75,rs2105815
0.425,0.55,0.775,0.35,0.65,rs5757247
0.4,0.575,0.825,0.375,0.65,rs4991801
0.075,0.025,0.075,0.025,0.075,rs16985406
0.175,0.025,0.1,0.025,0.075,rs8139876
0.125,0.45,0.325,0.2,0.3,rs4145536
0.4,0.05,0.1,0.05,0.15,rs10483109
0.85,0.575,0.75,0.375,0.75,rs6001222
0.05,0.0,0.275,0.025,0.125,rs111460696
0.175,0.075,0.325,0.125,0.3,rs7293219
0.45,0.05,0.1,0.025,0.075,rs9619829
0.0,0.075,0.1,0.025,0.2,rs77180908
0.3,0.075,0.175,0.125,0.25,rs9623076
0.025,0.0,0.05,0.0,0.0,rs138843768
0.0,0.0,0.0,0.0,0.0,rs78501378
0.3,0.2,0.05,0.2,0.475,rs8141482
0.45,0.125,0.0,0.15,0.025,rs6001548
0.3,0.075,0.125,0.1,0.075,rs11089978
0.125,0.25,0.075,0.225,0.3,rs11574465
0.1,0.025,0.125,0.1,0.0,rs77632478
0.0,0.0,0.0,0.0,0.0,rs370528154
0.0,0.0,0.075,0.0,0.05,rs16987300
0.1,0.0,0.0,0.025,0.0,rs112049143
0.075,0.0,0.0,0.025,0.0,rs189262307
0.075,0.0,0.0,0.025,0.0,rs713654
0.075,0.05,0.025,0.0,0.05,rs75791812
0.0,0.125,0.225,0.05,0.025,rs12627889
0.0,0.125,0.15,0.0,0.15,rs116998290
0.0,0.0,0.0,0.0,0.0,rs147522404
0.175,0.05,0.0,0.025,0.1,rs79901931
0.0,0.0,0.0,0.0,0.0,rs75288172
0.0,0.0,0.0,0.0,0.0,rs7291770
0.0,0.05,0.025,0.0,0.0,rs139258973
0.0,0.0,0.0,0.0,0.0,rs181608769
0.0,0.0,0.0,0.0,0.0,rs370980587
0.0,0.0,0.0,0.0,0.0,rs117276452
0.175,0.025,0.05,0.05,0.025,rs7288582
0.025,0.0,0.025,0.0,0.125,rs147478146
0.0,0.0,0.0,0.0,0.0,rs61730840
0.0,0.0,0.0,0.0,0.0,rs147709018
0.1,0.075,0.15,0.075,0.375,rs16990236
0.0,0.0,0.05,0.0,0.15,rs111633245
0.0,0.0,0.075,0.0,0.0,rs77328679
0.125,0.1,0.0,0.15,0.175,rs11704216
0.0,0.0,0.0,0.05,0.0,rs117397387
0.0,0.0,0.025,0.0,0.0,rs143772535
0.55,0.7,0.775,0.65,0.625,rs2519501
0.0,0.0,0.0,0.025,0.025,rs117956113
0.525,0.4,0.925,0.175,0.575,rs1475930
0.675,0.9,0.975,0.95,0.95,rs464805
0.0,0.075,0.0,0.025,0.025,rs13056585
0.0,0.0,0.0,0.025,0.075,rs118093337
0.1,0.075,0.125,0.025,0.075,rs6003388
0.0,0.0,0.0,0.0,0.05,rs368346609
0.0,0.05,0.0,0.075,0.025,rs115248992
0.2,0.275,0.0,0.375,0.375,rs737885
0.525,0.525,0.9,0.525,0.3,rs394409
0.0,0.075,0.075,0.025,0.075,rs5759535
0.0,0.025,0.0,0.0,0.0,rs78339303
0.8,0.55,0.15,0.675,0.7,rs403478
0.175,0.175,0.05,0.35,0.1,rs429942
0.65,0.3,0.15,0.4,0.275,rs436599
0.6,0.525,0.175,0.7,0.7,rs463235
0.05,0.225,0.05,0.275,0.225,rs7288450
0.325,0.0,0.0,0.0,0.3,rs8139942
0.25,0.0,0.0,0.0,0.1,rs2106122
0.0,0.075,0.0,0.0,0.0,rs147712328
0.3,0.05,0.0,0.0,0.15,rs756737
0.2,0.125,0.125,0.05,0.125,rs5759542
0.075,0.1,0.1,0.1,0.175,rs5759543
0.15,0.225,0.1,0.275,0.4,rs10470284
0.0,0.05,0.0,0.075,0.0,rs73166817
0.225,0.075,0.05,0.225,0.1,rs12160186
0.55,0.65,0.15,0.825,0.425,rs459488
0.0,0.025,0.0,0.05,0.0,rs11703761
0.275,0.225,0.0,0.175,0.275,rs11705658
0.0,0.1,0.025,0.275,0.05,rs9612174
0.05,0.15,0.0,0.125,0.15,rs62220900
0.0,0.075,0.0,0.025,0.0,rs113522889
0.7,0.425,0.025,0.5,0.375,rs915613
0.0,0.0,0.025,0.0,0.0,rs75754529
0.0,0.0,0.0,0.075,0.0,rs137893834
0.0,0.025,0.0,0.025,0.05,rs980595
0.0,0.05,0.0,0.05,0.075,rs62220905
0.225,0.15,0.0,0.275,0.05,rs6003447
0.0,0.025,0.0,0.0,0.0,rs73166864
0.0,0.025,0.0,0.0,0.0,rs56102358
0.0,0.025,0.0,0.025,0.05,rs116873473
0.0,0.0,0.0,0.05,0.025,rs77978020
0.0,0.025,0.0,0.025,0.05,rs78529900
0.55,0.15,0.0,0.175,0.125,rs6003461
0.1,0.025,0.0,0.025,0.05,rs11705689
0.125,0.025,0.0,0.0,0.025,rs74332294
0.7,0.375,0.0,0.275,0.275,rs6003484
0.025,0.025,0.0,0.0,0.0,rs112864221
0.0,0.0,0.0,0.0,0.0,rs187564522
0.0,0.0,0.0,0.025,0.0,rs55978620
0.0,0.0,0.0,0.0,0.0,rs55964741
0.375,0.2,0.425,0.0,0.125,rs9624019
0.7,0.575,0.425,0.275,0.4,rs3788337
0.575,0.35,0.425,0.25,0.3,rs5751574
0.35,0.1,0.05,0.0,0.15,rs6003497
0.0,0.0,0.0,0.0,0.0,rs144366893
0.0,0.025,0.0,0.025,0.0,rs79581211
0.0,0.0,0.0,0.0,0.0,rs117645920
0.0,0.0,0.025,0.0,0.0,rs190193159
0.0,0.0,0.05,0.0,0.0,rs138019054
0.0,0.025,0.0,0.025,0.0,rs75764644
0.0,0.0,0.0,0.0,0.0,rs117490377
0.0,0.0,0.0,0.0,0.0,rs2283801
0.35,0.575,0.325,0.475,0.45,rs2283803
0.0,0.05,0.0,0.05,0.0,rs117327666
0.0,0.025,0.0,0.05,0.0,rs56339124
0.0,0.0,0.0,0.05,0.0,rs79854927
0.0,0.0,0.05,0.0,0.0,rs190024795
0.0,0.0,0.0,0.0,0.0,rs77460005
0.025,0.1,0.0,0.2,0.125,rs56369240
0.0,0.0,0.05,0.0,0.0,rs117809204
0.025,0.1,0.0,0.2,0.125,rs35211242
0.125,0.225,0.0,0.25,0.3,rs78340958
0.0,0.0,0.0,0.05,0.0,rs117152978
0.0,0.025,0.0,0.025,0.0,rs9612247
0.875,0.8,0.975,0.75,0.9,rs5751592
0.1,0.275,0.325,0.225,0.175,rs4820541
0.0,0.0,0.05,0.0,0.0,rs141042691
0.075,0.075,0.625,0.05,0.3,rs768513
0.0,0.0,0.025,0.0,0.0,rs148782708
0.225,0.15,0.175,0.0,0.15,rs5759646
0.0,0.0,0.0,0.05,0.0,rs117582309
0.675,0.6,0.775,0.55,0.65,rs762601
0.0,0.0,0.0,0.05,0.0,rs117802493
0.1,0.05,0.025,0.025,0.075,rs35084413
0.35,0.65,0.675,0.65,0.675,rs6003582
0.0,0.0,0.0,0.025,0.0,rs5996503
0.025,0.125,0.15,0.0,0.2,rs80233084
0.0,0.025,0.025,0.0,0.0,rs5759661
0.075,0.125,0.575,0.125,0.425,rs5751613
0.0,0.0,0.0,0.025,0.0,rs118119551
0.75,0.525,0.575,0.425,0.725,rs5751614
0.0,0.05,0.0,0.075,0.0,rs73152641
0.0,0.0,0.0,0.025,0.0,rs73152643
0.0,0.0,0.0,0.0,0.0,rs200190160
0.0,0.0,0.025,0.0,0.0,rs140502
0.0,0.0,0.0,0.05,0.0,rs116962577
0.0,0.0,0.0,0.0,0.0,rs79769038
0.025,0.1,0.0,0.0,0.0,rs17533177
0.0,0.0,0.0,0.0,0.075,rs117486344
0.35,0.325,0.025,0.225,0.275,rs5996508
0.425,0.125,0.025,0.0,0.025,rs5759676
0.65,0.325,0.0,0.3,0.3,rs7288846
0.075,0.0,0.0,0.075,0.025,rs35727393
0.925,0.925,0.4,0.875,0.625,rs140504
0.0,0.0,0.0,0.025,0.025,rs73152652
0.0,0.0,0.0,0.0,0.0,rs2229038
0.0,0.0,0.05,0.0,0.0,rs186584230
0.15,0.15,0.1,0.25,0.275,rs73388594
0.25,0.15,0.025,0.025,0.1,rs9608102
0.1,0.025,0.3,0.075,0.025,rs2267027
0.675,0.525,0.9,0.3,0.375,rs131693
0.0,0.025,0.3,0.05,0.025,rs5751628
0.15,0.075,0.6,0.0,0.225,rs77227437
0.0,0.0,0.0,0.0,0.0,rs1042660
0.0,0.0,0.0,0.0,0.0,rs138721417
0.0,0.0,0.0,0.0,0.075,rs116875264
0.3,0.2,0.0,0.0,0.125,rs77982068
0.1,0.075,0.275,0.1,0.075,rs5759723
0.225,0.075,0.0,0.0,0.125,rs8141321
0.35,0.175,0.0,0.0,0.175,rs8142297
0.35,0.125,0.0,0.0,0.175,rs8137677
0.25,0.075,0.0,0.0,0.075,rs4820550
0.05,0.1,0.0,0.0,0.025,rs9620251
0.6,0.6,0.075,0.7,0.5,rs5759742
0.15,0.425,0.025,0.5,0.275,rs9612334
0.0,0.1,0.0,0.0,0.0,rs9608133
0.5,0.05,0.0,0.15,0.175,rs8138312
0.9,0.55,0.175,0.65,0.525,rs5996529
0.0,0.0,0.0,0.0,0.0,rs183242364
0.125,0.875,0.875,0.825,0.75,rs8142127
0.45,0.05,0.0,0.05,0.025,rs6003670
0.0,0.025,0.0,0.0,0.0,rs147995248
0.0,0.025,0.0,0.05,0.0,rs28656233
0.0,0.0,0.0,0.1,0.05,rs77473109
0.0,0.075,0.0,0.05,0.0,rs55756930
0.2,0.025,0.05,0.025,0.025,rs112045685
0.825,0.925,0.9,0.9,0.775,rs2330452
0.15,0.375,0.025,0.3,0.325,rs7284162
0.125,0.075,0.025,0.05,0.05,rs62218982
0.8,0.9,0.425,0.8,0.725,rs6003697
0.875,1.0,0.925,0.975,0.825,rs4822406
0.175,0.075,0.025,0.15,0.1,rs4991267
0.1,0.4,0.5,0.425,0.325,rs5751654
0.15,0.35,0.2,0.275,0.25,rs9612352
0.375,0.375,0.075,0.275,0.3,rs4822409
0.025,0.0,0.0,0.0,0.025,rs115151152
0.15,0.275,0.6,0.15,0.075,rs4822410
0.125,0.0,0.0,0.1,0.05,rs17001563
0.05,0.05,0.075,0.025,0.025,rs76095513
0.6,0.225,0.125,0.35,0.25,rs6003708
0.75,0.725,0.7,0.625,0.55,rs5751660
0.05,0.05,0.05,0.025,0.025,rs114860644
0.0,0.0,0.0,0.1,0.075,rs73880824
0.05,0.05,0.05,0.025,0.025,rs117490704
0.675,0.6,0.15,0.525,0.575,rs11090252
0.0,0.025,0.0,0.075,0.0,rs150455125
0.0,0.0,0.025,0.0,0.025,rs190391591
0.975,0.75,0.6,0.675,0.625,rs5759832
0.675,0.35,0.125,0.375,0.475,rs4822416
0.575,0.35,0.1,0.35,0.45,rs7289380
0.175,0.125,0.025,0.175,0.075,rs17002022
0.925,0.675,0.625,0.8,0.7,rs140157
0.0,0.0,0.0,0.0,0.05,rs58155100
0.225,0.0,0.0,0.0,0.05,rs5996564
0.6,0.675,0.525,0.775,0.6,rs140161
0.275,0.0,0.0,0.0,0.0,rs6003747
0.025,0.025,0.0,0.0,0.025,rs1108741
0.2,0.0,0.025,0.0,0.0,rs11912272
0.025,0.0,0.0,0.05,0.05,rs79937830
0.525,0.4,0.6,0.45,0.425,rs5759855
0.0,0.0,0.0,0.025,0.0,rs117639432
0.2,0.0,0.025,0.025,0.075,rs73878904
0.1,0.0,0.0,0.05,0.0,rs73395362
0.55,0.45,0.35,0.55,0.2,rs9612366
0.0,0.0,0.025,0.0,0.0,rs140827489
0.825,0.675,0.7,0.675,0.85,rs4822422
0.0,0.05,0.0,0.1,0.0,rs118029159
0.25,0.225,0.1,0.225,0.15,rs4629265
0.625,0.8,0.7,0.9,0.775,rs738781
0.0,0.0,0.0,0.0,0.0,rs117836949
0.0,0.0,0.0,0.0,0.025,rs117477639
0.1,0.2,0.0,0.2,0.0,rs113173094
0.375,0.05,0.025,0.0,0.05,rs9620283
0.35,0.525,0.6,0.625,0.6,rs4822423
0.25,0.275,0.075,0.325,0.225,rs5759882
0.025,0.0,0.0,0.0,0.125,rs112790080
0.075,0.0,0.025,0.0,0.1,rs111264312
0.125,0.0,0.025,0.0,0.1,rs79839343
0.05,0.075,0.0,0.15,0.075,rs117864001
0.3,0.2,0.0,0.2,0.2,rs11489068
0.0,0.0,0.0,0.0,0.0,rs139505206
0.0,0.0,0.0,0.0,0.125,rs371914942
0.125,0.075,0.475,0.1,0.075,rs179304
0.0,0.0,0.0,0.0,0.0,rs74336902
0.65,0.375,0.225,0.35,0.3,rs9620289
0.075,0.075,0.0,0.0,0.025,rs73878950
0.125,0.0,0.0,0.05,0.0,rs115415403
0.125,0.0,0.0,0.05,0.125,rs149967788
0.0,0.0,0.0,0.05,0.0,rs117166029
0.45,0.15,0.0,0.05,0.025,rs12167599
0.75,0.5,0.275,0.175,0.3,rs5996577
0.075,0.05,0.0,0.0,0.025,rs116760479
0.775,0.525,0.85,0.3,0.6,rs140174
0.4,0.25,0.425,0.1,0.275,rs131422
0.6,0.25,0.25,0.4,0.45,rs12627824
0.45,0.175,0.275,0.325,0.325,rs131428
0.0,0.0,0.0,0.05,0.0,rs118124522
0.775,0.5,0.35,0.7,0.55,rs131429
0.05,0.075,0.025,0.275,0.05,rs66623543
0.325,0.175,0.05,0.375,0.1,rs11090262
0.0,0.025,0.025,0.075,0.0,rs74337053
0.075,0.05,0.15,0.075,0.1,rs3747125
0.025,0.025,0.0,0.0,0.075,rs113670883
0.6,0.3,0.575,0.45,0.45,rs7288250
0.0,0.0,0.0,0.0,0.0,rs111494098
0.15,0.1,0.025,0.2,0.025,rs60644391
0.0,0.025,0.0,0.0,0.075,rs372607531
0.075,0.1,0.025,0.075,0.025,rs17627842
0.425,0.55,0.6,0.425,0.425,rs10427863
0.375,0.4,0.125,0.675,0.3,rs5759930
0.3,0.4,0.275,0.375,0.275,rs34140548
0.1,0.2,0.475,0.35,0.425,rs9624229
0.0,0.025,0.1,0.075,0.025,rs17627963
0.0,0.0,0.0,0.025,0.0,rs55926718
0.15,0.05,0.075,0.075,0.075,rs61479247
0.275,0.35,0.45,0.225,0.175,rs12167140
0.175,0.225,0.375,0.075,0.125,rs3827318
0.05,0.125,0.0,0.15,0.0,rs28403517
0.0,0.0,0.0,0.025,0.0,rs117215798
0.55,0.7,0.75,0.65,0.625,rs9306387
0.0,0.0,0.025,0.0,0.0,rs182721905
0.775,0.35,0.55,0.175,0.3,rs6003824
0.725,0.325,0.475,0.175,0.3,rs6519460
0.0,0.0,0.0,0.0,0.0,rs4820562
0.975,0.8,0.7,0.75,0.7,rs1807624
0.975,0.8,0.7,0.75,0.7,rs2330579
0.3,0.4,0.275,0.525,0.55,rs8140340
0.075,0.175,0.35,0.1,0.125,rs5751713
0.975,0.8,0.7,0.775,0.725,rs2070446
0.95,0.775,0.7,0.775,0.725,rs1007298
0.0,0.0,0.0,0.0,0.0,rs117585592
0.0,0.025,0.0,0.0,0.0,rs45570945
0.0,0.0,0.0,0.025,0.0,rs11090282
0.0,0.025,0.0,0.0,0.0,rs79084668
0.55,0.225,0.075,0.125,0.025,rs6003847
0.0,0.0,0.0,0.0,0.0,rs76433013
0.875,0.625,0.325,0.675,0.6,rs6003849
0.0,0.0,0.0,0.025,0.0,rs117412075
0.0,0.0,0.05,0.0,0.0,rs180835873
0.0,0.0,0.0,0.05,0.0,rs117118817
0.0,0.025,0.0,0.025,0.0,rs76241428
0.0,0.0,0.0,0.075,0.025,rs41277301
0.55,0.475,0.775,0.275,0.275,rs738788
0.0,0.0,0.075,0.0,0.15,rs149484382
0.225,0.075,0.0,0.05,0.0,rs6003872
0.25,0.1,0.375,0.125,0.15,rs2070453
0.3,0.275,0.425,0.15,0.125,rs1076123
0.0,0.025,0.05,0.025,0.1,rs2330621
0.125,0.0,0.05,0.1,0.1,rs2298375
0.0,0.0,0.0,0.0,0.0,rs140565519
0.975,0.95,0.675,0.875,0.875,rs131444
0.9,0.8,0.5,0.75,0.525,rs131445
0.875,0.875,0.525,0.9,0.675,rs10775767
1.0,0.925,0.7,0.95,0.825,rs738789
0.225,0.05,0.05,0.0,0.15,rs28363642
0.0,0.0,0.0,0.025,0.0,rs11704945
0.0,0.025,0.125,0.05,0.0,rs28363645
0.0,0.0,0.0,0.0,0.0,rs200191913
0.0,0.0,0.0,0.0,0.0,rs202174272
0.0,0.0,0.0,0.0,0.0,rs199846081
0.0,0.0,0.0,0.0,0.0,rs141200301
0.35,0.1,0.05,0.0,0.15,rs28363665
0.05,0.0,0.05,0.0,0.15,rs28382575
0.0,0.025,0.125,0.05,0.0,rs17003784
1.0,0.925,0.7,0.95,0.85,rs2073390
0.0,0.025,0.0,0.025,0.0,rs34396426
0.0,0.025,0.0,0.025,0.075,rs35502837
0.0,0.0,0.0,0.025,0.0,rs11703707
0.0,0.0,0.075,0.0,0.0,rs35609719
0.925,0.8,0.475,0.85,0.775,rs738800
0.35,0.075,0.025,0.125,0.0,rs2186369
0.0,0.0,0.0,0.0,0.0,rs9612479
0.525,0.2,0.1,0.15,0.325,rs1128127
0.0,0.0,0.075,0.025,0.0,rs5760063
0.0,0.0,0.0,0.0,0.1,rs182066878
0.125,0.175,0.2,0.1,0.075,rs12159218
0.95,0.875,0.675,0.95,0.825,rs762268
0.575,0.35,0.3,0.4,0.125,rs735750
0.575,0.675,0.35,0.825,0.65,rs5760066
0.4,0.275,0.1,0.225,0.25,rs738803
0.1,0.25,0.3,0.45,0.5,rs5760071
0.3,0.125,0.075,0.2,0.25,rs192027581
0.275,0.25,0.25,0.225,0.175,rs2330625
0.15,0.35,0.375,0.4,0.5,rs2236620
0.0,0.0,0.0,0.0,0.0,rs181437217
0.125,0.1,0.0,0.025,0.025,rs60699980
0.85,0.775,0.725,0.775,0.625,rs738806
0.325,0.15,0.2,0.3,0.175,rs5751759
0.325,0.25,0.175,0.2,0.1,rs62239046
0.45,0.625,0.675,0.775,0.7,rs5760093
0.2,0.375,0.5,0.65,0.6,rs1007888
0.7,0.625,0.725,0.775,0.775,rs5760096
0.225,0.1,0.0,0.025,0.05,rs7293178
0.125,0.025,0.0,0.025,0.05,rs60114871
0.65,0.625,0.9,0.95,0.925,rs915590
0.7,0.7,0.8,0.9,0.775,rs4822461
0.075,0.35,0.525,0.625,0.5,rs5760124
0.0,0.0,0.05,0.0,0.1,rs374950520
0.225,0.025,0.2,0.025,0.05,rs76853009
0.0,0.1,0.1,0.0,0.0,rs190944511
0.3,0.125,0.0,0.1,0.05,rs9620341
0.475,0.35,0.025,0.25,0.25,rs6004011
0.225,0.0,0.0,0.025,0.05,rs138275558
0.0,0.025,0.0,0.0,0.0,rs148435972
0.05,0.0,0.0,0.025,0.1,rs117446468
0.0,0.0,0.025,0.0,0.0,rs190649764
0.0,0.0,0.0,0.0,0.0,rs140517486
0.575,0.8,0.525,0.95,0.75,rs5760180
0.0,0.025,0.0,0.025,0.0,rs76965509
0.0,0.0,0.025,0.0,0.025,rs117139356
0.0,0.0,0.0,0.05,0.0,rs17640037
0.025,0.0,0.0,0.025,0.025,rs4822470
0.0,0.0,0.0,0.0,0.0,rs199800229
0.0,0.0,0.0,0.0,0.0,rs201341706
0.0,0.45,0.25,0.3,0.2,rs5760189
0.0,0.025,0.0,0.0,0.0,rs17640355
0.1,0.025,0.0,0.025,0.0,rs17004823
0.0,0.0,0.0,0.0,0.0,rs192766862
0.0,0.0,0.0,0.0,0.0,rs184430120
0.0,0.0,0.0,0.0,0.0,rs200164122
0.0,0.0,0.025,0.0,0.025,rs182210831
0.0,0.0,0.0,0.0,0.125,rs13058260
0.1,0.025,0.0,0.025,0.0,rs9624395
0.0,0.0,0.0,0.0,0.0,rs138795791
0.0,0.025,0.0,0.05,0.0,rs112234981
0.0,0.0,0.0,0.0,0.0,rs141082712
0.075,0.025,0.15,0.0,0.025,rs3788367
0.1,0.1,0.225,0.075,0.05,rs3827321
0.0,0.0,0.0,0.0,0.0,rs62231971
0.0,0.0,0.1,0.05,0.025,rs113890347
0.0,0.0,0.05,0.0,0.0,rs117829709
0.0,0.0,0.0,0.0,0.05,rs117340640
0.0,0.0,0.0,0.0,0.0,rs187220508
0.0,0.0,0.0,0.025,0.025,rs78365374
0.0,0.0,0.0,0.0,0.0,rs185544584
0.0,0.0,0.0,0.0,0.0,rs185237636
0.0,0.025,0.0,0.025,0.0,rs117908385
0.0,0.0,0.025,0.0,0.0,rs79329507
0.0,0.0,0.0,0.0,0.0,rs149239737
0.0,0.0,0.0,0.025,0.0,rs111736007
0.0,0.0,0.0,0.0,0.0,rs77353424
0.0,0.0,0.0,0.05,0.0,rs73167538
0.0,0.0,0.0,0.0,0.0,rs189936288
0.025,0.025,0.025,0.05,0.275,rs9612557
0.0,0.05,0.0,0.1,0.0,rs117001360
0.0,0.0,0.0,0.0,0.0,rs142452636
0.0,0.0,0.0,0.0,0.0,rs142275051
0.0,0.0,0.0,0.0,0.0,rs145513360
0.0,0.025,0.0,0.025,0.025,rs75303441
0.0,0.0,0.0,0.0,0.0,rs144524781
0.0,0.0,0.0,0.0,0.0,rs140560210
0.125,0.075,0.1,0.025,0.05,rs8141797
0.025,0.0,0.0,0.05,0.025,rs17642338
0.0,0.0,0.0,0.0,0.05,rs35344394
0.3,0.2,0.25,0.1,0.05,rs6004094
0.0,0.0,0.0,0.025,0.0,rs117077425
0.0,0.025,0.0,0.025,0.0,rs7288201
0.0,0.0,0.0,0.0,0.025,rs140980900
0.0,0.0,0.0,0.0,0.0,rs149456868
0.325,0.525,0.25,0.4,0.275,rs2275984
0.0,0.05,0.0,0.05,0.0,rs117249571
0.025,0.0,0.0,0.05,0.025,rs116976546
0.55,0.675,0.525,0.625,0.5,rs2267073
1.0,1.0,1.0,1.0,1.0,rs204711
0.1,0.025,0.0,0.025,0.0,rs149971103
0.0,0.0,0.0,0.0,0.0,rs181246888
0.0,0.0,0.0,0.0,0.0,rs188238971
0.075,0.0,0.075,0.0,0.1,rs57636940
0.0,0.025,0.0,0.1,0.0,rs74444893
0.0,0.0,0.025,0.0,0.0,rs146982683
0.925,0.8,0.75,0.675,0.775,rs5751846
0.0,0.0,0.0,0.0,0.0,rs148203655
0.0,0.025,0.0,0.0,0.0,rs56168869
0.0,0.0,0.0,0.0,0.0,rs144609692
0.0,0.0,0.0,0.0,0.0,rs145506280
0.0,0.0,0.0,0.0,0.0,rs55723436
0.0,0.0,0.0,0.0,0.0,rs61742709
0.0,0.0,0.0,0.0,0.0,rs201275356
0.0,0.0,0.0,0.025,0.0,rs71318977
0.0,0.0,0.0,0.0,0.0,rs201618130
0.0,0.025,0.0,0.075,0.0,rs118133842
0.0,0.0,0.0,0.025,0.025,rs78254370
0.325,0.075,0.075,0.025,0.1,rs7293001
0.175,0.025,0.075,0.0,0.1,rs62233136
0.0,0.0,0.0,0.0,0.025,rs62233138
0.1,0.025,0.0,0.025,0.0,rs2330783
0.0,0.0,0.0,0.0,0.0,rs188902098
0.175,0.025,0.075,0.025,0.1,rs5760364
0.0,0.05,0.0,0.025,0.0,rs79694428
0.0,0.0,0.0,0.025,0.0,rs28659842
0.0,0.0,0.025,0.0,0.0,rs143161078
0.025,0.0,0.0,0.05,0.0,rs79612614
0.0,0.025,0.0,0.0,0.0,rs117071777
0.0,0.0,0.0,0.025,0.0,rs34531254
0.0,0.0,0.075,0.0,0.0,rs76082184
0.125,0.425,0.625,0.55,0.275,rs5751862
0.45,0.5,0.7,0.575,0.375,rs5760410
0.025,0.175,0.05,0.075,0.15,rs11704959
0.325,0.05,0.075,0.025,0.15,rs5996696
0.1,0.0,0.0,0.025,0.0,rs71651683
0.6,0.625,0.675,0.65,0.45,rs2267076
0.925,0.825,0.725,0.725,0.85,rs2236624
0.275,0.525,0.6,0.6,0.325,rs5751876
0.275,0.525,0.6,0.6,0.325,rs5760425
0.175,0.525,0.6,0.575,0.3,rs4822492
0.025,0.0,0.0,0.025,0.0,rs17651189
0.0,0.0,0.0,0.0,0.0,rs186518929
0.0,0.0,0.0,0.0,0.0,rs143454032
0.225,0.525,0.675,0.575,0.425,rs4822502
0.0,0.0,0.0,0.05,0.0,rs1543757
0.0,0.0,0.0,0.0,0.025,rs62231885
0.65,0.6,0.6,0.6,0.3,rs2070474
0.0,0.0,0.0,0.0,0.0,rs200145797
0.1,0.05,0.0,0.0,0.05,rs60379542
0.25,0.475,0.6,0.575,0.275,rs3788372
0.075,0.025,0.075,0.025,0.125,rs5760457
0.0,0.025,0.0,0.075,0.0,rs73169837
0.0,0.0,0.025,0.0,0.0,rs117578416
0.0,0.0,0.0,0.0,0.0,rs202094164
0.0,0.0,0.0,0.0,0.0,rs138872001
0.65,0.575,0.65,0.6,0.4,rs2232866
0.175,0.05,0.125,0.0,0.15,rs8142051
0.0,0.0,0.0,0.05,0.0,rs117038722
0.65,0.575,0.7,0.6,0.45,rs140330
0.0,0.0,0.0,0.0,0.0,rs144135211
0.0,0.0,0.0,0.0,0.0,rs117529934
0.0,0.0,0.05,0.0,0.0,rs2298384
0.0,0.0,0.0,0.0,0.0,rs145766755
0.0,0.0,0.0,0.0,0.0,rs144213713
0.0,0.0,0.0,0.0,0.0,rs199717723
0.0,0.0,0.05,0.0,0.0,rs118163237
0.15,0.05,0.0,0.0,0.0,rs114662807
0.475,0.25,0.075,0.175,0.275,rs6004179
0.3,0.725,0.75,0.825,0.625,rs9704
0.0,0.0,0.0,0.0,0.0,rs190907127
0.0,0.0,0.0,0.025,0.0,rs73152516
0.25,0.05,0.0,0.0,0.0,rs713666
0.0,0.05,0.05,0.0,0.0,rs146711207
0.0,0.0,0.0,0.0,0.0,rs117279121
0.775,0.375,0.225,0.35,0.325,rs4820599
0.425,0.375,0.3,0.4,0.325,rs5751901
0.075,0.4,0.325,0.425,0.375,rs5751902
0.75,0.45,0.225,0.375,0.35,rs2330809
0.0,0.0,0.0,0.025,0.0,rs186765281
0.0,0.0,0.0,0.0,0.0,rs4049766
0.15,0.45,0.575,0.175,0.225,rs131464
0.0,0.025,0.075,0.125,0.125,rs372023886
0.85,0.75,0.475,0.5,0.525,rs9624542
0.65,0.75,0.475,0.5,0.425,rs5760575
0.2,0.5,0.525,0.3,0.225,rs5751940
0.9,0.75,0.575,0.625,0.6,rs5760584
0.325,0.575,0.45,0.375,0.3,rs743377
0.225,0.2,0.325,0.225,0.175,rs9612740
0.15,0.075,0.125,0.05,0.2,rs5996749
0.0,0.0,0.0,0.075,0.1,rs9608323
0.225,0.225,0.525,0.2,0.25,rs5760596
0.425,0.2,0.525,0.275,0.4,rs2007382
0.0,0.0,0.025,0.0,0.075,rs77058728
0.275,0.475,0.25,0.2,0.125,rs115525
0.0,0.0,0.0,0.0,0.0,rs61733495
0.0,0.0,0.0,0.0,0.0,rs115937238
0.725,0.725,0.775,0.5,0.525,rs131476
0.125,0.05,0.15,0.075,0.125,rs56199175
0.0,0.0,0.0,0.0,0.0,rs73152579
0.0,0.0,0.0,0.0,0.0,rs148034582
0.0,0.0,0.0,0.0,0.0,rs117497991
0.0,0.05,0.0,0.0,0.0,rs118105649
0.0,0.0,0.0,0.05,0.125,rs6004252
0.225,0.25,0.625,0.525,0.4,rs5760613
0.325,0.35,0.1,0.175,0.1,rs8139987
0.0,0.05,0.0,0.05,0.05,rs74510932
0.0,0.0,0.0,0.0,0.0,rs142590557
0.05,0.075,0.0,0.0,0.0,rs79429059
0.0,0.025,0.0,0.025,0.0,rs56032751
0.175,0.3,0.15,0.25,0.075,rs1001445
0.0,0.025,0.0,0.025,0.075,rs117841213
0.625,0.8,0.625,0.6,0.525,rs5760645
0.025,0.05,0.025,0.125,0.05,rs28522179
0.3,0.375,0.425,0.325,0.425,rs5751997
0.15,0.55,0.375,0.525,0.475,rs139606
0.0,0.025,0.0,0.05,0.05,rs117357447
0.0,0.025,0.0,0.025,0.0,rs41281559
0.1,0.175,0.125,0.125,0.125,rs139622
0.0,0.0,0.0,0.0,0.025,rs117091576
0.375,0.1,0.05,0.0,0.125,rs8139986
0.15,0.225,0.5,0.275,0.375,rs7287595
0.025,0.15,0.1,0.025,0.0,rs12170037
0.175,0.175,0.075,0.275,0.35,rs5996763
0.1,0.225,0.2,0.075,0.075,rs1883993
0.75,0.725,0.875,0.65,0.65,rs5760680
0.175,0.175,0.1,0.025,0.0,rs73155726
0.3,0.5,0.375,0.375,0.425,rs9612777
0.05,0.125,0.075,0.275,0.4,rs9608342
0.425,0.6,0.775,0.6,0.6,rs7292826
0.625,0.675,0.8,0.6,0.6,rs4820615
0.35,0.25,0.15,0.1,0.125,rs7288359
0.975,0.775,0.55,0.7,0.575,rs139633
0.0,0.0,0.0,0.025,0.0,rs116886049
0.3,0.275,0.275,0.175,0.175,rs4822549
0.6,0.525,0.275,0.5,0.4,rs139646
0.075,0.1,0.15,0.05,0.15,rs12485138
0.7,0.525,0.425,0.225,0.45,rs139662
0.375,0.1,0.2,0.05,0.15,rs9620446
0.075,0.075,0.15,0.05,0.05,rs41516144
0.125,0.225,0.125,0.025,0.15,rs4572701
0.075,0.05,0.0,0.15,0.05,rs56022312
0.0,0.075,0.15,0.025,0.075,rs9917557
0.3,0.325,0.3,0.125,0.3,rs6004338
0.375,0.15,0.175,0.1,0.15,rs6004341
0.05,0.075,0.15,0.025,0.075,rs16979152
0.1,0.05,0.15,0.025,0.05,rs16979179
0.025,0.125,0.0,0.0,0.0,rs8142617
0.125,0.2,0.275,0.1,0.3,rs4541332
0.225,0.175,0.025,0.2,0.15,rs139724
0.125,0.2,0.35,0.1,0.125,rs139729
0.15,0.225,0.075,0.1,0.1,rs9612804
0.0,0.0,0.0,0.05,0.0,rs116892768
0.2,0.075,0.075,0.025,0.0,rs75850566
0.375,0.175,0.275,0.1,0.25,rs2877253
0.15,0.025,0.325,0.05,0.15,rs2073201
0.2,0.025,0.275,0.05,0.15,rs2073202
0.175,0.4,0.525,0.325,0.4,rs139735
0.95,0.675,0.8,0.475,0.65,rs139736
0.0,0.0,0.0,0.025,0.0,rs139740
0.15,0.125,0.025,0.1,0.1,rs11914055
0.05,0.05,0.0,0.025,0.05,rs73157931
0.15,0.35,0.425,0.3,0.4,rs139763
0.125,0.125,0.0,0.025,0.05,rs60529841
0.525,0.2,0.1,0.25,0.225,rs1997886
0.1,0.35,0.425,0.075,0.3,rs5760738
0.2,0.125,0.0,0.175,0.25,rs9624669
0.0,0.025,0.0,0.0,0.0,rs118007271
0.0,0.0,0.0,0.0,0.0,rs41281561
0.675,0.525,0.625,0.125,0.575,rs715554
0.275,0.025,0.05,0.0,0.075,rs9620475
0.275,0.1,0.35,0.075,0.175,rs11090362
0.0,0.0,0.05,0.0,0.0,rs137890971
0.0,0.0,0.025,0.0,0.025,rs116915363
0.0,0.0,0.0,0.0,0.0,rs113973584
0.0,0.0,0.0,0.025,0.0,rs77079889
0.975,0.725,0.775,0.45,0.6,rs5752038
0.275,0.275,0.425,0.25,0.1,rs7287818
0.15,0.15,0.3,0.075,0.3,rs5752040
0.075,0.025,0.0,0.05,0.0,rs80040835
0.2,0.05,0.0,0.2,0.175,rs114644317
0.975,0.625,0.575,0.75,0.875,rs2006738
0.975,0.45,0.325,0.65,0.55,rs2179237
0.0,0.0,0.0,0.1,0.025,rs76747920
0.0,0.1,0.05,0.0,0.025,rs5760818
0.0,0.075,0.05,0.0,0.025,rs11703954
0.4,0.175,0.075,0.2,0.175,rs8135118
0.225,0.025,0.0,0.0,0.0,rs7292770
0.075,0.05,0.025,0.125,0.15,rs9612851
0.65,0.35,0.375,0.4,0.575,rs726133
0.0,0.05,0.025,0.075,0.0,rs116914395
0.75,0.6,0.45,0.525,0.675,rs5760837
0.625,0.425,0.45,0.475,0.5,rs56055061
0.0,0.075,0.0,0.05,0.0,rs77161003
0.0,0.0,0.05,0.0,0.0,rs188975367
0.0,0.0,0.0,0.0,0.025,rs117875166
0.95,0.65,0.575,0.675,0.825,rs1076047
0.0,0.0,0.0,0.075,0.025,rs77363603
0.275,0.225,0.275,0.25,0.4,rs7284432
0.0,0.0,0.025,0.0,0.0,rs187344080
0.0,0.0,0.0,0.025,0.075,rs9608369
0.075,0.125,0.1,0.075,0.15,rs2294371
0.175,0.15,0.225,0.3,0.275,rs5760863
0.125,0.075,0.075,0.15,0.15,rs7289890
0.0,0.05,0.0,0.025,0.025,rs117236232
0.0,0.0,0.0,0.075,0.0,rs116988242
0.075,0.125,0.1,0.075,0.125,rs742164
0.075,0.025,0.15,0.025,0.0,rs5760868
0.05,0.025,0.0,0.0,0.0,rs117502424
0.3,0.25,0.175,0.275,0.425,rs9624734
0.0,0.0,0.0,0.0,0.025,rs190729144
0.0,0.0,0.0,0.0,0.0,rs55941025
0.05,0.125,0.1,0.0,0.075,rs5760890
0.0,0.0,0.0,0.0,0.0,rs73162213
1.0,0.85,0.925,0.75,0.725,rs5752075
0.0,0.0,0.0,0.025,0.0,rs73162216
0.0,0.0,0.0,0.05,0.0,rs117517166
0.1,0.1,0.15,0.075,0.25,rs41281563
0.0,0.075,0.0,0.05,0.0,rs60507348
0.05,0.0,0.0,0.0,0.0,rs116080510
0.0,0.0,0.0,0.0,0.0,rs142996620
0.0,0.0,0.0,0.0,0.0,rs144697511
0.0,0.025,0.0,0.0,0.0,rs200457939
0.05,0.025,0.0,0.0,0.025,rs17670506
0.0,0.0,0.0,0.0,0.0,rs199791142
0.075,0.0,0.0,0.0,0.0,rs4455261
0.0,0.0,0.0,0.0,0.0,rs147937174
0.95,0.85,0.925,0.7,0.75,rs5760904
1.0,0.825,0.925,0.7,0.825,rs4820621
0.55,0.425,0.35,0.225,0.475,rs969623
0.0,0.0,0.0,0.025,0.0,rs117813616
0.075,0.1,0.0,0.05,0.0,rs111755447
0.3,0.175,0.125,0.325,0.2,rs9608379
0.075,0.05,0.05,0.15,0.075,rs9608380
0.025,0.025,0.0,0.0,0.0,rs16986560
0.0,0.0,0.0,0.0,0.0,rs201509994
0.775,0.675,0.975,0.7,0.775,rs5760923
0.1,0.05,0.05,0.175,0.075,rs9612900
0.0,0.0,0.05,0.0,0.05,rs145217335
0.575,0.4,0.575,0.5,0.625,rs5760930
0.475,0.425,0.5,0.325,0.575,rs5752088
0.0,0.075,0.175,0.025,0.05,rs4822584
0.0,0.05,0.0,0.0,0.0,rs117381594
0.45,0.55,0.125,0.55,0.5,rs9612906
0.475,0.55,0.125,0.575,0.5,rs4988744
0.225,0.2,0.675,0.225,0.275,rs9612907
0.55,0.15,0.125,0.275,0.225,rs9941952
0.0,0.0,0.025,0.0,0.0,rs117820111
0.525,0.75,0.5,0.55,0.525,rs5760942
0.025,0.0,0.0,0.0,0.0,rs4049513
0.875,0.9,1.0,0.725,0.95,rs4822597
0.1,0.45,0.45,0.4,0.375,rs9612921
0.425,0.15,0.475,0.075,0.3,rs57911975
0.0,0.05,0.0,0.1,0.075,rs79098520
0.125,0.175,0.0,0.125,0.0,rs6004549
0.15,0.125,0.15,0.0,0.025,rs5996898
0.0,0.05,0.025,0.075,0.1,rs77216574
0.0,0.0,0.0,0.0,0.025,rs4083400
0.0,0.0,0.05,0.0,0.1,rs184479432
0.025,0.025,0.125,0.025,0.05,rs117086965
0.0,0.025,0.0,0.075,0.0,rs111620891
0.15,0.0,0.05,0.0,0.125,rs6004579
0.3,0.15,0.0,0.0,0.0,rs8141167
0.0,0.025,0.0,0.025,0.0,rs117973613
0.15,0.075,0.0,0.0,0.0,rs6004588
0.0,0.0,0.0,0.0,0.0,rs17616994
0.0,0.025,0.0,0.075,0.0,rs117409212
0.025,0.025,0.0,0.025,0.05,rs79854676
0.025,0.025,0.075,0.0,0.0,rs118136332
0.0,0.025,0.0,0.0,0.0,rs78345670
0.075,0.0,0.0,0.025,0.025,rs112545545
0.0,0.0,0.075,0.0,0.025,rs369562860
0.0,0.0,0.0,0.0,0.0,rs116869380
0.0,0.05,0.0,0.075,0.05,rs35022386
0.0,0.025,0.0,0.075,0.0,rs4315631
0.025,0.05,0.0,0.025,0.05,rs77961563
0.0,0.0,0.0,0.0,0.05,rs1123139
0.0,0.0,0.0,0.0,0.025,rs113838126
0.15,0.075,0.0,0.05,0.0,rs9624822
0.0,0.0,0.0,0.025,0.0,rs118133467
0.0,0.0,0.0,0.0,0.025,rs8135113
0.075,0.0,0.0,0.025,0.025,rs17680597
0.0,0.0,0.0,0.0,0.0,rs138988428
0.0,0.0,0.0,0.025,0.0,rs76280871
0.0,0.0,0.0,0.025,0.0,rs75170820
0.025,0.05,0.25,0.0,0.05,rs72617269
0.0,0.025,0.0,0.0,0.0,rs35241381
0.125,0.125,0.0,0.05,0.0,rs73410917
0.55,0.125,0.125,0.1,0.2,rs5996945
0.025,0.0,0.0,0.075,0.075,rs9612975
0.0,0.025,0.0,0.075,0.075,rs613392
0.0,0.0,0.075,0.0,0.0,rs117605166
0.0,0.0,0.0,0.025,0.0,rs73166947
0.3,0.0,0.075,0.0,0.1,rs7292626
0.125,0.125,0.0,0.05,0.0,rs11090398
0.0,0.0,0.0,0.05,0.15,rs74433423
0.0,0.0,0.075,0.0,0.0,rs117738614
0.0,0.0,0.0,0.0,0.0,rs117484607
0.0,0.0,0.0,0.025,0.0,rs117486424
0.0,0.0,0.0,0.05,0.025,rs17692668
0.5,0.675,0.825,0.35,0.625,rs5752173
0.0,0.0,0.025,0.05,0.1,rs35224782
0.575,0.6,0.65,0.25,0.375,rs1467387
0.4,0.15,0.125,0.025,0.075,rs9612986
0.85,0.5,0.8,0.475,0.55,rs577596
0.325,0.3,0.475,0.225,0.475,rs542162
0.0,0.0,0.125,0.025,0.1,rs5761102
0.0,0.025,0.075,0.05,0.025,rs80041057
0.2,0.05,0.125,0.025,0.125,rs5752175
0.4,0.35,0.6,0.3,0.6,rs2331111
0.15,0.025,0.1,0.025,0.05,rs5752177
0.0,0.025,0.0,0.05,0.0,rs74863143
0.0,0.0,0.0,0.0,0.0,rs73166990
0.5,0.125,0.175,0.075,0.1,rs5752182
0.0,0.0,0.0,0.0,0.0,rs41257974
0.025,0.0,0.05,0.025,0.0,rs74935100
0.125,0.0,0.025,0.025,0.0,rs113646180
0.975,0.775,0.95,0.725,0.95,rs5761122
0.0,0.075,0.0,0.0,0.0,rs41262444
0.0,0.0,0.0,0.025,0.1,rs7285640
0.1,0.025,0.05,0.025,0.0,rs16980490
0.025,0.0,0.0,0.025,0.1,rs41261944
0.025,0.0,0.0,0.025,0.0,rs111778243
0.0,0.0,0.0,0.025,0.1,rs74805376
0.125,0.05,0.075,0.025,0.0,rs113276635
0.025,0.0,0.2,0.0,0.175,rs73166997
0.1,0.025,0.05,0.025,0.0,rs111268308
0.0,0.0,0.0,0.025,0.1,rs7286623
0.0,0.0,0.0,0.05,0.1,rs2179243
0.0,0.0,0.0,0.0,0.025,rs117375099
0.025,0.075,0.0,0.025,0.0,rs9612998
0.0,0.05,0.0,0.025,0.0,rs78807374
0.0,0.0,0.05,0.0,0.0,rs146681989
0.1,0.025,0.075,0.075,0.175,rs8142086
0.0,0.0,0.025,0.0,0.0,rs146563811
0.5,0.125,0.075,0.05,0.075,rs6004737
0.025,0.0,0.225,0.0,0.175,rs5752196
0.775,0.425,0.6,0.275,0.75,rs3817819
0.125,0.025,0.075,0.0,0.0,rs149993490
0.05,0.025,0.025,0.025,0.0,rs3730314
0.0,0.0,0.075,0.0,0.0,rs139166860
0.575,0.1,0.075,0.05,0.175,rs3730114
0.025,0.0,0.025,0.025,0.0,rs3730315
0.0,0.05,0.0,0.05,0.0,rs28763891
0.0,0.0,0.0,0.025,0.0,rs77839692
0.025,0.025,0.075,0.0,0.0,rs78294019
0.0,0.0,0.025,0.0,0.0,rs3747127
0.0,0.025,0.0,0.05,0.0,rs41281565
0.0,0.0,0.0,0.025,0.0,rs41277329
0.0,0.0,0.05,0.0,0.0,rs3827376
0.05,0.375,0.55,0.375,0.65,rs10212011
0.0,0.025,0.0,0.1,0.0,rs9608418
0.0,0.0,0.0,0.0,0.0,rs79846137
0.8,0.35,0.3,0.225,0.375,rs133860
0.45,0.25,0.2,0.225,0.3,rs11090409
0.15,0.075,0.05,0.0,0.0,rs144185248
0.025,0.025,0.0,0.025,0.025,rs73168921
0.725,0.375,0.725,0.2,0.4,rs112166231
0.025,0.1,0.0,0.15,0.025,rs61734946
0.0,0.0,0.0,0.0,0.0,rs139296373
0.225,0.25,0.175,0.175,0.05,rs6004758
0.0,0.025,0.1,0.025,0.075,rs8138918
0.925,0.625,0.825,0.425,0.525,rs133885
0.85,0.5,0.625,0.35,0.175,rs4820654
0.925,0.625,0.825,0.375,0.5,rs133902
0.375,0.475,0.25,0.4,0.15,rs2748221
0.0,0.0,0.025,0.0,0.0,rs117243697
0.45,0.575,0.8,0.625,0.525,rs9608422
0.025,0.125,0.45,0.0,0.2,rs78365988
0.0,0.0,0.0,0.0,0.0,rs147614587
0.875,1.0,0.925,0.975,0.85,rs5761170
0.05,0.3,0.0,0.325,0.175,rs9624898
0.4,0.55,0.575,0.625,0.525,rs8142661
0.0,0.0,0.0,0.05,0.0,rs78253204
0.0,0.175,0.025,0.175,0.0,rs13058364
0.05,0.0,0.0,0.0,0.0,rs112900389
0.0,0.0,0.0,0.0,0.0,rs116917090
0.0,0.05,0.0,0.0,0.0,rs145992177
0.025,0.075,0.275,0.0,0.15,rs12628523
0.7,0.95,0.775,0.975,0.8,rs5996973
0.225,0.3,0.0,0.225,0.15,rs17624941
0.0,0.05,0.125,0.025,0.0,rs117162364
0.725,0.7,0.9,0.75,0.65,rs2038323
0.0,0.075,0.0,0.0,0.0,rs79080767
0.625,0.9,0.75,0.95,0.8,rs910521
0.025,0.075,0.375,0.0,0.15,rs79758417
0.1,0.075,0.15,0.05,0.2,rs5752216
0.1,0.025,0.025,0.025,0.2,rs5761250
0.0,0.0,0.0,0.025,0.025,rs117058083
0.325,0.275,0.175,0.15,0.2,rs6004774
0.1,0.0,0.175,0.025,0.1,rs16980808
0.15,0.25,0.0,0.15,0.125,rs9624909
0.275,0.025,0.025,0.05,0.2,rs41281575
0.0,0.0,0.0,0.0,0.0,rs147134820
0.25,0.05,0.2,0.05,0.125,rs5996984
0.075,0.3,0.0,0.425,0.125,rs7286591
0.0,0.025,0.0,0.025,0.0,rs77822208
0.025,0.0,0.05,0.0,0.025,rs12165565
0.4,0.5,0.2,0.55,0.45,rs12166250
0.15,0.2,0.05,0.175,0.15,rs6004789
0.3,0.6,0.675,0.575,0.675,rs3887776
0.0,0.0,0.0,0.025,0.025,rs117854317
0.0,0.0,0.0,0.0,0.0,rs191560703
0.0,0.0,0.0,0.05,0.0,rs41281577
0.0,0.0,0.0,0.0,0.0,rs144564568
0.325,0.7,0.75,0.675,0.675,rs5761271
0.0,0.0,0.0,0.0,0.0,rs192287243
0.0,0.0,0.0,0.0,0.0,rs35252978
0.0,0.025,0.0,0.0,0.0,rs185802314
0.0,0.0,0.025,0.0,0.0,rs147431883
0.0,0.0,0.0,0.0,0.0,rs141637414
0.1,0.3,0.075,0.325,0.25,rs5996988
0.075,0.275,0.075,0.275,0.1,rs9624920
0.75,0.525,0.75,0.3,0.7,rs695427
0.075,0.1,0.0,0.0,0.0,rs12169347
0.0,0.0,0.0,0.0,0.0,rs137859315
0.0,0.0,0.0,0.0,0.0,rs143444239
0.175,0.125,0.075,0.025,0.075,rs5996993
0.05,0.0,0.0,0.05,0.025,rs111369675
0.05,0.0,0.125,0.025,0.05,rs1573755
0.0,0.0,0.0,0.025,0.0,rs35578357
0.05,0.05,0.0,0.0,0.0,rs17633130
0.825,0.75,0.9,0.8,0.875,rs1158340
0.35,0.575,0.425,0.55,0.4,rs739281
0.725,0.625,0.925,0.575,0.8,rs695430
0.45,0.425,0.425,0.35,0.35,rs739282
0.0,0.0,0.0,0.0,0.0,rs188687136
0.125,0.1,0.025,0.05,0.025,rs35761934
0.175,0.0,0.025,0.05,0.05,rs9968038
0.0,0.025,0.0,0.075,0.0,rs55959401
0.15,0.075,0.025,0.05,0.025,rs77999892
0.3,0.4,0.425,0.525,0.35,rs5761308
0.175,0.025,0.0,0.025,0.025,rs34427191
0.475,0.25,0.25,0.4,0.325,rs5761313
0.15,0.15,0.225,0.35,0.3,rs9613037
0.0,0.0,0.0,0.0,0.0,rs183362649
0.025,0.0,0.0,0.0,0.0,rs117775260
0.0,0.0,0.025,0.0,0.0,rs199762739
0.0,0.025,0.025,0.0,0.05,rs35141530
0.0,0.0,0.1,0.0,0.0,rs149981380
0.05,0.025,0.325,0.025,0.2,rs2269638
0.6,0.65,0.475,0.775,0.675,rs1013815
0.3,0.25,0.3,0.275,0.25,rs6004840
0.475,0.45,0.475,0.4,0.45,rs2331195
0.2,0.25,0.275,0.1,0.225,rs6004851
0.05,0.0,0.0,0.0,0.0,rs150530817
0.05,0.025,0.0,0.0,0.0,rs139536173
0.275,0.275,0.15,0.025,0.025,rs1894677
0.025,0.025,0.125,0.05,0.025,rs713734
0.65,0.425,0.15,0.125,0.1,rs9306419
0.125,0.025,0.0,0.0,0.0,rs7287110
0.425,0.0,0.0,0.05,0.05,rs9620576
0.15,0.175,0.25,0.3,0.15,rs61174692
0.1,0.025,0.0,0.05,0.05,rs6004864
0.0,0.0,0.0,0.025,0.0,rs76569725
0.0,0.0,0.0,0.025,0.025,rs73154155
0.2,0.1,0.15,0.0,0.075,rs7292853
0.0,0.0,0.0,0.025,0.0,rs147898739
0.775,0.45,0.15,0.35,0.45,rs8139900
0.0,0.0,0.0,0.0,0.0,rs116989446
0.05,0.075,0.05,0.2,0.075,rs12485167
0.5,0.25,0.05,0.375,0.175,rs7288885
0.625,0.45,0.1,0.425,0.35,rs6004895
0.35,0.4,0.15,0.5,0.525,rs5752254
0.35,0.35,0.1,0.325,0.525,rs4822682
0.0,0.0,0.0,0.0,0.0,rs149103381
0.0,0.0,0.0,0.0,0.0,rs117042106
0.175,0.025,0.0,0.025,0.025,rs73154188
0.025,0.0,0.0,0.0,0.1,rs5752257
0.225,0.075,0.075,0.1,0.075,rs8136102
0.0,0.0,0.0,0.0,0.0,rs148544935
0.0,0.0,0.05,0.05,0.075,rs17361758
0.875,0.275,0.25,0.175,0.275,rs6004913
0.0,0.05,0.075,0.05,0.025,rs75620797
0.0,0.0,0.025,0.0,0.075,rs76496928
0.6,0.075,0.05,0.075,0.05,rs9624968
0.0,0.0,0.175,0.0,0.025,rs145325809
0.275,0.425,0.275,0.175,0.225,rs2207531
0.0,0.0,0.0,0.025,0.0,rs62224195
0.025,0.05,0.05,0.025,0.075,rs16981327
0.375,0.15,0.0,0.025,0.1,rs4499534
0.0,0.0,0.025,0.0,0.0,rs191709607
0.0,0.0,0.025,0.0,0.0,rs373213917
0.075,0.05,0.05,0.0,0.05,rs16981352
0.8,0.475,0.3,0.225,0.25,rs134693
0.175,0.225,0.0,0.125,0.075,rs11090428
0.425,0.225,0.05,0.0,0.125,rs11705662
0.0,0.0,0.05,0.0,0.0,rs146151565
0.175,0.05,0.05,0.0,0.075,rs73883982
0.15,0.125,0.175,0.15,0.025,rs134703
0.125,0.15,0.05,0.025,0.125,rs9608458
0.0,0.0,0.0,0.025,0.0,rs62224199
1.0,0.5,0.3,0.2,0.275,rs134709
0.475,0.3,0.075,0.05,0.175,rs6519640
0.0,0.025,0.0,0.0,0.075,rs35930634
0.175,0.15,0.025,0.0,0.05,rs134738
0.575,0.475,0.325,0.225,0.2,rs134740
0.05,0.075,0.0,0.025,0.0,rs12160621
0.95,0.675,0.325,0.775,0.475,rs134748
0.0,0.0,0.0,0.0,0.0,rs189116857
0.0,0.075,0.0,0.0,0.0,rs117554095
0.05,0.075,0.125,0.05,0.0,rs5752271
0.175,0.15,0.125,0.05,0.15,rs9613115
0.0,0.025,0.0,0.0,0.0,rs117700807
0.05,0.225,0.0,0.375,0.05,rs5020429
0.0,0.025,0.0,0.025,0.0,rs79619632
0.325,0.2,0.025,0.225,0.225,rs134755
0.0,0.025,0.0,0.025,0.025,rs199592259
0.175,0.125,0.025,0.05,0.15,rs9608467
0.0,0.075,0.2,0.05,0.0,rs5761393
0.0,0.0,0.0,0.0,0.0,rs76068434
0.0,0.0,0.0,0.0,0.025,rs117666218
0.0,0.05,0.0,0.05,0.05,rs12053781
0.325,0.225,0.025,0.275,0.2,rs134762
0.0,0.025,0.025,0.0,0.125,rs17372172
0.15,0.25,0.0,0.375,0.075,rs5997051
0.975,0.675,0.3,0.725,0.5,rs134769
0.0,0.0,0.0,0.025,0.0,rs7288552
0.025,0.05,0.0,0.025,0.0,rs113368973
0.0,0.0,0.0,0.0,0.0,rs62224246
0.4,0.05,0.125,0.05,0.025,rs9620595
0.0,0.025,0.0,0.025,0.0,rs74362858
0.0,0.05,0.0,0.0,0.0,rs79518473
0.1,0.2,0.4,0.35,0.2,rs737792
0.4,0.45,0.775,0.475,0.475,rs713738
0.075,0.3,0.175,0.225,0.475,rs11705024
0.0,0.0,0.0,0.05,0.025,rs35486390
0.225,0.25,0.375,0.1,0.275,rs5752300
0.0,0.05,0.0,0.0,0.0,rs138044027
0.8,0.45,0.025,0.55,0.075,rs137182
0.9,0.5,0.025,0.55,0.1,rs137190
0.075,0.05,0.025,0.05,0.025,rs7292813
0.275,0.425,0.075,0.65,0.25,rs677499
0.15,0.075,0.0,0.025,0.075,rs137203
0.025,0.0,0.0,0.0,0.0,rs200380172
0.0,0.15,0.275,0.025,0.075,rs74276944
0.0,0.025,0.0,0.025,0.025,rs76400344
0.675,0.25,0.125,0.6,0.2,rs1210894
0.0,0.0,0.0,0.0,0.0,rs138692969
0.0,0.0,0.0,0.0,0.0,rs117917851
0.05,0.0,0.0,0.0,0.0,rs142214073
0.0,0.0,0.0,0.0,0.0,rs201869380
0.825,0.675,0.575,0.8,0.75,rs581562
0.6,0.55,0.45,0.5,0.675,rs3788378
0.625,0.325,0.275,0.425,0.225,rs628319
0.25,0.15,0.0,0.2,0.175,rs2331244
0.0,0.05,0.0,0.0,0.1,rs12169255
0.875,0.775,0.475,0.775,0.575,rs596224
0.0,0.0,0.0,0.025,0.0,rs118149111
0.0,0.0,0.0,0.05,0.025,rs74436227
0.0,0.025,0.0,0.0,0.0,rs11705436
0.875,0.55,0.725,0.825,0.625,rs9613160
0.375,0.225,0.525,0.225,0.375,rs5761487
0.0,0.1,0.0,0.15,0.125,rs76929387
0.2,0.075,0.05,0.025,0.0,rs6005020
0.825,0.85,0.6,0.675,0.8,rs582028
0.425,0.625,0.35,0.525,0.6,rs655581
0.0,0.025,0.0,0.0,0.0,rs74582903
0.725,0.875,0.95,0.575,0.875,rs4822712
0.125,0.075,0.0,0.025,0.0,rs60652443
0.175,0.625,0.975,0.35,0.725,rs5761499
0.05,0.075,0.025,0.175,0.05,rs654245
0.0,0.0,0.0,0.025,0.025,rs66508334
0.25,0.6,0.95,0.35,0.75,rs738400
0.725,0.75,1.0,0.6,0.8,rs667577
0.0,0.05,0.0,0.025,0.025,rs16981994
0.75,0.65,0.8,0.5,0.475,rs627229
0.0,0.025,0.0,0.075,0.0,rs73160807
0.0,0.0,0.0,0.0,0.0,rs11090440
0.475,0.4,0.7,0.175,0.45,rs2226691
1.0,0.55,0.75,0.375,0.45,rs650276
0.15,0.05,0.175,0.025,0.025,rs59337862
0.0,0.05,0.0,0.0,0.025,rs79637597
0.1,0.075,0.0,0.025,0.025,rs8139330
0.75,0.65,0.775,0.525,0.45,rs5752319
0.0,0.025,0.0,0.025,0.025,rs117001692
0.275,0.425,0.8,0.2,0.45,rs621761
0.0,0.0,0.025,0.0,0.0,rs138133408
0.45,0.45,0.325,0.7,0.55,rs8140344
0.725,0.875,0.975,0.925,1.0,rs600878
0.15,0.35,0.2,0.65,0.35,rs6005042
0.45,0.5,0.775,0.25,0.625,rs483926
0.0,0.0,0.0,0.0,0.0,rs368845117
0.0,0.0,0.0,0.025,0.0,rs77204037
0.0,0.0,0.0,0.025,0.0,rs78082758
0.0,0.05,0.0,0.025,0.0,rs74457675
0.025,0.1,0.0,0.05,0.025,rs13057979
0.5,0.25,0.225,0.475,0.425,rs5761524
0.0,0.025,0.025,0.025,0.025,rs112893535
0.05,0.075,0.025,0.05,0.05,rs11913750
0.025,0.0,0.0,0.025,0.0,rs6005051
0.0,0.025,0.0,0.0,0.0,rs117935333
0.0,0.025,0.0,0.075,0.0,rs76698785
0.0,0.0,0.0,0.0,0.0,rs149568178
0.8,0.675,0.875,0.925,0.775,rs5761540
0.125,0.2,0.15,0.275,0.15,rs9608491
0.0,0.0,0.0,0.0,0.0,rs149126501
0.075,0.05,0.0,0.2,0.075,rs5752332
0.0,0.05,0.0,0.025,0.0,rs41281585
0.0,0.0,0.0,0.0,0.0,rs80306655
0.0,0.025,0.025,0.0,0.0,rs34981548
0.75,0.625,0.725,0.575,0.625,rs134145
0.15,0.025,0.025,0.025,0.025,rs73421329
0.775,0.625,0.725,0.525,0.425,rs134157
0.0,0.0,0.0,0.0,0.0,rs134162
0.325,0.1,0.05,0.3,0.125,rs13056218
0.525,0.225,0.3,0.325,0.125,rs3088103
0.575,0.225,0.3,0.325,0.125,rs5761581
0.15,0.075,0.075,0.075,0.025,rs4149485
0.15,0.4,0.45,0.175,0.3,rs2283817
0.0,0.0,0.025,0.0,0.0,rs148373646
0.175,0.225,0.2,0.275,0.25,rs2283822
0.0,0.0,0.0,0.0,0.0,rs201717714
0.025,0.05,0.0,0.175,0.1,rs5761587
0.0,0.0,0.0,0.05,0.0,rs77223678
0.0,0.0,0.025,0.0,0.0,rs75453083
0.525,0.375,0.45,0.7,0.65,rs7288210
0.175,0.275,0.275,0.1,0.175,rs75587512
0.45,0.425,0.475,0.4,0.275,rs9613208
0.025,0.025,0.15,0.025,0.05,rs58767350
0.2,0.25,0.425,0.225,0.425,rs2283832
0.075,0.025,0.15,0.05,0.15,rs2283834
0.0,0.0,0.0,0.0,0.0,rs117981463
0.1,0.3,0.425,0.15,0.35,rs13055271
0.15,0.075,0.325,0.05,0.15,rs4822740
0.775,0.7,0.975,0.65,0.875,rs763088
0.0,0.075,0.1,0.05,0.05,rs73163219
0.0,0.05,0.15,0.025,0.025,rs8140872
0.275,0.375,0.375,0.45,0.375,rs4822743
0.0,0.0,0.0,0.05,0.0,rs73163238
0.0,0.0,0.025,0.0,0.0,rs143794570
0.2,0.125,0.375,0.175,0.375,rs5752351
0.0,0.0,0.0,0.0,0.0,rs183729679
0.025,0.025,0.025,0.0,0.025,rs78165948
0.175,0.2,0.05,0.225,0.175,rs4822753
0.0,0.0,0.0,0.0,0.0,rs142090709
0.0,0.0,0.0,0.0,0.0,rs200980598
0.0,0.0,0.0,0.0,0.0,rs12053788
0.0,0.025,0.0,0.0,0.0,rs35520672
0.2,0.15,0.3,0.125,0.275,rs2071862
0.0,0.0,0.0,0.0,0.0,rs149353652
0.0,0.0,0.0,0.0,0.0,rs182284999
0.6,0.475,0.525,0.525,0.425,rs756505
0.725,0.65,0.575,0.75,0.575,rs6005101
0.575,0.375,0.575,0.5,0.5,rs5997110
0.6,0.525,0.625,0.4,0.45,rs5761655
0.025,0.2,0.375,0.2,0.275,rs739310
0.125,0.075,0.125,0.125,0.05,rs16982564
0.85,0.725,0.85,0.85,0.95,rs7284198
0.0,0.0,0.0,0.05,0.0,rs80337067
0.625,0.7,0.95,0.65,0.9,rs5761665
0.0,0.05,0.0,0.0,0.0,rs78699720
0.075,0.1,0.35,0.15,0.275,rs4274
0.05,0.175,0.35,0.2,0.425,rs5752378
0.05,0.175,0.15,0.05,0.025,rs60204004
0.075,0.05,0.075,0.05,0.075,rs73425698
0.0,0.05,0.0,0.0,0.0,rs74384672
0.0,0.0,0.0,0.0,0.0,rs28613882
0.0,0.025,0.0,0.0,0.0,rs73165442
0.0,0.025,0.0,0.025,0.025,rs117274373
0.275,0.45,0.475,0.125,0.375,rs5752388
0.45,0.025,0.05,0.0,0.025,rs74357507
0.725,0.525,0.5,0.375,0.45,rs4822782
0.1,0.25,0.1,0.225,0.3,rs6005148
0.725,0.625,1.0,0.55,0.85,rs6005150
0.125,0.2,0.025,0.225,0.0,rs9625080
0.125,0.075,0.225,0.1,0.05,rs28360616
0.15,0.075,0.225,0.1,0.05,rs62650082
0.15,0.025,0.425,0.0,0.1,rs5761716
0.125,0.25,0.175,0.15,0.2,rs200966972
0.05,0.325,0.5,0.425,0.45,rs6005154
0.275,0.325,0.225,0.45,0.5,rs1015067
0.9,0.775,0.975,0.6,0.775,rs5761730
0.075,0.05,0.075,0.125,0.075,rs67292771
0.05,0.075,0.0,0.05,0.0,rs78476966
0.375,0.35,0.25,0.35,0.475,rs6005159
0.9,0.425,0.8,0.4,0.675,rs1476034
0.025,0.15,0.0,0.175,0.15,rs11703244
0.0,0.05,0.275,0.025,0.125,rs80151504
0.15,0.15,0.025,0.2,0.225,rs4820706
0.75,0.625,0.95,0.65,0.7,rs5761743
0.2,0.05,0.0,0.0,0.025,rs73415934
0.1,0.15,0.575,0.2,0.15,rs5761748
0.0,0.0,0.0,0.1,0.0,rs74756528
0.25,0.125,0.025,0.075,0.15,rs73415948
0.8,0.45,0.525,0.6,0.725,rs5761749
0.0,0.025,0.0,0.0,0.025,rs79482918
0.0,0.025,0.0,0.025,0.0,rs117503488
0.0,0.0,0.0,0.025,0.025,rs9608520
0.525,0.8,0.725,0.8,0.775,rs2285155
0.425,0.425,0.25,0.45,0.45,rs713752
0.0,0.0,0.05,0.0,0.0,rs117071795
0.1,0.275,0.475,0.2,0.15,rs737774
0.45,0.55,0.25,0.6,0.625,rs4822799
0.025,0.075,0.0,0.15,0.125,rs73167426
0.025,0.075,0.125,0.025,0.1,rs72617274
0.0,0.025,0.0,0.025,0.05,rs62223037
0.625,0.65,0.875,0.625,0.7,rs4822801
0.3,0.275,0.1,0.275,0.325,rs9608521
0.375,0.35,0.4,0.475,0.4,rs5752420
0.7,0.775,0.75,0.8,0.625,rs1476033
0.125,0.025,0.0,0.0,0.025,rs12170701
0.3,0.425,0.3,0.175,0.225,rs12157601
0.775,0.775,0.575,0.7,0.65,rs2227187
0.625,0.75,0.625,0.725,0.625,rs6005189
0.25,0.4,0.45,0.525,0.425,rs5761771
0.25,0.4,0.4,0.5,0.4,rs720914
0.075,0.35,0.175,0.2,0.2,rs13054025
0.125,0.075,0.0,0.025,0.0,rs10483128
0.075,0.025,0.0,0.05,0.075,rs11090455
0.725,0.625,0.95,0.75,0.75,rs5761776
0.3,0.475,0.75,0.55,0.55,rs5761777
0.125,0.0,0.0,0.025,0.1,rs113297171
0.0,0.0,0.0,0.1,0.0,rs75866554
0.55,0.15,0.25,0.075,0.15,rs136504
0.025,0.05,0.0,0.025,0.025,rs716153
0.225,0.275,0.075,0.175,0.15,rs7284543
0.0,0.125,0.225,0.025,0.0,rs16982905
0.325,0.375,0.5,0.4,0.55,rs136519
0.0,0.0,0.0,0.075,0.0,rs117129281
0.775,0.775,0.75,0.675,0.8,rs136526
0.475,0.7,0.8,0.525,0.7,rs136531
0.0,0.0,0.0,0.025,0.0,rs118086397
0.0,0.025,0.0,0.0,0.025,rs73167457
0.075,0.025,0.0,0.05,0.0,rs10483129
0.0,0.0,0.0,0.0,0.0,rs117051882
0.075,0.15,0.4,0.0,0.025,rs9306428
0.025,0.275,0.425,0.525,0.4,rs5761797
0.2,0.0,0.0,0.075,0.025,rs9613280
0.0,0.0,0.025,0.0,0.0,rs137894977
0.075,0.05,0.0,0.025,0.05,rs11913436
0.35,0.625,0.85,0.675,0.5,rs9608535
0.125,0.0,0.0,0.075,0.05,rs113176204
0.0,0.0,0.1,0.0,0.025,rs117925381
0.125,0.15,0.375,0.0,0.025,rs4822810
0.525,0.7,0.8,0.8,0.525,rs4242
0.275,0.675,0.75,0.775,0.45,rs5752435
0.025,0.0,0.0,0.0,0.0,rs9608537
0.225,0.025,0.0,0.025,0.0,rs5997136
0.0,0.0,0.0,0.075,0.0,rs13058632
0.175,0.15,0.1,0.225,0.275,rs4820717
0.475,0.425,0.425,0.325,0.475,rs1071957
0.0,0.05,0.0,0.05,0.0,rs117032058
0.75,0.5,0.275,0.375,0.4,rs6005232
0.375,0.2,0.1,0.25,0.275,rs11704127
0.0,0.0,0.0,0.025,0.0,rs117355313
0.075,0.1,0.0,0.025,0.075,rs76209731
0.05,0.075,0.0,0.025,0.075,rs9613297
0.875,0.45,0.325,0.5,0.55,rs6005236
0.575,0.4,0.35,0.425,0.475,rs5997146
0.35,0.675,0.975,0.6,0.9,rs5752447
0.0,0.025,0.0,0.05,0.025,rs117432314
0.75,0.2,0.35,0.2,0.425,rs2001134
0.0,0.0,0.0,0.0,0.0,rs117744983
0.5,0.075,0.275,0.15,0.1,rs739256
0.225,0.05,0.0,0.0,0.0,rs57166078
0.1,0.05,0.0,0.0,0.0,rs16983208
0.225,0.025,0.0,0.0,0.0,rs73410542
0.75,0.825,1.0,0.7,0.95,rs5761863
0.125,0.5,0.4,0.375,0.6,rs9613305
0.35,0.05,0.25,0.15,0.075,rs5752452
0.15,0.025,0.0,0.0,0.0,rs75346095
0.0,0.0,0.025,0.0,0.0,rs5761868
0.225,0.425,0.4,0.375,0.6,rs763136
0.275,0.125,0.025,0.2,0.05,rs5752454
0.85,0.9,1.0,0.8,0.95,rs5761877
0.025,0.0,0.025,0.125,0.0,rs9613315
0.0,0.0,0.0,0.0,0.0,rs189110377
0.1,0.025,0.1,0.0,0.125,rs5752459
0.2,0.15,0.0,0.175,0.15,rs6005255
0.425,0.125,0.05,0.2,0.125,rs7289738
0.775,0.375,0.175,0.525,0.45,rs2157465
0.0,0.0,0.0,0.0,0.0,rs117576819
0.0,0.0,0.0,0.0,0.0,rs74531784
0.0,0.125,0.0,0.05,0.0,rs74523482
0.0,0.0,0.025,0.0,0.0,rs117737849
0.325,0.075,0.15,0.15,0.175,rs5761894
0.45,0.075,0.05,0.075,0.125,rs743959
0.0,0.05,0.025,0.025,0.05,rs117442269
0.8,0.35,0.15,0.5,0.4,rs6005260
0.225,0.1,0.4,0.075,0.225,rs73882514
0.325,0.325,0.675,0.425,0.725,rs8137218
0.025,0.0,0.0,0.0,0.025,rs117927378
0.2,0.025,0.0,0.0,0.025,rs56102329
0.35,0.35,0.275,0.125,0.2,rs2516090
0.15,0.225,0.175,0.225,0.4,rs12159895
0.2,0.025,0.0,0.175,0.1,rs9613340
0.575,0.625,0.7,0.5,0.4,rs134913
0.025,0.05,0.125,0.025,0.075,rs16983396
0.0,0.05,0.0,0.05,0.05,rs73169568
0.0,0.0,0.0,0.0,0.0,rs17343778
0.5,0.55,0.525,0.725,0.75,rs114559
0.175,0.025,0.0,0.15,0.1,rs74536568
0.875,0.75,0.575,0.825,0.725,rs134932
0.225,0.2,0.3,0.05,0.2,rs9620654
0.075,0.2,0.225,0.275,0.3,rs742002
0.0,0.075,0.0,0.125,0.175,rs17428730
0.975,0.875,1.0,0.85,1.0,rs760526
0.0,0.05,0.0,0.05,0.0,rs116531902
0.875,0.7,0.75,0.675,0.825,rs1157613
0.225,0.05,0.1,0.05,0.175,rs5752472
0.425,0.6,0.525,0.55,0.55,rs973902
0.05,0.125,0.1,0.125,0.05,rs3091387
0.725,0.725,0.9,0.575,0.9,rs713706
0.0,0.0,0.0,0.0,0.0,rs35283268
0.025,0.0,0.0,0.0,0.0,rs60393690
0.025,0.075,0.0,0.125,0.05,rs13053916
0.2,0.125,0.225,0.175,0.2,rs5752476
0.075,0.225,0.1,0.2,0.25,rs56234606
0.5,0.45,0.775,0.5,0.5,rs5761940
0.825,0.825,1.0,0.7,0.95,rs4822843
0.35,0.375,0.35,0.125,0.35,rs16983592
0.0,0.0,0.0,0.075,0.0,rs8140194
0.0,0.05,0.0,0.05,0.05,rs76976452
0.375,0.45,0.525,0.375,0.45,rs1883117
0.125,0.225,0.5,0.3,0.4,rs10854797
0.175,0.225,0.35,0.225,0.3,rs760529
0.025,0.0,0.025,0.0,0.05,rs115249322
0.225,0.225,0.675,0.15,0.4,rs4822848
0.275,0.675,0.975,0.675,0.725,rs5761954
0.0,0.025,0.025,0.05,0.175,rs5761960
0.075,0.025,0.05,0.05,0.125,rs5761962
0.025,0.025,0.0,0.0,0.0,rs9625138
0.25,0.125,0.325,0.075,0.2,rs73880414
0.25,0.325,0.075,0.325,0.3,rs5761974
0.3,0.05,0.05,0.025,0.225,rs5752490
0.0,0.0,0.125,0.0,0.0,rs57544677
0.0,0.05,0.0,0.025,0.0,rs78952095
0.825,0.95,0.95,0.95,0.775,rs8142849
0.075,0.375,0.425,0.225,0.15,rs4822859
0.275,0.025,0.0,0.0,0.0,rs7364181
0.125,0.15,0.325,0.125,0.45,rs5761993
0.025,0.075,0.125,0.05,0.05,rs16983756
0.1,0.3,0.0,0.125,0.1,rs56020504
0.0,0.0,0.05,0.2,0.025,rs134944
0.1,0.075,0.125,0.05,0.05,rs7291526
0.425,0.525,0.45,0.55,0.55,rs738152
0.55,0.825,0.45,0.675,0.65,rs1003704
0.45,0.175,0.1,0.35,0.375,rs9613383
0.0,0.025,0.025,0.0,0.0,rs148180098
0.0,0.0,0.0,0.0,0.0,rs74903581
0.0,0.0,0.05,0.0,0.0,rs59614553
0.0,0.0,0.0,0.05,0.0,rs134958
0.025,0.025,0.025,0.0,0.0,rs113558614
0.675,0.25,0.05,0.2,0.05,rs6005312
0.725,0.25,0.075,0.175,0.05,rs6005315
0.35,0.125,0.025,0.075,0.05,rs9625160
0.25,0.025,0.075,0.1,0.0,rs10427939
0.15,0.075,0.05,0.05,0.025,rs9620665
0.0,0.05,0.025,0.025,0.025,rs17433244
0.0,0.025,0.025,0.0,0.0,rs117586828
0.625,0.775,0.975,0.625,0.7,rs134967
0.25,0.075,0.075,0.05,0.1,rs9625168
0.05,0.025,0.025,0.025,0.025,rs77572739
0.675,0.45,0.475,0.65,0.625,rs738156
0.05,0.05,0.1,0.025,0.075,rs77570866
0.45,0.35,0.175,0.425,0.4,rs9625170
0.0,0.0,0.025,0.025,0.0,rs150479866
0.1,0.05,0.075,0.1,0.1,rs9625172
0.5,0.45,0.325,0.65,0.5,rs760523
0.0,0.0,0.0,0.025,0.0,rs2090615
0.075,0.0,0.025,0.0,0.1,rs117601748
0.0,0.0,0.0,0.0,0.0,rs17433761
0.15,0.225,0.05,0.175,0.175,rs13056281
0.0,0.0,0.0,0.025,0.0,rs9613392
0.0,0.0,0.0,0.025,0.0,rs77296339
0.0,0.0,0.025,0.0,0.0,rs147545700
0.0,0.025,0.025,0.0,0.0,rs138470901
0.025,0.3,0.175,0.275,0.275,rs8143105
0.625,0.3,0.225,0.5,0.4,rs2342401
0.0,0.0,0.025,0.025,0.0,rs117920541
0.0,0.225,0.025,0.025,0.125,rs5762023
0.0,0.025,0.0,0.0,0.0,rs117960813
0.0,0.0,0.0,0.0,0.0,rs77577528
0.975,0.65,0.45,0.825,0.675,rs559474
0.75,0.225,0.2,0.25,0.225,rs474758
0.025,0.025,0.025,0.025,0.075,rs75572116
0.3,0.05,0.0,0.05,0.0,rs570412
0.025,0.025,0.025,0.025,0.075,rs113890451
0.2,0.05,0.05,0.05,0.05,rs5997198
0.2,0.05,0.05,0.05,0.05,rs715562
0.075,0.05,0.025,0.1,0.2,rs75860721
0.15,0.025,0.0,0.0,0.0,rs75972762
0.05,0.175,0.5,0.175,0.15,rs1519221
0.025,0.025,0.0,0.1,0.0,rs117789922
0.0,0.0,0.0,0.025,0.0,rs77445257
0.55,0.275,0.625,0.225,0.325,rs498789
0.525,0.225,0.5,0.15,0.2,rs575783
0.0,0.025,0.0,0.025,0.05,rs116958332
0.0,0.0,0.0,0.0,0.025,rs13057983
0.225,0.325,0.25,0.2,0.25,rs5762042
0.175,0.225,0.025,0.3,0.05,rs9625187
0.0,0.0,0.05,0.0,0.0,rs190240198
0.475,0.4,0.425,0.4,0.225,rs566039
0.0,0.125,0.075,0.025,0.075,rs57894223
0.125,0.25,0.175,0.05,0.05,rs738488
0.0,0.0,0.0,0.025,0.025,rs134775
0.15,0.3,0.3,0.275,0.275,rs134783
0.275,0.625,0.35,0.65,0.525,rs134785
0.95,0.875,0.7,0.8,0.8,rs134788
0.1,0.325,0.1,0.05,0.025,rs73153914
0.825,0.725,0.625,0.625,0.6,rs79137
0.6,0.175,0.0,0.1,0.2,rs518350
0.025,0.025,0.0,0.0,0.025,rs116570450
0.15,0.15,0.0,0.15,0.2,rs5997206
0.0,0.025,0.0,0.0,0.025,rs6005350
0.45,0.65,0.625,0.6,0.525,rs472985
0.325,0.45,0.525,0.3,0.275,rs932299
0.65,0.425,0.475,0.45,0.35,rs5762049
0.025,0.05,0.0,0.025,0.025,rs6005353
0.55,0.6,0.7,0.575,0.525,rs134794
0.0,0.025,0.0,0.05,0.225,rs73153949
0.8,0.475,0.15,0.225,0.3,rs134810
0.55,0.025,0.0,0.025,0.0,rs9625197
0.15,0.1,0.1,0.025,0.125,rs713704
0.05,0.25,0.025,0.2,0.175,rs13058656
0.45,0.1,0.0,0.075,0.1,rs7293113
0.0,0.0,0.0,0.025,0.0,rs78471449
0.125,0.0,0.2,0.05,0.075,rs8136576
0.25,0.075,0.225,0.175,0.3,rs768784
0.0,0.0,0.0,0.0,0.025,rs117039602
0.425,0.575,0.4,0.3,0.3,rs5762059
0.0,0.1,0.0,0.15,0.15,rs11705104
0.0,0.025,0.0,0.05,0.025,rs9613417
0.925,0.4,0.65,0.5,0.65,rs79136
0.25,0.15,0.225,0.15,0.325,rs1607498
0.05,0.0,0.3,0.025,0.025,rs980078
0.0,0.025,0.0,0.0,0.1,rs150050032
0.0,0.0,0.0,0.05,0.0,rs13056654
0.0,0.05,0.0,0.05,0.0,rs77824277
0.25,0.075,0.25,0.125,0.125,rs12628937
0.4,0.4,0.325,0.275,0.475,rs545614
0.725,0.65,0.875,0.6,0.675,rs490362
0.1,0.425,0.025,0.325,0.3,rs9608600
0.2,0.075,0.125,0.2,0.175,rs8136465
0.175,0.125,0.725,0.1,0.175,rs1121442
0.9,0.575,0.975,0.675,0.7,rs849357
0.05,0.025,0.325,0.05,0.05,rs55727276
0.575,0.6,0.35,0.525,0.55,rs569626
0.15,0.225,0.025,0.15,0.35,rs7511351
0.025,0.0,0.0,0.0,0.0,rs117282515
0.275,0.35,0.35,0.375,0.225,rs5997228
0.125,0.35,0.2,0.375,0.4,rs2142619
0.375,0.175,0.3,0.025,0.2,rs5752526
0.05,0.0,0.0,0.05,0.025,rs73883143
0.0,0.0,0.0,0.0,0.0,rs147847835
0.0,0.0,0.05,0.0,0.0,rs117425765
0.0,0.05,0.0,0.025,0.0,rs117525795
0.175,0.2,0.025,0.225,0.3,rs9613438
0.0,0.05,0.1,0.025,0.075,rs76161898
0.0,0.0,0.0,0.0,0.075,rs1006433
0.225,0.3,0.125,0.475,0.15,rs9620688
0.175,0.05,0.15,0.2,0.1,rs6005413
0.4,0.4,0.175,0.375,0.65,rs6005414
0.3,0.3,0.125,0.45,0.15,rs738502
0.775,0.525,0.4,0.85,0.45,rs136923
0.175,0.175,0.25,0.425,0.3,rs136926
0.0,0.0,0.0,0.05,0.0,rs117774785
0.175,0.125,0.15,0.375,0.2,rs136927
0.5,0.075,0.0,0.05,0.0,rs60129675
0.0,0.05,0.1,0.05,0.1,rs75950407
0.0,0.0,0.0,0.0,0.0,rs78825018
0.025,0.15,0.6,0.0,0.05,rs5762111
0.0,0.0,0.0,0.0,0.0,rs117104420
0.025,0.05,0.0,0.025,0.0,rs117301803
0.55,0.525,0.6,0.4,0.475,rs12627862
0.65,0.55,0.8,0.725,0.725,rs5762112
0.15,0.025,0.525,0.125,0.15,rs5762114
0.875,0.6,0.925,0.625,0.6,rs136929
0.0,0.0,0.15,0.05,0.025,rs75418297
0.1,0.125,0.05,0.175,0.175,rs136944
0.675,0.7,0.4,0.85,0.7,rs79556
0.0,0.025,0.0,0.0,0.0,rs9625225
0.825,0.75,0.45,0.8,0.7,rs127190
0.375,0.375,0.2,0.35,0.2,rs733164
0.25,0.125,0.05,0.275,0.15,rs6005427
0.025,0.025,0.225,0.025,0.05,rs13055229
0.05,0.025,0.375,0.075,0.075,rs56035550
0.275,0.425,0.0,0.5,0.5,rs4140448
0.0,0.0,0.15,0.05,0.025,rs79106317
0.05,0.15,0.05,0.325,0.275,rs2207361
0.025,0.025,0.0,0.025,0.0,rs17448487
0.0,0.0,0.025,0.0,0.05,rs78698788
0.625,0.95,0.85,0.975,0.9,rs9306440
0.45,0.625,0.55,0.425,0.6,rs13058149
0.0,0.0,0.0,0.075,0.0,rs117653743
0.025,0.0,0.0,0.05,0.025,rs117537977
0.05,0.0,0.025,0.05,0.075,rs10222263
0.0,0.025,0.0,0.025,0.0,rs117612035
0.05,0.0,0.0,0.05,0.0,rs35050644
0.025,0.075,0.025,0.05,0.075,rs16984688
0.075,0.0,0.025,0.025,0.075,rs9620697
0.075,0.25,0.45,0.025,0.025,rs5762151
0.05,0.0,0.025,0.025,0.075,rs9620698
0.0,0.05,0.0,0.0,0.0,rs76080202
0.175,0.075,0.1,0.025,0.075,rs6005451
0.0,0.025,0.025,0.05,0.125,rs73158493
0.05,0.075,0.075,0.025,0.05,rs5752551
0.0,0.025,0.025,0.05,0.125,rs73158499
0.2,0.275,0.475,0.025,0.05,rs5752554
0.175,0.0,0.025,0.025,0.1,rs16986845
0.0,0.1,0.075,0.0,0.0,rs16984797
0.0,0.1,0.075,0.0,0.0,rs79602328
0.25,0.375,0.2,0.5,0.475,rs5762182
0.3,0.3,0.375,0.35,0.375,rs12484788
0.475,0.325,0.425,0.1,0.15,rs1884132
0.375,0.45,0.25,0.4,0.425,rs11913002
0.275,0.225,0.525,0.05,0.2,rs2092741
0.025,0.1,0.0,0.25,0.175,rs55970456
0.275,0.225,0.1,0.55,0.35,rs926833
0.175,0.0,0.05,0.05,0.175,rs5762209
0.35,0.15,0.625,0.1,0.275,rs6005480
0.1,0.3,0.1,0.4,0.25,rs17465171
0.475,0.75,0.875,0.8,0.775,rs5762213
0.175,0.025,0.575,0.05,0.15,rs4820763
0.125,0.35,0.0,0.375,0.4,rs738566
0.5,0.6,0.1,0.65,0.5,rs738565
0.125,0.4,0.075,0.35,0.35,rs7284384
0.375,0.225,0.725,0.175,0.475,rs742942
0.15,0.15,0.075,0.3,0.15,rs8141487
0.225,0.075,0.625,0.075,0.25,rs737384
0.125,0.325,0.025,0.35,0.35,rs4419326
0.025,0.15,0.1,0.15,0.025,rs16984925
0.0,0.05,0.025,0.025,0.075,rs62236568
0.225,0.175,0.075,0.3,0.15,rs8136304
0.15,0.1,0.1,0.075,0.15,rs9620701
0.2,0.225,0.125,0.275,0.2,rs61376987
0.075,0.05,0.05,0.025,0.075,rs6005498
0.15,0.25,0.05,0.375,0.375,rs8140407
0.0,0.025,0.0,0.0,0.025,rs75292981
0.05,0.075,0.1,0.1,0.125,rs9625255
0.05,0.075,0.1,0.1,0.1,rs16984937
0.55,0.65,0.875,0.375,0.45,rs5762235
0.1,0.225,0.025,0.375,0.35,rs28499569
0.75,0.5,0.35,0.725,0.5,rs137147
0.225,0.05,0.05,0.15,0.125,rs5762239
0.175,0.2,0.025,0.025,0.0,rs926936
0.45,0.3,0.325,0.325,0.225,rs6005503
0.0,0.0,0.15,0.025,0.025,rs6005504
0.05,0.15,0.05,0.0,0.0,rs743262
0.0,0.05,0.5,0.0,0.15,rs16985013
0.0,0.0,0.0,0.025,0.025,rs11703793
0.325,0.375,0.75,0.3,0.475,rs910545
0.175,0.0,0.2,0.075,0.175,rs8137926
0.4,0.25,0.2,0.2,0.25,rs4822907
0.8,0.425,0.55,0.525,0.675,rs4822908
0.025,0.075,0.0,0.0,0.0,rs116950499
0.025,0.075,0.025,0.15,0.15,rs960613
0.45,0.35,0.5,0.45,0.475,rs881459
0.2,0.0,0.2,0.075,0.175,rs34957067
0.45,0.25,0.475,0.325,0.5,rs5762255
0.0,0.125,0.025,0.025,0.025,rs4822913
0.0,0.15,0.025,0.05,0.0,rs5762258
0.95,0.85,0.975,0.9,0.775,rs762064
0.075,0.025,0.075,0.15,0.075,rs9625275
0.075,0.175,0.075,0.1,0.15,rs12483847
0.275,0.3,0.15,0.15,0.2,rs7287557
0.1,0.1,0.25,0.225,0.15,rs12169489
0.4,0.175,0.475,0.25,0.325,rs9613476
0.075,0.075,0.1,0.025,0.0,rs12485080
0.075,0.05,0.15,0.15,0.175,rs735848
0.575,0.275,0.325,0.3,0.25,rs9613481
0.425,0.45,0.625,0.125,0.275,rs9613483
0.275,0.175,0.175,0.2,0.1,rs9613492
0.0,0.15,0.0,0.25,0.1,rs9608633
0.325,0.35,0.3,0.475,0.55,rs133980
0.0,0.05,0.075,0.0,0.1,rs117623535
0.025,0.05,0.05,0.0,0.05,rs2343414
0.2,0.15,0.2,0.1,0.075,rs16985179
0.1,0.25,0.3,0.175,0.1,rs133999
0.0,0.0,0.1,0.125,0.075,rs16986928
0.0,0.075,0.025,0.0,0.1,rs117683266
0.0,0.0,0.0,0.025,0.0,rs116954745
0.025,0.075,0.05,0.0,0.075,rs16985255
0.0,0.0,0.0,0.025,0.05,rs55926944
0.825,0.65,0.9,0.375,0.425,rs134029
0.25,0.15,0.25,0.25,0.0,rs9613504
0.325,0.175,0.3,0.0,0.125,rs134032
0.075,0.025,0.0,0.075,0.0,rs141371196
0.0,0.0,0.075,0.0,0.0,rs5752606
0.0,0.05,0.05,0.0,0.025,rs181048202
0.125,0.225,0.2,0.3,0.2,rs9620716
0.0,0.0,0.0,0.0,0.0,rs186577414
0.15,0.025,0.0,0.0,0.05,rs134071
0.35,0.35,0.3,0.275,0.2,rs134083
0.025,0.075,0.05,0.0,0.025,rs73162382
0.025,0.075,0.05,0.0,0.025,rs73162383
0.125,0.15,0.15,0.275,0.15,rs134099
0.05,0.025,0.0,0.0,0.0,rs17384972
0.45,0.2,0.3,0.25,0.125,rs715559
0.025,0.025,0.0,0.0,0.0,rs77548571
0.2,0.25,0.2,0.3,0.125,rs134116
0.0,0.0,0.0,0.0,0.0,rs75232099
0.4,0.225,0.2,0.325,0.2,rs134128
0.05,0.125,0.175,0.025,0.075,rs79849446
0.7,0.325,0.45,0.425,0.825,rs1885364
0.025,0.025,0.0,0.0,0.0,rs77250638
0.225,0.075,0.375,0.025,0.125,rs5762321
0.0,0.025,0.0,0.0,0.025,rs73164414
0.0,0.0,0.0,0.0,0.0,rs142250799
0.0,0.1,0.0,0.275,0.425,rs9608643
0.45,0.1,0.375,0.025,0.1,rs5762324
0.05,0.2,0.175,0.45,0.45,rs1885363
0.0,0.225,0.15,0.35,0.125,rs4820773
1.0,0.75,0.9,0.95,0.925,rs1569950
0.35,0.25,0.725,0.4,0.25,rs11090507
0.0,0.075,0.0,0.05,0.0,rs117884976
0.0,0.1,0.275,0.4,0.125,rs9625309
0.025,0.0,0.0,0.025,0.1,rs77028169
0.0,0.025,0.0,0.075,0.0,rs80220843
0.025,0.175,0.075,0.125,0.0,rs73164445
0.25,0.225,0.075,0.15,0.0,rs73164449
0.0,0.0,0.125,0.2,0.025,rs78422325
0.925,0.525,0.8,0.575,0.325,rs134131
0.0,0.0,0.0,0.025,0.0,rs9620727
0.0,0.025,0.0,0.0,0.0,rs62235597
0.0,0.0,0.0,0.1,0.0,rs112702714
0.1,0.0,0.125,0.2,0.0,rs76237353
0.55,0.7,0.75,0.725,0.675,rs5752628
0.6,0.7,0.75,0.725,0.7,rs5752629
0.375,0.225,0.175,0.325,0.1,rs6005605
0.0,0.025,0.0,0.075,0.0,rs41277849
0.0,0.1,0.0,0.05,0.0,rs41277851
0.0,0.0,0.1,0.0,0.025,rs45583937
0.0,0.025,0.225,0.025,0.0,rs12233370
0.325,0.05,0.075,0.2,0.175,rs45603340
0.125,0.175,0.05,0.075,0.0,rs7289065
0.5,0.2,0.425,0.05,0.225,rs2267107
0.025,0.15,0.225,0.25,0.125,rs2106150
0.0,0.05,0.125,0.1,0.025,rs2267113
0.95,0.625,0.825,0.6,0.575,rs3819658
0.025,0.0,0.0,0.0,0.0,rs74851938
0.7,0.15,0.375,0.125,0.125,rs4820777
0.2,0.075,0.05,0.025,0.075,rs8142823
0.275,0.45,0.425,0.425,0.25,rs2073780
0.0,0.025,0.0,0.0,0.0,rs45512704
0.025,0.025,0.025,0.0,0.075,rs424345
0.025,0.0,0.0,0.025,0.025,rs45443199
0.0,0.1,0.15,0.325,0.225,rs12166473
0.025,0.025,0.025,0.025,0.05,rs13055370
0.65,0.25,0.525,0.225,0.275,rs10719007
0.125,0.1,0.0,0.125,0.075,rs45571543
0.0,0.0,0.0,0.0,0.0,rs45589739
0.0,0.0,0.0,0.0,0.0,rs201879268
0.0,0.0,0.0,0.0,0.0,rs200805240
0.0,0.0,0.0,0.0,0.0,rs200030766
0.475,0.025,0.0,0.0,0.025,rs8136754
0.05,0.175,0.025,0.1,0.0,rs11704207
0.0,0.0,0.0,0.05,0.0,rs117447690
0.2,0.15,0.125,0.175,0.4,rs5997320
0.0,0.0,0.0,0.025,0.0,rs118096969
0.275,0.25,0.175,0.125,0.15,rs1016495
0.0,0.0,0.025,0.1,0.0,rs2267126
0.075,0.025,0.125,0.1,0.25,rs2143180
0.0,0.025,0.0,0.025,0.0,rs35866626
0.0,0.05,0.0,0.0,0.05,rs17480971
0.0,0.0,0.0,0.0,0.0,rs148783356
0.0,0.05,0.0,0.125,0.025,rs79830144
0.0,0.0,0.0,0.025,0.025,rs117718780
0.0,0.0,0.0,0.0,0.0,rs73166759
0.0,0.0,0.025,0.1,0.0,rs113221608
0.125,0.15,0.025,0.125,0.225,rs7292859
0.175,0.4,0.375,0.225,0.325,rs470097
0.0,0.0,0.075,0.0,0.0,rs2294819
0.0,0.0,0.0,0.05,0.0,rs41277943
0.25,0.2,0.325,0.075,0.225,rs5762430
0.0,0.05,0.0,0.0,0.05,rs17482652
0.0,0.05,0.0,0.0,0.05,rs75173815
0.0,0.0,0.0,0.0,0.0,rs7286215
0.0,0.025,0.0,0.05,0.075,rs35098100
0.0,0.05,0.0,0.125,0.025,rs16985903
0.1,0.0,0.0,0.05,0.05,rs6005697
0.0,0.05,0.0,0.0,0.05,rs17483998
0.0,0.025,0.0,0.0,0.0,rs73166782
0.0,0.0,0.0,0.0,0.0,rs187049338
0.05,0.15,0.025,0.125,0.25,rs73880377
0.075,0.15,0.275,0.05,0.075,rs79037983
0.0,0.025,0.0,0.05,0.0,rs117058256
0.0,0.025,0.0,0.05,0.025,rs118067492
0.0,0.025,0.0,0.025,0.0,rs74595558
0.025,0.0,0.0,0.025,0.0,rs74604668
0.0,0.0,0.0,0.0,0.0,rs77885044
0.025,0.05,0.0,0.075,0.0,rs73166793
0.0,0.0,0.0,0.0,0.0,rs5752698
0.0,0.025,0.0,0.075,0.0,rs17407481
0.025,0.05,0.125,0.025,0.1,rs2064360
0.0,0.0,0.05,0.0,0.0,rs117963967
0.1,0.025,0.15,0.1,0.25,rs5762497
0.0,0.0,0.025,0.1,0.0,rs117267414
0.975,0.825,0.875,0.875,0.875,rs5762511
0.325,0.25,0.3,0.375,0.125,rs7284814
0.0,0.0,0.0,0.05,0.0,rs117436126
0.0,0.0,0.0,0.0,0.0,rs191767899
0.0,0.0,0.025,0.0,0.0,rs149588501
0.1,0.1,0.125,0.05,0.05,rs34637076
0.375,0.425,0.4,0.475,0.55,rs134178
0.0,0.0,0.0,0.025,0.025,rs9613584
0.0,0.0,0.0,0.025,0.0,rs117786444
0.0,0.0,0.0,0.05,0.0,rs76453822
0.0,0.0,0.075,0.0,0.0,rs145343116
0.025,0.275,0.275,0.125,0.25,rs5762549
0.575,0.075,0.0,0.075,0.175,rs6005757
0.0,0.0,0.0,0.0,0.0,rs182490741
0.0,0.0,0.0,0.0,0.0,rs117963935
0.0,0.0,0.0,0.0,0.025,rs75552099
0.0,0.0,0.0,0.025,0.0,rs9613597
0.0,0.0,0.0,0.0,0.0,rs149998818
0.0,0.0,0.0,0.025,0.0,rs35313550
0.7,0.4,0.45,0.475,0.3,rs134529
0.125,0.025,0.0,0.05,0.075,rs5997363
0.0,0.0,0.05,0.0,0.0,rs142275913
0.0,0.025,0.0,0.025,0.025,rs13054496
0.025,0.0,0.0,0.0,0.025,rs117075190
0.0,0.0,0.025,0.0,0.0,rs147921360
0.05,0.025,0.0,0.0,0.05,rs16986438
0.0,0.0,0.05,0.0,0.0,rs142210069
0.0,0.0,0.0,0.05,0.0,rs117010837
0.1,0.025,0.0,0.025,0.025,rs35286648
0.0,0.0,0.0,0.05,0.0,rs117166491
0.5,0.4,0.45,0.5,0.65,rs695318
0.0,0.15,0.125,0.05,0.05,rs74720230
0.025,0.0,0.0,0.0,0.0,rs7290977
0.025,0.025,0.0,0.075,0.0,rs73168191
0.0,0.1,0.1,0.0,0.0,rs117790963
0.325,0.35,0.425,0.45,0.575,rs695709
0.0,0.0,0.0,0.025,0.0,rs118074551
0.125,0.05,0.0,0.1,0.1,rs9620804
0.8,0.9,0.85,0.9,0.8,rs2144922
0.0,0.025,0.1,0.0,0.0,rs140819105
0.025,0.025,0.0,0.025,0.025,rs13056776
0.0,0.15,0.125,0.05,0.05,rs16986544
0.0,0.0,0.0,0.025,0.0,rs75873242
0.0,0.0,0.0,0.025,0.1,rs111623460
0.0,0.0,0.0,0.0,0.0,rs193015570
0.0,0.0,0.05,0.0,0.0,rs137881549
0.0,0.025,0.0,0.075,0.0,rs77884683
0.0,0.0,0.0,0.025,0.0,rs117577667
0.0,0.0,0.05,0.0,0.0,rs150764826
0.175,0.075,0.0,0.1,0.15,rs73881117
0.0,0.025,0.0,0.0,0.0,rs564605612
0.025,0.0,0.0,0.0,0.0,rs17886163
0.0,0.0,0.0,0.0,0.0,rs200050883
0.0,0.0,0.0,0.0,0.0,rs531398630
0.5,0.7,0.85,0.6,0.8,rs1547014
0.075,0.05,0.025,0.05,0.075,rs111724290
0.325,0.6,0.75,0.5,0.725,rs5762757
0.075,0.05,0.025,0.05,0.05,rs2073326
0.275,0.3,0.3,0.125,0.25,rs1884816
0.0,0.0,0.0,0.0,0.0,rs140551986
0.0,0.0,0.0,0.0,0.0,rs545982789
0.075,0.05,0.025,0.05,0.05,rs16986640
0.05,0.025,0.0,0.0,0.05,rs17882704
0.4,0.275,0.15,0.4,0.2,rs4822983
0.0,0.0,0.0,0.0,0.0,rs200451612
0.0,0.0,0.0,0.0,0.0,rs575910805
0.0,0.0,0.0,0.0,0.0,rs17879961
0.0,0.025,0.0,0.0,0.0,rs121908700
0.575,0.7,0.825,0.625,0.8,rs738722
0.3,0.275,0.175,0.375,0.2,rs1033667
0.0,0.0,0.0,0.0,0.0,rs17883862
0.0,0.0,0.075,0.0,0.0,rs116925750
0.1,0.225,0.375,0.35,0.325,rs5762764
0.075,0.125,0.05,0.075,0.075,rs5997389
0.0,0.0,0.0,0.0,0.0,rs141310810
0.075,0.1,0.075,0.025,0.05,rs6005861
0.55,0.475,0.85,0.3,0.675,rs6005863
0.2,0.15,0.175,0.1,0.225,rs6005868
0.575,0.35,0.7,0.175,0.55,rs5762788
0.0,0.0,0.0,0.0,0.0,rs77099742
0.05,0.075,0.025,0.025,0.05,rs56119508
0.625,0.375,0.7,0.225,0.55,rs2239815
0.575,0.35,0.7,0.2,0.55,rs2269577
0.0,0.0,0.0,0.0,0.0,rs149608812
0.25,0.15,0.125,0.0,0.05,rs6005893
0.075,0.025,0.1,0.0,0.1,rs59025667
0.25,0.15,0.125,0.0,0.05,rs6005907
0.0,0.0,0.0,0.05,0.0,rs75568974
0.075,0.025,0.1,0.0,0.1,rs116079686
0.0,0.025,0.0,0.075,0.0,rs76205571
0.075,0.025,0.0,0.0,0.05,rs74542537
0.0,0.05,0.0,0.0,0.0,rs62235754
0.3,0.15,0.5,0.125,0.375,rs5762879
0.0,0.05,0.0,0.0,0.0,rs62235757
0.025,0.125,0.5,0.1,0.25,rs16986825
0.6,0.9,0.975,0.925,0.9,rs132541
0.0,0.0,0.0,0.025,0.0,rs17517292
0.15,0.1,0.075,0.025,0.1,rs5762912
0.0,0.0,0.0,0.025,0.0,rs13056576
0.0,0.0,0.025,0.0,0.0,rs117898841
0.2,0.075,0.15,0.025,0.075,rs5762930
0.175,0.075,0.2,0.0,0.125,rs4823000
0.275,0.025,0.025,0.025,0.125,rs12628368
0.4,0.525,0.6,0.575,0.6,rs5762942
0.125,0.05,0.2,0.0,0.1,rs5752851
0.15,0.025,0.0,0.025,0.1,rs76590496
0.1,0.025,0.0,0.0,0.0,rs115134039
0.4,0.175,0.075,0.1,0.075,rs9613774
0.35,0.425,0.25,0.5,0.25,rs9613777
0.1,0.025,0.0,0.0,0.0,rs8137391
0.15,0.025,0.0,0.025,0.05,rs73882433
0.0,0.0,0.0,0.025,0.075,rs76891380
0.15,0.05,0.125,0.0,0.05,rs73882442
0.075,0.35,0.4,0.45,0.525,rs2294239
0.0,0.0,0.0,0.025,0.0,rs62236881
0.175,0.4,0.525,0.45,0.625,rs4823006
0.475,0.525,0.575,0.575,0.7,rs3178915
0.1,0.175,0.075,0.025,0.075,rs9625679
0.45,0.475,0.4,0.775,0.7,rs6005977
0.0,0.0,0.0,0.025,0.0,rs41281609
0.0,0.0,0.0,0.0,0.0,rs186685575
0.475,0.3,0.025,0.525,0.225,rs134566
0.55,0.45,0.425,0.6,0.65,rs20037
0.075,0.15,0.4,0.05,0.35,rs5762981
0.0,0.025,0.0,0.0,0.0,rs73154228
0.15,0.175,0.35,0.05,0.075,rs5752865
0.0,0.0,0.0,0.05,0.025,rs1540900
0.15,0.1,0.05,0.05,0.0,rs10483154
0.0,0.0,0.05,0.0,0.0,rs147916432
0.15,0.125,0.125,0.05,0.0,rs12628787
0.0,0.025,0.0,0.0,0.0,rs73154236
0.0,0.0,0.0,0.0,0.0,rs17443950
0.0,0.025,0.0,0.025,0.0,rs117923199
0.75,0.8,0.925,0.7,0.75,rs132268
0.0,0.0,0.0,0.025,0.0,rs79246010
0.2,0.625,0.825,0.525,0.6,rs132274
0.0,0.0,0.0,0.025,0.0,rs56062615
0.0,0.0,0.275,0.0,0.125,rs5763001
0.0,0.0,0.05,0.0,0.0,rs141981905
0.2,0.05,0.0,0.25,0.15,rs713728
0.075,0.15,0.0,0.0,0.0,rs78460344
0.1,0.175,0.0,0.3,0.075,rs3884934
0.2,0.125,0.25,0.275,0.325,rs730517
0.0,0.025,0.0,0.025,0.0,rs116967489
0.2,0.075,0.125,0.275,0.175,rs17451544
0.85,0.775,1.0,0.85,0.925,rs132304
0.975,0.9,0.85,0.975,0.65,rs132314
0.6,0.75,0.675,0.8,0.625,rs5997452
0.875,0.925,0.775,0.975,0.65,rs132343
0.0,0.0,0.025,0.0,0.0,rs143117316
0.2,0.15,0.1,0.025,0.0,rs60307207
0.925,0.875,0.9,0.925,0.6,rs132358
0.0,0.0,0.0,0.05,0.0,rs113501992
0.075,0.0,0.0,0.0,0.0,rs13055209
0.475,0.775,0.75,0.95,0.55,rs132369
0.975,0.925,0.9,0.975,0.625,rs132370
0.125,0.0,0.1,0.025,0.0,rs12628475
0.0,0.0,0.025,0.0,0.0,rs375210858
0.925,1.0,1.0,0.975,0.95,rs132390
0.775,0.6,0.45,0.8,0.3,rs713992
0.0,0.0,0.0,0.05,0.0,rs78858203
0.0,0.025,0.0,0.0,0.025,rs76176511
0.2,0.075,0.25,0.125,0.05,rs3950176
0.675,0.975,0.975,0.85,0.9,rs713886
0.0,0.0,0.0,0.025,0.0,rs79704889
0.2,0.075,0.25,0.125,0.05,rs6006075
0.0,0.0,0.0,0.05,0.0,rs117971927
0.0,0.0,0.0,0.0,0.0,rs533015021
0.575,0.475,0.075,0.45,0.15,rs2744465
0.0,0.0,0.0,0.0,0.0,rs138870856
0.0,0.0,0.025,0.075,0.025,rs141666277
0.0,0.0,0.0,0.0,0.0,rs117950019
0.0,0.0,0.0,0.025,0.0,rs11703595
0.0,0.0,0.0,0.0,0.025,rs117497222
0.05,0.2,0.075,0.15,0.075,rs2518683
0.0,0.0,0.0,0.0,0.0,rs117002986
0.075,0.0,0.0,0.025,0.025,rs58026214
0.15,0.1,0.25,0.15,0.05,rs13056977
0.0,0.0,0.0,0.025,0.0,rs78492681
0.125,0.1,0.25,0.15,0.025,rs5763140
0.0,0.0,0.0,0.0,0.0,rs117172507
0.0,0.025,0.0,0.075,0.0,rs117242792
0.0,0.0,0.05,0.0,0.0,rs148296192
0.0,0.0,0.0,0.025,0.0,rs11702983
0.15,0.2,0.05,0.25,0.1,rs8140836
0.025,0.0,0.0,0.0,0.0,rs118082661
0.95,0.5,0.725,0.65,0.625,rs174775
0.075,0.125,0.025,0.225,0.075,rs8141229
0.375,0.3,0.575,0.275,0.55,rs2283857
0.025,0.025,0.05,0.025,0.0,rs71329479
0.875,0.5,0.85,0.625,0.55,rs2018515
0.0,0.0,0.0,0.025,0.0,rs117876558
0.5,0.15,0.475,0.025,0.2,rs6006148
0.075,0.0,0.0,0.0,0.0,rs16987628
0.175,0.075,0.025,0.225,0.05,rs13054354
0.925,0.975,1.0,0.85,0.8,rs4823038
0.075,0.0,0.275,0.025,0.175,rs8135208
0.25,0.075,0.025,0.225,0.025,rs13053817
0.025,0.025,0.0,0.025,0.0,rs17523060
0.0,0.0,0.0,0.0,0.0,rs11703287
0.0,0.0,0.0,0.025,0.0,rs9608772
0.05,0.425,0.125,0.35,0.425,rs7289240
0.025,0.05,0.0,0.15,0.225,rs165649
0.225,0.075,0.0,0.075,0.05,rs57986874
0.475,0.3,0.525,0.4,0.125,rs4333024
0.4,0.275,0.325,0.225,0.225,rs5763275
0.0,0.0,0.0,0.0,0.0,rs73156595
0.1,0.05,0.275,0.0,0.125,rs5763284
0.1,0.2,0.05,0.225,0.1,rs5752933
0.15,0.175,0.25,0.2,0.15,rs2283859
0.45,0.675,0.875,0.525,0.75,rs4823044
0.3,0.175,0.325,0.1,0.125,rs56066153
0.025,0.15,0.0,0.05,0.05,rs9625826
0.1,0.025,0.025,0.025,0.0,rs74916285
0.175,0.175,0.1,0.35,0.0,rs1058642
0.1,0.025,0.025,0.075,0.0,rs76637042
0.0,0.0,0.0,0.0,0.0,rs146079589
0.1,0.025,0.025,0.075,0.0,rs71640299
0.05,0.125,0.05,0.2,0.0,rs9613972
0.0,0.0,0.0,0.0,0.0,rs9620910
0.0,0.0,0.025,0.0,0.0,rs200701337
0.75,0.525,0.675,0.725,0.5,rs2245194
0.0,0.0,0.025,0.0,0.0,rs149129654
0.0,0.0,0.025,0.0,0.0,rs117296787
0.0,0.0,0.0,0.0,0.0,rs147511432
0.175,0.3,0.325,0.375,0.1,rs7291645
0.0,0.0,0.0,0.025,0.05,rs117089825
0.0,0.025,0.0,0.05,0.025,rs41278851
0.0,0.0,0.2,0.0,0.075,rs12628506
0.0,0.0,0.0,0.0,0.0,rs186809522
0.55,0.25,0.375,0.25,0.6,rs9614037
0.45,0.125,0.05,0.075,0.125,rs34347404
0.025,0.1,0.0,0.075,0.05,rs2232903
0.0,0.0,0.0,0.0,0.0,rs139672836
0.0,0.025,0.0,0.0,0.0,rs17554391
0.95,0.575,0.8,0.8,0.75,rs131278
0.4,0.15,0.125,0.1,0.05,rs12158466
0.0,0.0,0.0,0.0,0.0,rs118125772
0.0,0.0,0.025,0.0,0.0,rs144485678
0.0,0.1,0.125,0.05,0.0,rs61736786
0.0,0.0,0.0,0.0,0.0,rs9620923
0.025,0.075,0.15,0.05,0.125,rs4823054
0.15,0.025,0.0,0.1,0.025,rs28265
0.0,0.0,0.0,0.05,0.0,rs2057881
0.0,0.0,0.0,0.0,0.0,rs149440596
0.025,0.125,0.125,0.075,0.05,rs17711508
0.075,0.025,0.0,0.1,0.025,rs11549795
0.1,0.0,0.275,0.0,0.1,rs1894473
0.4,0.15,0.125,0.1,0.05,rs7285800
0.025,0.025,0.0,0.025,0.05,rs112670477
0.45,0.125,0.125,0.025,0.15,rs4820821
0.0,0.0,0.05,0.0,0.0,rs183632535
0.95,0.8,0.925,0.7,1.0,rs58768673
0.025,0.025,0.025,0.125,0.075,rs77356598
0.1,0.05,0.125,0.025,0.15,rs5763604
0.0,0.0,0.0,0.0,0.0,rs9625885
0.0,0.025,0.0,0.05,0.0,rs117423591
0.0,0.05,0.025,0.0,0.0,rs144881126
0.0,0.0,0.125,0.0,0.0,rs117760358
0.9,0.6,0.85,0.775,0.75,rs36600
0.0,0.0,0.05,0.0,0.0,rs143744585
0.0,0.025,0.0,0.075,0.0,rs118142954
0.0,0.0,0.025,0.0,0.0,rs141687939
0.0,0.0,0.0,0.0,0.0,rs143499849
0.0,0.025,0.025,0.0,0.025,rs73162767
0.0,0.025,0.0,0.0,0.025,rs79875810
0.0,0.0,0.025,0.0,0.0,rs117528977
0.0,0.05,0.125,0.025,0.15,rs5763662
0.5,0.25,0.025,0.075,0.15,rs73398656
0.1,0.475,0.35,0.225,0.275,rs41162
0.0,0.0,0.025,0.0,0.0,rs180750661
0.025,0.175,0.0,0.025,0.05,rs41163
0.0,0.0,0.0,0.05,0.0,rs61737780
0.075,0.025,0.0,0.1,0.025,rs41278853
0.9,0.825,0.65,0.65,0.825,rs41170
0.25,0.125,0.225,0.025,0.05,rs2285645
0.0,0.0,0.025,0.0,0.0,rs117875018
0.85,0.75,0.525,0.65,0.825,rs41176
0.0,0.0,0.0,0.0,0.0,rs145032034
0.125,0.425,0.075,0.325,0.25,rs41178
0.25,0.05,0.175,0.025,0.15,rs2010916
0.0,0.0,0.0,0.0,0.0,rs78989133
0.0,0.0,0.05,0.0,0.0,rs139787793
0.025,0.175,0.0,0.025,0.05,rs117920337
0.25,0.05,0.175,0.025,0.15,rs757026
0.825,0.7,0.425,0.5,0.5,rs2412970
0.0,0.0,0.0,0.05,0.0,rs34150968
0.825,0.7,0.425,0.5,0.5,rs2412971
0.0,0.0,0.0,0.0,0.0,rs185154372
0.825,0.7,0.425,0.5,0.5,rs2412973
0.7,0.525,0.525,0.35,0.5,rs1468177
0.0,0.025,0.0,0.025,0.0,rs117977244
0.125,0.175,0.175,0.125,0.125,rs11090600
0.15,0.25,0.475,0.375,0.175,rs5753037
0.0,0.025,0.0,0.0,0.0,rs73164754
0.35,0.325,0.575,0.525,0.475,rs713875
0.0,0.025,0.075,0.0,0.025,rs16988381
0.125,0.325,0.275,0.25,0.4,rs9614157
0.0,0.075,0.175,0.0,0.075,rs77464740
0.125,0.325,0.0,0.3,0.125,rs9614164
0.075,0.025,0.15,0.0,0.0,rs73881408
0.325,0.425,0.1,0.45,0.175,rs9606702
0.0,0.025,0.0,0.0,0.05,rs117382002
0.2,0.125,0.0,0.125,0.15,rs8135148
0.25,0.475,0.45,0.4,0.325,rs9606703
0.0,0.0,0.0,0.0,0.0,rs143112602
0.0,0.0,0.025,0.0,0.0,rs144317390
0.175,0.1,0.0,0.125,0.1,rs8136774
0.05,0.35,0.1,0.275,0.025,rs737921
0.0,0.0,0.075,0.0,0.025,rs41282467
0.0,0.0,0.0,0.0,0.0,rs78239728
0.225,0.25,0.0,0.225,0.075,rs75292940
0.225,0.05,0.375,0.15,0.225,rs7289095
0.975,0.725,0.725,0.625,0.8,rs1476576
0.15,0.025,0.225,0.1,0.2,rs877549
0.0,0.025,0.275,0.0,0.0,rs4473498
0.975,0.8,0.9,0.825,0.875,rs2108093
0.975,0.8,0.9,0.825,0.875,rs1043099
0.0,0.05,0.025,0.0,0.025,rs9608865
0.825,0.7,0.65,0.6,0.65,rs2097919
0.0,0.0,0.05,0.025,0.0,rs117873737
0.0,0.0,0.0,0.025,0.0,rs73168603
0.0,0.0,0.0,0.025,0.0,rs78364627
0.0,0.0,0.0,0.025,0.0,rs76345075
0.975,0.8,0.9,0.825,0.875,rs2041199
0.0,0.0,0.0,0.0,0.0,rs5753081
0.0,0.0,0.075,0.025,0.0,rs117237368
0.0,0.0,0.0,0.0,0.0,rs146589352
0.0,0.0,0.0,0.0,0.0,rs376401060
0.025,0.05,0.0,0.025,0.0,rs9606721
0.025,0.05,0.025,0.0,0.025,rs41281643
0.0,0.0,0.025,0.0,0.0,rs117593119
0.15,0.075,0.25,0.15,0.15,rs1002189
0.0,0.0,0.0,0.0,0.0,rs117900841
0.0,0.0,0.025,0.0,0.0,rs117174875
0.125,0.25,0.2,0.1,0.375,rs5997637
0.0,0.025,0.0,0.0,0.025,rs9606726
0.0,0.05,0.075,0.05,0.0,rs116910366
0.725,0.6,0.775,0.575,0.725,rs1009337
0.775,0.425,0.5,0.525,0.45,rs5753137
0.0,0.0,0.0,0.05,0.0,rs117518660
0.0,0.0,0.0,0.025,0.0,rs116966156
0.8,0.6,0.775,0.6,0.625,rs4820848
0.0,0.0,0.0,0.025,0.0,rs75330889
0.0,0.0,0.0,0.0,0.0,rs370496037
0.025,0.025,0.1,0.075,0.15,rs9608930
0.2,0.175,0.3,0.325,0.125,rs5753158
0.0,0.075,0.075,0.05,0.0,rs35764129
0.0,0.025,0.0,0.05,0.025,rs115278158
0.0,0.025,0.0,0.05,0.025,rs114438349
0.0,0.0,0.0,0.0,0.0,rs200561897
0.15,0.025,0.0,0.025,0.05,rs58845493
0.0,0.025,0.075,0.05,0.1,rs11705494
0.0,0.0,0.0,0.025,0.05,rs1124827
0.0,0.0,0.0,0.0,0.0,rs76073588
0.0,0.0,0.0,0.0,0.025,rs73168672
0.0,0.0,0.0,0.0,0.0,rs180764075
0.0,0.025,0.0,0.0,0.0,rs77679347
0.0,0.05,0.025,0.05,0.175,rs933339
0.0,0.0,0.0,0.0,0.025,rs117039473
0.0,0.0,0.05,0.0,0.0,rs138616506
0.0,0.1,0.0,0.0,0.0,rs75426385
0.35,0.2,0.225,0.375,0.325,rs4820864
0.0,0.025,0.025,0.075,0.025,rs118116676
0.45,0.5,0.25,0.55,0.5,rs6518702
0.0,0.0,0.0,0.0,0.0,rs139452633
0.0,0.0,0.0,0.0,0.0,rs200288264
0.0,0.025,0.0,0.075,0.025,rs55674628
0.3,0.2,0.3,0.325,0.3,rs2267161
0.025,0.025,0.15,0.0,0.05,rs12628608
0.25,0.05,0.275,0.0,0.025,rs4149488
0.0,0.0,0.0,0.05,0.0,rs117490731
0.0,0.0,0.0,0.0,0.0,rs139398770
0.0,0.0,0.0,0.05,0.0,rs117156758
0.0,0.0,0.0,0.075,0.0,rs35157781
0.0,0.0,0.0,0.0,0.0,rs143927047
0.15,0.15,0.225,0.025,0.025,rs34123894
0.0,0.0,0.0,0.075,0.05,rs79483185
0.0,0.05,0.125,0.025,0.075,rs7364237
0.75,0.9,0.725,0.85,0.825,rs4820018
0.25,0.35,0.2,0.45,0.4,rs13053923
0.225,0.1,0.025,0.1,0.15,rs11912615
0.05,0.05,0.0,0.0,0.0,rs9621039
0.05,0.05,0.0,0.05,0.025,rs7285863
0.0,0.0,0.0,0.025,0.0,rs116997758
0.125,0.125,0.025,0.075,0.075,rs16988828
0.2,0.1,0.025,0.1,0.15,rs9606756
0.0,0.0,0.0,0.0,0.0,rs116605132
0.0,0.0,0.025,0.0,0.0,rs35915865
0.0,0.0,0.0,0.0,0.0,rs200771616
0.35,0.175,0.2,0.075,0.0,rs73396379
0.0,0.0,0.025,0.0,0.0,rs200303429
0.0,0.0,0.025,0.0,0.0,rs142791153
0.0,0.0,0.0,0.0,0.0,rs201925682
0.225,0.25,0.125,0.45,0.35,rs5749135
0.3,0.175,0.2,0.075,0.0,rs2283873
0.0,0.0,0.05,0.0,0.0,rs117458738
0.0,0.025,0.0,0.175,0.05,rs1131603
0.125,0.075,0.025,0.0,0.025,rs4820889
0.375,0.225,0.225,0.075,0.0,rs9306264
0.225,0.05,0.0,0.025,0.0,rs8136373
0.0,0.0,0.0,0.05,0.0,rs55846646
0.925,0.625,0.375,0.575,0.45,rs5994328
0.0,0.0,0.025,0.05,0.05,rs9609033
0.0,0.0,0.05,0.0,0.0,rs143293308
0.0,0.0,0.1,0.0,0.0,rs144801484
0.0,0.0,0.0,0.0,0.0,rs117841102
0.6,0.35,0.05,0.625,0.325,rs2007846
0.0,0.075,0.05,0.05,0.05,rs9606764
0.0,0.0,0.0,0.0,0.0,rs74279010
0.0,0.0,0.0,0.025,0.0,rs117690957
0.7,0.5,0.575,0.7,0.725,rs6518711
0.0,0.0,0.0,0.0,0.0,rs117053403
0.0,0.0,0.0,0.0,0.025,rs79856312
0.05,0.25,0.05,0.3,0.075,rs9609057
0.075,0.05,0.025,0.0,0.075,rs11089471
0.0,0.0,0.0,0.025,0.0,rs9606769
0.675,0.875,0.975,0.85,0.85,rs136369
0.0,0.0,0.0,0.0,0.0,rs73154638
0.45,0.525,0.525,0.775,0.4,rs926340
0.15,0.2,0.375,0.375,0.175,rs5753303
0.0,0.025,0.0,0.0,0.0,rs116877820
0.15,0.225,0.15,0.075,0.075,rs9609077
0.05,0.025,0.0,0.025,0.0,rs79208254
0.0,0.0,0.0,0.0,0.0,rs542948441
0.0,0.025,0.0,0.0,0.0,rs62235900
0.0,0.1,0.025,0.0,0.05,rs117498931
0.925,0.725,0.55,0.85,0.5,rs136301
0.225,0.15,0.175,0.125,0.125,rs136273
0.1,0.15,0.05,0.25,0.075,rs136262
0.725,0.375,0.275,0.6,0.375,rs4444
0.125,0.05,0.225,0.075,0.075,rs742205
0.75,0.55,0.625,0.35,0.3,rs5753338
0.95,0.725,0.65,0.775,0.625,rs136217
0.0,0.075,0.0,0.05,0.15,rs7287540
0.05,0.025,0.025,0.1,0.0,rs9621114
0.9,0.55,0.575,0.575,0.425,rs2413001
0.2,0.3,0.6,0.3,0.5,rs5753350
0.55,0.375,0.275,0.275,0.275,rs8142410
0.975,0.775,0.9,0.7,0.8,rs4577391
0.7,0.375,0.575,0.425,0.275,rs2413004
0.15,0.25,0.375,0.225,0.375,rs9609128
0.15,0.35,0.375,0.25,0.5,rs5753356
0.0,0.0,0.0,0.025,0.0,rs9619144
0.825,0.625,0.95,0.6,0.65,rs2301816
0.35,0.15,0.35,0.325,0.375,rs2285917
0.0,0.025,0.05,0.1,0.0,rs112446420
0.05,0.0,0.1,0.025,0.1,rs5753371
0.0,0.0,0.0,0.05,0.0,rs41282553
0.425,0.25,0.45,0.225,0.15,rs11089481
0.0,0.0,0.075,0.0,0.0,rs117150960
0.075,0.125,0.4,0.0,0.0,rs5749191
0.0,0.025,0.0,0.05,0.075,rs118130276
0.0,0.075,0.0,0.025,0.0,rs71331269
0.0,0.05,0.0,0.05,0.0,rs73156729
0.0,0.0,0.025,0.0,0.0,rs150861994
0.65,0.55,0.625,0.475,0.475,rs1003480
0.0,0.0,0.0,0.0,0.0,rs117314603
0.0,0.025,0.0,0.025,0.0,rs77364173
0.0,0.025,0.0,0.025,0.0,rs118027159
0.0,0.0,0.0,0.0,0.0,rs5753414
0.0,0.025,0.0,0.025,0.0,rs8137612
0.025,0.0,0.1,0.025,0.1,rs5753425
0.0,0.0,0.0,0.0,0.0,rs73156766
0.15,0.475,0.275,0.6,0.575,rs73156769
0.025,0.025,0.0,0.05,0.0,rs79502375
0.125,0.075,0.1,0.225,0.1,rs7285683
0.325,0.35,0.05,0.375,0.5,rs737930
0.0,0.025,0.0,0.025,0.0,rs142792380
0.125,0.05,0.075,0.225,0.1,rs5997872
0.0,0.0,0.0,0.1,0.025,rs11704852
0.0,0.0,0.025,0.0,0.0,rs185670461
0.35,0.425,0.025,0.475,0.525,rs11705137
0.0,0.025,0.0,0.05,0.0,rs76873368
0.0,0.0,0.0,0.025,0.025,rs76041881
0.25,0.475,0.65,0.325,0.375,rs2240432
0.0,0.0,0.0,0.0,0.0,rs41282561
0.65,0.9,0.7,0.85,0.975,rs5753469
0.275,0.1,0.0,0.025,0.05,rs9621198
0.0,0.0,0.0,0.0,0.0,rs142563030
0.0,0.0,0.0,0.0,0.0,rs199793977
0.1,0.125,0.025,0.45,0.225,rs2232183
0.0,0.0,0.0,0.0,0.0,rs151265075
0.525,0.525,0.325,0.725,0.825,rs2074739
0.0,0.2,0.375,0.05,0.15,rs2074735
0.075,0.125,0.35,0.0,0.075,rs3761430
0.35,0.575,0.725,0.175,0.325,rs2413030
0.7,0.9,0.775,0.825,0.95,rs4820946
0.25,0.05,0.0,0.075,0.075,rs740229
0.2,0.05,0.0,0.075,0.075,rs76873698
0.0,0.05,0.0,0.0,0.0,rs76732632
0.8,0.4,0.05,0.75,0.725,rs5994376
0.0,0.025,0.0,0.025,0.0,rs189212917
0.0,0.0,0.0,0.025,0.0,rs79419741
0.0,0.0,0.0,0.025,0.0,rs75951213
0.975,0.7,0.8,0.775,0.875,rs3208937
0.0,0.0,0.0,0.025,0.0,rs35108022
0.0,0.0,0.05,0.0,0.0,rs143633004
0.0,0.0,0.35,0.0,0.1,rs5749237
0.55,0.225,0.0,0.1,0.075,rs5997917
0.125,0.325,0.75,0.125,0.275,rs72617296
0.975,0.725,0.8,0.775,0.875,rs2106294
0.975,0.725,0.8,0.775,0.875,rs2413043
0.0,0.0,0.0,0.0,0.0,rs79850371
0.0,0.025,0.0,0.05,0.0,rs34930775
0.0,0.0,0.0,0.025,0.0,rs9606828
0.275,0.4,0.15,0.625,0.625,rs7285773
0.55,0.25,0.0,0.15,0.1,rs5997937
0.0,0.0,0.025,0.0,0.0,rs147775868
0.975,0.725,0.8,0.775,0.875,rs1858821
0.0,0.05,0.0,0.075,0.1,rs74946037
0.55,0.25,0.0,0.15,0.1,rs11089495
0.0,0.025,0.0,0.025,0.05,rs41307239
0.0,0.05,0.0,0.025,0.075,rs9619183
0.0,0.0,0.0,0.0,0.0,rs62239378
0.0,0.0,0.0,0.0,0.0,rs117481047
0.0,0.025,0.0,0.075,0.0,rs34128648
0.0,0.025,0.1,0.075,0.025,rs34623833
0.0,0.025,0.0,0.075,0.0,rs12157806
0.2,0.075,0.0,0.075,0.1,rs35351984
0.15,0.05,0.05,0.075,0.1,rs7290752
0.0,0.025,0.0,0.0,0.0,rs117702891
0.45,0.275,0.05,0.575,0.525,rs5997988
0.075,0.075,0.05,0.025,0.05,rs17821048
0.0,0.0,0.0,0.0,0.0,rs16989638
0.0,0.0,0.075,0.0,0.0,rs77341572
0.2,0.425,0.575,0.25,0.175,rs5753632
0.0,0.0,0.0,0.0,0.0,rs17833819
0.0,0.0,0.0,0.0,0.0,rs117563328
0.525,0.4,0.125,0.575,0.55,rs55694512
0.0,0.0,0.075,0.0,0.0,rs139079467
0.0,0.0,0.0,0.0,0.0,rs141278764
0.0,0.0,0.0,0.0,0.0,rs192077243
0.0,0.0,0.0,0.0,0.0,rs138420888
0.025,0.025,0.2,0.125,0.1,rs563622339
0.075,0.0,0.0,0.0,0.0,rs16989753
0.0,0.0,0.0,0.0,0.0,rs189621917
0.05,0.15,0.075,0.025,0.0,rs16989291
0.0,0.025,0.0,0.025,0.05,rs78295829
0.0,0.0,0.0,0.025,0.025,rs140987552
0.2,0.475,0.55,0.275,0.125,rs1018490
0.7,0.45,0.125,0.675,0.675,rs6518752
0.0,0.025,0.0,0.125,0.0,rs117683198
0.15,0.0,0.0,0.0,0.0,rs9621295
0.025,0.05,0.0,0.05,0.1,rs55735011
0.0,0.0,0.0,0.0,0.0,rs192185952
0.0,0.0,0.0,0.0,0.0,rs148680467
0.025,0.7,0.25,0.75,0.65,rs11703808
0.275,0.25,0.4,0.1,0.2,rs12627933
0.0,0.05,0.025,0.05,0.1,rs182813176
0.0,0.025,0.0,0.075,0.0,rs34103525
0.0,0.0,0.0,0.0,0.0,rs117471565
0.525,0.225,0.175,0.125,0.3,rs760908
0.0,0.05,0.025,0.05,0.1,rs16985133
0.175,0.15,0.05,0.0,0.0,rs1076674
0.175,0.15,0.05,0.0,0.0,rs9619224
0.2,0.3,0.3,0.625,0.5,rs6518754
0.0,0.025,0.0,0.025,0.0,rs117161023
0.0,0.025,0.0,0.125,0.0,rs117989687
0.05,0.0,0.0,0.0,0.0,rs16989427
0.175,0.15,0.05,0.0,0.0,rs140079
0.0,0.025,0.0,0.0,0.0,rs117343825
0.0,0.15,0.05,0.0,0.0,rs117519233
0.0,0.05,0.025,0.05,0.1,rs112531886
0.0,0.025,0.0,0.025,0.05,rs112425519
0.0,0.0,0.0,0.0,0.0,rs377678201
0.0,0.0,0.0,0.025,0.025,rs117415555
0.075,0.25,0.075,0.1,0.125,rs5998115
0.0,0.0,0.0,0.0,0.0,rs144712084
0.0,0.0,0.0,0.025,0.0,rs73162142
0.0,0.075,0.275,0.025,0.025,rs5753783
0.0,0.025,0.1,0.0,0.0,rs117060288
0.0,0.0,0.0,0.025,0.025,rs117367634
0.0,0.0,0.025,0.0,0.0,rs199744397
0.0,0.0,0.0,0.0,0.0,rs187334123
0.0,0.05,0.0,0.0,0.0,rs41311139
0.0,0.0,0.0,0.0,0.0,rs199749859
0.1,0.3,0.05,0.05,0.0,rs5998135
0.0,0.0,0.0,0.025,0.05,rs149401731
0.0,0.0,0.0,0.0,0.0,rs193042481
0.0,0.0,0.0,0.0,0.0,rs201618068
0.0,0.0,0.0,0.0,0.0,rs181347577
0.65,0.825,0.625,0.4,0.475,rs9606878
0.325,0.225,0.15,0.1,0.275,rs5994434
0.1,0.0,0.0,0.0,0.05,rs16989535
0.0,0.0,0.0,0.0,0.0,rs76541329
0.0,0.0,0.0,0.0,0.0,rs76801014
0.0,0.0,0.0,0.025,0.0,rs73162162
0.0,0.0,0.0,0.0,0.0,rs200841588
0.0,0.0,0.0,0.0,0.0,rs185576553
0.0,0.025,0.0,0.0,0.0,rs118001924
0.0,0.0,0.0,0.0,0.0,rs142540948
0.55,0.55,0.15,0.175,0.325,rs1012068
0.075,0.1,0.05,0.0,0.025,rs76409488
0.0,0.0,0.0,0.025,0.05,rs61731662
0.0,0.0,0.0,0.0,0.0,rs200653339
0.0,0.0,0.0,0.0,0.0,rs147817091
0.0,0.0,0.0,0.0,0.0,rs202227830
0.2,0.075,0.075,0.05,0.15,rs9621357
0.0,0.0,0.05,0.0,0.0,rs74279068
0.0,0.0,0.05,0.0,0.0,rs61516580
0.05,0.1,0.0,0.025,0.025,rs55796616
0.325,0.025,0.075,0.075,0.175,rs5998165
0.0,0.0,0.0,0.025,0.05,rs146449468
0.0,0.05,0.0,0.05,0.0,rs74729600
0.5,0.75,0.225,0.25,0.35,rs5994451
0.1,0.05,0.0,0.1,0.05,rs34154902
0.55,0.425,0.2,0.325,0.4,rs3747158
0.0,0.0,0.0,0.0,0.0,rs8192634
0.0,0.225,0.0,0.075,0.1,rs62240614
0.85,0.5,0.175,0.35,0.4,rs4821004
0.025,0.025,0.0,0.125,0.0,rs77424625
0.0,0.15,0.0,0.1,0.025,rs17745316
0.0,0.025,0.0,0.025,0.05,rs117592915
0.0,0.1,0.0,0.0,0.025,rs73162201
0.0,0.0,0.0,0.05,0.1,rs9609421
0.125,0.325,0.6,0.5,0.35,rs739009
0.0,0.05,0.0,0.025,0.0,rs77312284
0.025,0.075,0.0,0.075,0.075,rs149749339
0.0,0.0,0.0,0.0,0.0,rs185126699
0.0,0.0,0.0,0.0,0.0,rs141412905
0.025,0.075,0.0,0.075,0.075,rs139555428
0.0,0.0,0.0,0.0,0.0,rs146060175
0.025,0.0,0.0,0.025,0.125,rs77843215
0.275,0.175,0.225,0.175,0.15,rs17683807
0.1,0.15,0.125,0.15,0.125,rs9609427
0.0,0.15,0.025,0.0,0.0,rs79038424
0.0,0.0,0.0,0.025,0.0,rs76993883
0.8,0.3,0.1,0.275,0.45,rs77647541
0.8,0.5,0.4,0.425,0.65,rs5998267
0.0,0.0,0.0,0.05,0.075,rs74958599
0.175,0.2,0.1,0.175,0.25,rs8139657
0.0,0.05,0.0,0.025,0.025,rs79852576
0.6,0.225,0.1,0.275,0.3,rs12158564
0.0,0.0,0.0,0.0,0.025,rs16989967
0.625,0.1,0.125,0.25,0.175,rs136410
0.05,0.075,0.0,0.0,0.0,rs55726571
0.825,0.35,0.075,0.55,0.2,rs136429
0.825,0.35,0.075,0.55,0.2,rs136432
0.025,0.0,0.0,0.075,0.0,rs115898714
0.0,0.0,0.0,0.0,0.0,rs185044441
0.125,0.025,0.0,0.125,0.0,rs9621401
0.475,0.275,0.1,0.525,0.2,rs136478
0.0,0.0,0.0,0.0,0.0,rs73164026
0.425,0.275,0.025,0.4,0.15,rs713766
0.425,0.275,0.025,0.4,0.15,rs738203
0.1,0.025,0.025,0.025,0.0,rs2179064
0.225,0.15,0.0,0.3,0.075,rs12168696
0.0,0.0,0.0,0.025,0.0,rs35413610
0.025,0.0,0.0,0.0,0.0,rs76548786
0.15,0.075,0.025,0.05,0.075,rs73164039
0.0,0.0,0.0,0.0,0.0,rs143255157
0.25,0.025,0.075,0.125,0.125,rs2179065
0.55,0.225,0.1,0.475,0.275,rs2068209
0.0,0.0,0.0,0.025,0.0,rs35777893
0.0,0.025,0.0,0.0,0.075,rs62239049
0.0,0.0,0.0,0.0,0.0,rs76877500
0.075,0.025,0.025,0.025,0.0,rs5994502
0.175,0.175,0.0,0.4,0.125,rs7289147
0.0,0.0,0.0,0.0,0.0,rs190939662
0.35,0.175,0.075,0.425,0.225,rs7291681
0.0,0.025,0.125,0.1,0.1,rs2294210
0.0,0.0,0.0,0.0,0.0,rs76819573
0.0,0.025,0.0,0.0,0.05,rs62239058
0.175,0.075,0.05,0.125,0.125,rs2235168
0.1,0.025,0.025,0.025,0.05,rs2235171
0.025,0.1,0.175,0.025,0.1,rs12169024
0.0,0.0,0.025,0.025,0.0,rs16990065
0.125,0.0,0.0,0.0,0.0,rs5998339
0.125,0.0,0.025,0.025,0.0,rs5994515
0.475,0.1,0.05,0.075,0.15,rs5998354
0.3,0.075,0.025,0.05,0.1,rs5998359
0.025,0.25,0.05,0.075,0.1,rs56240204
0.125,0.275,0.15,0.25,0.125,rs10439908
0.45,0.025,0.0,0.075,0.1,rs5998364
0.0,0.0,0.0,0.0,0.075,rs12158434
0.3,0.05,0.0,0.05,0.025,rs7290281
0.025,0.275,0.075,0.05,0.15,rs4821041
0.225,0.025,0.0,0.05,0.025,rs62241071
0.275,0.225,0.375,0.425,0.3,rs5753904
0.95,0.85,0.85,0.7,0.825,rs5753905
0.0,0.225,0.075,0.05,0.075,rs74829750
0.0,0.0,0.0,0.0,0.0,rs62241072
0.425,0.35,0.425,0.35,0.25,rs11703509
0.0,0.025,0.0,0.025,0.0,rs75794907
0.05,0.05,0.0,0.025,0.0,rs111602284
0.7,0.75,0.75,0.625,0.675,rs5749366
0.0,0.05,0.025,0.05,0.05,rs11089541
0.225,0.475,0.4,0.175,0.3,rs16990106
0.4,0.1,0.025,0.05,0.075,rs12053806
0.0,0.2,0.05,0.025,0.15,rs76821034
0.0,0.0,0.0,0.025,0.0,rs117852429
0.05,0.25,0.05,0.175,0.275,rs57567413
0.05,0.225,0.05,0.025,0.15,rs80065875
0.0,0.05,0.05,0.025,0.0,rs5753968
0.0,0.0,0.0,0.05,0.05,rs73166321
0.075,0.05,0.0,0.15,0.125,rs11704384
0.0,0.05,0.0,0.025,0.025,rs117799899
0.075,0.15,0.4,0.05,0.125,rs16990207
0.2,0.15,0.3,0.075,0.175,rs2281032
0.125,0.25,0.1,0.05,0.15,rs66889006
0.0,0.05,0.0,0.15,0.125,rs77165390
0.075,0.15,0.4,0.05,0.125,rs80337063
0.625,0.8,0.7,0.675,0.65,rs5753981
0.025,0.05,0.0,0.025,0.0,rs73166329
0.925,0.75,0.5,0.6,0.7,rs2014137
0.475,0.25,0.45,0.15,0.175,rs2076040
0.125,0.025,0.0,0.025,0.0,rs112290541
0.45,0.1,0.0,0.1,0.1,rs5998423
0.325,0.275,0.375,0.075,0.225,rs5753991
0.325,0.15,0.15,0.15,0.275,rs5994550
0.0,0.025,0.0,0.025,0.025,rs117686507
0.9,0.5,0.5,0.425,0.575,rs4343557
0.25,0.025,0.025,0.1,0.025,rs67967684
0.075,0.1,0.0,0.025,0.075,rs12158983
0.0,0.025,0.0,0.025,0.05,rs77461830
0.025,0.1,0.425,0.025,0.075,rs57606003
0.025,0.1,0.425,0.025,0.075,rs16987625
0.025,0.1,0.425,0.025,0.075,rs5754012
0.175,0.1,0.05,0.05,0.25,rs56317784
0.0,0.025,0.0,0.025,0.0,rs112985865
0.0,0.075,0.0,0.0,0.075,rs74684401
0.0,0.05,0.0,0.05,0.025,rs713620
0.25,0.175,0.375,0.05,0.15,rs5998463
0.9,0.375,0.05,0.35,0.5,rs5994560
0.275,0.2,0.0,0.175,0.2,rs738268
0.0,0.0,0.0,0.0,0.0,rs45561934
0.0,0.0,0.0,0.0,0.0,rs144824927
0.0,0.2,0.2,0.15,0.15,rs7288975
0.0,0.075,0.0,0.0,0.025,rs12484512
0.0,0.025,0.0,0.0,0.025,rs117491818
0.0,0.05,0.0,0.0,0.0,rs117643618
0.05,0.025,0.2,0.1,0.025,rs56923835
0.025,0.1,0.4,0.025,0.075,rs59895149
0.0,0.0,0.025,0.0,0.0,rs79545976
0.05,0.125,0.375,0.175,0.125,rs2294311
0.0,0.0,0.0,0.0,0.0,rs141117937
0.075,0.1,0.375,0.05,0.075,rs5749429
0.325,0.375,0.225,0.4,0.35,rs9609537
0.7,0.6,0.6,0.7,0.5,rs2049948
0.05,0.1,0.4,0.05,0.075,rs742096
0.9,0.5,0.45,0.525,0.6,rs5998478
0.025,0.1,0.075,0.05,0.225,rs73170318
0.325,0.275,0.075,0.225,0.35,rs722693
0.05,0.05,0.0,0.05,0.05,rs77691176
0.225,0.15,0.0,0.025,0.15,rs56252916
0.05,0.025,0.0,0.025,0.0,rs117167553
0.675,0.375,0.4,0.4,0.35,rs1543320
0.2,0.075,0.4,0.0,0.1,rs5749435
0.35,0.05,0.0,0.075,0.025,rs16990445
0.525,0.275,0.25,0.475,0.425,rs6518776
0.125,0.125,0.15,0.0,0.075,rs2076051
0.4,0.775,0.675,0.6,0.85,rs2076054
0.05,0.125,0.15,0.0,0.075,rs74279750
0.05,0.05,0.025,0.1,0.05,rs12167810
0.275,0.225,0.3,0.225,0.3,rs11704027
0.9,0.825,0.625,0.775,0.725,rs2179166
0.225,0.225,0.075,0.25,0.325,rs5998492
0.0,0.0,0.0,0.0,0.075,rs76006752
0.075,0.025,0.025,0.05,0.05,rs1986168
0.075,0.05,0.025,0.05,0.05,rs12628214
0.075,0.025,0.025,0.05,0.175,rs73404930
0.3,0.25,0.075,0.175,0.375,rs5998498
0.0,0.075,0.0,0.05,0.0,rs1109363
0.5,0.7,0.8,0.85,0.725,rs760657
0.6,0.6,0.7,0.575,0.6,rs5998500
0.0,0.0,0.0,0.05,0.0,rs117445809
0.075,0.325,0.2,0.275,0.175,rs9606958
0.55,0.5,0.7,0.35,0.475,rs5998504
0.1,0.275,0.075,0.1,0.1,rs8140067
0.425,0.625,0.65,0.375,0.35,rs7291067
0.0,0.05,0.0,0.05,0.0,rs41311141
0.0,0.0,0.0,0.0,0.0,rs61730783
0.325,0.6,0.775,0.4,0.375,rs5749446
0.275,0.6,0.775,0.4,0.375,rs3788448
0.0,0.05,0.0,0.05,0.0,rs77881174
0.0,0.05,0.0,0.025,0.0,rs17772478
0.025,0.025,0.0,0.05,0.0,rs117881779
0.15,0.65,0.875,0.525,0.75,rs2097312
0.0,0.0,0.0,0.0,0.0,rs117844331
0.0,0.1,0.0,0.1,0.15,rs78835794
0.25,0.125,0.075,0.15,0.2,rs130452
0.0,0.0,0.0,0.05,0.0,rs117513935
0.35,0.175,0.2,0.175,0.275,rs130456
0.725,0.525,0.375,0.65,0.425,rs130459
0.675,0.75,0.925,0.65,0.8,rs762909
0.55,0.675,0.925,0.65,0.575,rs5754137
0.0,0.0,0.0,0.0,0.05,rs73172131
0.025,0.05,0.0,0.025,0.175,rs117775223
0.3,0.175,0.125,0.1,0.275,rs12628631
0.375,0.225,0.175,0.3,0.15,rs2710376
0.05,0.125,0.125,0.1,0.125,rs17773117
0.025,0.0,0.0,0.075,0.025,rs13057046
0.0,0.0,0.0,0.0,0.0,rs76765788
0.025,0.0,0.025,0.0,0.025,rs74279759
0.0,0.0,0.0,0.025,0.0,rs9606982
0.225,0.4,0.625,0.225,0.325,rs2157189
0.1,0.05,0.35,0.05,0.2,rs74504327
0.0,0.0,0.025,0.025,0.0,rs147461566
0.1,0.05,0.325,0.05,0.2,rs743762
0.225,0.45,0.5,0.35,0.45,rs1016740
0.425,0.4,0.175,0.325,0.35,rs5998545
0.05,0.25,0.175,0.1,0.225,rs11089577
0.0,0.025,0.0,0.025,0.0,rs117817258
0.0,0.0,0.0,0.0,0.025,rs17700302
0.525,0.425,0.525,0.4,0.475,rs1962222
0.0,0.0,0.05,0.025,0.0,rs79184817
0.05,0.05,0.0,0.1,0.0,rs131047
0.425,0.025,0.125,0.05,0.075,rs2858737
0.0,0.0,0.0,0.025,0.0,rs35118742
0.05,0.0,0.0,0.0,0.125,rs41490546
0.175,0.0,0.0,0.025,0.125,rs61441850
0.425,0.075,0.0,0.05,0.05,rs8142270
0.025,0.15,0.35,0.05,0.225,rs16990808
0.025,0.15,0.35,0.05,0.225,rs74349262
0.075,0.125,0.4,0.025,0.15,rs5998551
0.2,0.025,0.025,0.05,0.0,rs5998552
0.0,0.075,0.0,0.0,0.0,rs149885790
0.625,0.2,0.4,0.125,0.2,rs2858738
0.1,0.025,0.025,0.0,0.1,rs113964080
0.2,0.0,0.0,0.0,0.125,rs16990830
0.0,0.125,0.025,0.0,0.0,rs10483164
0.05,0.0,0.025,0.025,0.05,rs74872692
0.675,0.325,0.075,0.475,0.4,rs2710357
0.5,0.15,0.025,0.175,0.325,rs9784225
0.1,0.075,0.3,0.05,0.325,rs73154345
0.775,0.475,0.375,0.525,0.725,rs5749471
0.2,0.2,0.0,0.15,0.25,rs60966625
0.0,0.0,0.0,0.025,0.0,rs75019831
0.125,0.175,0.05,0.3,0.05,rs2051568
0.25,0.0,0.025,0.025,0.175,rs7511209
0.675,0.1,0.275,0.05,0.525,rs9621515
0.0,0.025,0.0,0.0,0.0,rs117913131
0.875,0.8,0.95,0.7,0.725,rs131067
0.675,0.75,0.925,0.5,0.825,rs131068
0.075,0.3,0.025,0.25,0.175,rs62234573
0.3,0.4,0.7,0.225,0.425,rs743758
0.125,0.275,0.8,0.125,0.125,rs5749480
0.5,0.3,0.775,0.125,0.125,rs4821083
0.125,0.35,0.0,0.475,0.35,rs115537417
0.2,0.2,0.7,0.025,0.025,rs16991028
0.175,0.25,0.025,0.4,0.375,rs5998590
0.025,0.05,0.025,0.125,0.025,rs34223312
0.125,0.1,0.05,0.05,0.075,rs5754221
0.55,0.325,0.75,0.05,0.1,rs5754227
0.05,0.0,0.0,0.025,0.0,rs56247309
0.0,0.0,0.025,0.025,0.0,rs73156418
0.025,0.0,0.0,0.0,0.0,rs145565405
0.375,0.275,0.7,0.05,0.05,rs743742
0.05,0.075,0.075,0.025,0.075,rs9619302
0.0,0.05,0.025,0.15,0.05,rs5754232
0.3,0.275,0.675,0.025,0.05,rs4821089
0.575,0.375,0.25,0.275,0.575,rs2008206
0.1,0.1,0.075,0.0,0.05,rs9621546
0.05,0.075,0.075,0.0,0.05,rs76285417
0.375,0.325,0.25,0.275,0.5,rs5754240
0.0,0.0,0.0,0.025,0.0,rs77444040
0.0,0.1,0.0,0.225,0.075,rs62234590
0.575,0.55,0.675,0.475,0.7,rs5754243
0.0,0.05,0.0,0.075,0.0,rs73156453
0.875,0.7,0.4,0.825,0.475,rs5994617
0.0,0.025,0.0,0.05,0.025,rs118091355
0.15,0.0,0.0,0.0,0.0,rs73156459
0.0,0.0,0.0,0.0,0.0,rs34843069
0.825,0.575,0.6,0.6,0.55,rs5994618
0.05,0.325,0.025,0.325,0.075,rs5998620
0.0,0.0,0.0,0.0,0.0,rs71313140
0.425,0.475,0.575,0.475,0.35,rs4821099
0.025,0.0,0.0,0.0,0.0,rs117524034
0.0,0.0,0.0,0.0,0.0,rs117584916
0.975,0.95,1.0,0.925,0.85,rs130527
0.0,0.0,0.0,0.05,0.0,rs117679254
0.2,0.05,0.0,0.1,0.0,rs61048961
0.875,0.5,0.575,0.5,0.35,rs17503
0.05,0.325,0.025,0.325,0.075,rs8142758
0.025,0.0,0.0,0.0,0.0,rs16991182
0.175,0.125,0.425,0.025,0.075,rs3788507
0.425,0.25,0.05,0.225,0.125,rs9621564
0.25,0.275,0.025,0.3,0.075,rs7290713
0.525,0.125,0.075,0.075,0.15,rs5754289
0.025,0.05,0.025,0.025,0.075,rs62232902
0.1,0.025,0.0,0.05,0.025,rs5749516
0.325,0.725,0.525,0.6,0.35,rs738992
0.0,0.0,0.0,0.0,0.0,rs117055529
0.975,0.95,0.95,0.875,0.875,rs242087
0.0,0.0,0.0,0.075,0.0,rs117475847
0.525,0.8,0.65,0.65,0.525,rs242076
0.025,0.025,0.0,0.0,0.025,rs116959820
0.625,0.75,0.9,0.55,0.75,rs135029
0.25,0.0,0.025,0.025,0.05,rs1427377
0.125,0.125,0.475,0.1,0.1,rs2283885
0.1,0.125,0.2,0.025,0.2,rs9609643
0.0,0.0,0.0,0.0,0.0,rs140989943
0.0,0.0,0.025,0.0,0.025,rs11704123
0.075,0.35,0.05,0.375,0.175,rs5754322
0.0,0.0,0.0,0.0,0.0,rs4437061
0.6,0.6,0.075,0.75,0.375,rs137500
0.325,0.2,0.15,0.125,0.425,rs241900
0.025,0.0,0.0,0.0,0.0,rs112552500
0.0,0.05,0.125,0.075,0.025,rs62234167
1.0,0.95,0.875,0.925,0.925,rs137509
0.15,0.075,0.175,0.075,0.1,rs62234169
0.4,0.75,0.725,0.75,0.45,rs715555
0.0,0.05,0.125,0.075,0.025,rs58381381
0.95,0.825,0.225,0.9,0.85,rs137518
0.025,0.35,0.025,0.375,0.2,rs137521
0.2,0.275,0.05,0.35,0.175,rs4525790
0.0,0.0,0.025,0.0,0.05,rs137541
0.025,0.05,0.125,0.075,0.025,rs9621594
0.0,0.0,0.0,0.075,0.0,rs118084928
0.575,0.375,0.125,0.45,0.4,rs137552
0.0,0.025,0.0,0.075,0.0,rs77159665
0.0,0.025,0.0,0.05,0.025,rs118117769
0.0,0.0,0.0,0.0,0.0,rs114700096
0.775,0.65,0.875,0.55,0.6,rs241761
0.2,0.35,0.0,0.375,0.175,rs2081727
0.25,0.5,0.225,0.425,0.425,rs241710
0.2,0.0,0.0,0.025,0.0,rs133932
0.0,0.0,0.025,0.0,0.0,rs117798020
0.35,0.375,0.1,0.55,0.425,rs133937
0.0,0.0,0.0,0.0,0.0,rs145594072
0.025,0.125,0.55,0.05,0.15,rs9609680
0.325,0.325,0.0,0.3,0.05,rs5998693
0.825,0.75,0.225,0.9,0.55,rs470008
0.0,0.0,0.0,0.0,0.0,rs78029473
0.325,0.35,0.0,0.3,0.05,rs12159195
0.875,0.875,0.775,0.95,0.7,rs133968
0.1,0.125,0.625,0.125,0.2,rs9609686
0.0,0.0,0.0,0.025,0.0,rs112577565
0.1,0.075,0.175,0.0,0.05,rs75409784
0.0,0.0,0.0,0.0,0.0,rs141641128
0.075,0.1,0.175,0.025,0.075,rs16991717
0.0,0.0,0.0,0.025,0.0,rs117352804
0.125,0.45,0.075,0.325,0.425,rs2413163
0.0,0.025,0.0,0.0,0.025,rs73164308
0.225,0.2,0.225,0.45,0.15,rs5754399
0.0,0.0,0.0,0.025,0.0,rs9609700
0.175,0.3,0.2,0.275,0.325,rs13053449
0.975,0.775,0.6,0.825,0.775,rs9607009
0.025,0.05,0.15,0.025,0.05,rs12484648
0.525,0.4,0.25,0.525,0.325,rs9621631
0.225,0.375,0.225,0.5,0.325,rs8142672
0.025,0.0,0.0,0.0,0.0,rs75957958
0.2,0.3,0.2,0.275,0.3,rs7290466
0.0,0.025,0.0,0.0,0.025,rs73164324
0.15,0.075,0.175,0.025,0.075,rs16991775
0.6,0.775,0.525,0.875,0.85,rs137297
0.125,0.05,0.175,0.025,0.1,rs16991789
0.1,0.0,0.025,0.0,0.05,rs75766422
0.775,0.7,0.825,0.775,0.7,rs137304
0.275,0.35,0.075,0.225,0.4,rs9609713
0.225,0.4,0.15,0.35,0.375,rs5994673
0.825,0.925,0.95,0.95,0.9,rs137307
0.175,0.025,0.05,0.025,0.075,rs16991802
0.675,0.675,0.725,0.875,0.775,rs137309
0.075,0.025,0.0,0.05,0.05,rs11704565
0.45,0.075,0.025,0.2,0.075,rs10154506
0.775,0.625,0.525,0.675,0.775,rs137326
0.075,0.0,0.0,0.075,0.05,rs77454334
0.4,0.425,0.275,0.475,0.575,rs137343
0.05,0.05,0.225,0.025,0.175,rs16991851
0.0,0.1,0.0,0.0,0.0,rs12484905
0.0,0.0,0.0,0.0,0.125,rs142651052
0.35,0.375,0.525,0.525,0.75,rs1894487
0.0,0.0,0.0,0.0,0.025,rs62232857
0.025,0.025,0.0,0.075,0.025,rs9609728
0.0,0.125,0.0,0.025,0.0,rs117041748
0.25,0.275,0.075,0.375,0.35,rs916244
0.95,0.65,0.35,0.625,0.7,rs5994685
0.0,0.0,0.0,0.05,0.0,rs118141134
0.275,0.2,0.25,0.15,0.175,rs7289448
0.0,0.125,0.0,0.05,0.0,rs73881993
0.525,0.575,0.3,0.55,0.525,rs9607023
0.0,0.0,0.0,0.0,0.0,rs117939117
0.125,0.125,0.025,0.05,0.05,rs76436945
0.0,0.0,0.0,0.05,0.025,rs116907235
0.0,0.1,0.0,0.025,0.025,rs137466
0.0,0.0,0.0,0.1,0.0,rs116910985
0.375,0.4,0.125,0.5,0.4,rs5998822
0.0,0.0,0.0,0.025,0.0,rs117149295
0.325,0.05,0.3,0.1,0.2,rs4141436
0.325,0.075,0.025,0.05,0.125,rs5749583
0.075,0.025,0.0,0.0,0.1,rs8140859
0.075,0.1,0.3,0.175,0.2,rs7286135
0.0,0.0,0.0,0.025,0.0,rs78318013
0.65,0.075,0.1,0.05,0.15,rs5994706
0.05,0.0,0.05,0.0,0.1,rs144529846
0.0,0.0,0.0,0.05,0.0,rs117946433
0.05,0.0,0.0,0.0,0.0,rs16992036
0.0,0.0,0.0,0.075,0.0,rs79223970
0.0,0.0,0.0,0.0,0.0,rs147997439
0.0,0.0,0.0,0.0,0.0,rs1046166
0.75,0.25,0.075,0.15,0.2,rs5749598
0.675,0.2,0.075,0.125,0.175,rs5754506
0.0,0.0,0.025,0.0,0.125,rs113802410
0.0,0.0,0.0,0.0,0.0,rs146923365
0.025,0.025,0.0,0.0,0.0,rs1555007
0.0,0.025,0.0,0.025,0.025,rs77125923
0.025,0.1,0.175,0.325,0.25,rs9609757
0.025,0.0,0.025,0.025,0.1,rs12160591
0.0,0.0,0.0,0.0,0.0,rs73166244
0.075,0.0,0.025,0.025,0.075,rs79473513
0.475,0.075,0.125,0.1,0.075,rs2283889
0.45,0.075,0.05,0.025,0.075,rs73401440
0.65,0.425,0.35,0.375,0.625,rs5998876
0.55,0.1,0.05,0.05,0.075,rs5998881
0.55,0.1,0.05,0.05,0.075,rs5998882
0.3,0.075,0.0,0.025,0.075,rs5998885
0.0,0.0,0.0,0.0,0.0,rs200603479
0.0,0.0,0.025,0.0,0.075,rs74431614
0.0,0.0,0.0,0.025,0.0,rs117902709
0.575,0.675,0.65,0.5,0.7,rs4401302
0.975,0.95,0.975,0.95,1.0,rs4820102
0.8,0.95,0.975,0.975,0.975,rs5749607
0.2,0.0,0.025,0.0,0.05,rs62225261
0.025,0.025,0.0,0.0,0.025,rs112584087
0.025,0.2,0.125,0.05,0.15,rs9607038
0.0,0.025,0.0,0.05,0.0,rs16992221
0.0,0.075,0.0,0.1,0.0,rs13056549
0.0,0.05,0.0,0.025,0.0,rs116963584
0.575,0.35,0.125,0.225,0.325,rs77983659
0.55,0.35,0.125,0.2,0.375,rs715487
0.825,0.45,0.125,0.225,0.375,rs2283904
0.3,0.025,0.025,0.05,0.1,rs16992276
0.275,0.075,0.0,0.0,0.05,rs74739479
0.0,0.025,0.0,0.075,0.1,rs117531661
0.175,0.15,0.025,0.075,0.025,rs7287710
0.05,0.025,0.025,0.05,0.025,rs16992290
0.175,0.275,0.175,0.15,0.1,rs2267204
0.05,0.025,0.05,0.05,0.025,rs76035097
0.425,0.2,0.075,0.125,0.05,rs5998938
0.85,0.775,0.475,0.65,0.4,rs724776
0.0,0.025,0.0,0.0,0.0,rs117954898
0.075,0.025,0.0,0.05,0.05,rs73166278
0.525,0.275,0.125,0.4,0.225,rs760541
0.85,0.75,0.35,0.625,0.35,rs713740
0.2,0.2,0.025,0.15,0.05,rs8136468
0.0,0.075,0.025,0.025,0.025,rs111460013
0.3,0.25,0.2,0.375,0.225,rs5754553
0.0,0.075,0.1,0.025,0.0,rs16992351
0.025,0.1,0.1,0.025,0.0,rs112161767
0.6,0.3,0.125,0.375,0.325,rs7284478
0.675,0.175,0.25,0.3,0.4,rs5754558
0.425,0.175,0.1,0.2,0.225,rs5754560
0.0,0.0,0.0,0.0,0.0,rs147911245
0.45,0.175,0.3,0.275,0.225,rs5749617
0.0,0.0,0.0,0.05,0.0,rs117636893
0.875,0.85,0.925,0.925,0.85,rs739026
0.35,0.25,0.15,0.275,0.275,rs9306279
0.05,0.0,0.025,0.025,0.075,rs73168505
0.15,0.525,0.35,0.525,0.325,rs2267222
0.075,0.45,0.35,0.475,0.225,rs911626
0.025,0.1,0.1,0.0,0.075,rs74580954
0.0,0.0,0.0,0.0,0.0,rs192600202
0.05,0.0,0.0,0.0,0.025,rs28650128
0.025,0.35,0.225,0.475,0.35,rs5754597
0.775,0.725,0.35,0.725,0.375,rs2283911
0.05,0.0,0.0,0.0,0.0,rs5994774
0.0,0.025,0.0,0.025,0.0,rs77655891
0.325,0.525,0.225,0.575,0.275,rs762058
0.175,0.15,0.125,0.0,0.075,rs5999012
0.0,0.0,0.05,0.0,0.0,rs139003089
0.125,0.525,0.25,0.55,0.25,rs5754611
0.525,0.25,0.625,0.275,0.65,rs3819662
0.425,0.075,0.025,0.05,0.05,rs9619358
0.0,0.0,0.0,0.05,0.0,rs80159209
0.0,0.05,0.0,0.025,0.0,rs73168556
0.65,0.6,0.375,0.45,0.475,rs130423
0.05,0.075,0.0,0.025,0.025,rs9609838
0.0,0.0,0.0,0.0,0.0,rs117342842
0.825,0.625,0.375,0.45,0.5,rs695504
0.0,0.0,0.0,0.05,0.0,rs77923846
0.0,0.0,0.0,0.0,0.025,rs79022411
0.0,0.0,0.0,0.025,0.0,rs117094792
0.75,0.65,0.825,0.725,0.625,rs9306281
0.175,0.525,0.8,0.7,0.65,rs240590
0.0,0.025,0.0,0.0,0.025,rs117818422
0.125,0.4,0.65,0.525,0.525,rs86487
0.0,0.025,0.0,0.025,0.0,rs113863420
0.0,0.0,0.0,0.125,0.0,rs117886697
0.025,0.0,0.0,0.0,0.0,rs36104592
0.025,0.125,0.075,0.025,0.1,rs5754630
0.0,0.0,0.0,0.075,0.0,rs73168601
0.825,0.425,0.625,0.675,0.6,rs240343
0.225,0.375,0.65,0.675,0.575,rs240353
0.075,0.325,0.625,0.575,0.575,rs13055437
0.025,0.125,0.05,0.025,0.075,rs5754632
0.875,0.425,0.65,0.7,0.6,rs240358
0.0,0.0,0.0,0.0,0.0,rs117225223
0.0,0.05,0.125,0.025,0.025,rs2267250
0.2,0.125,0.1,0.1,0.05,rs60018166
0.775,0.625,0.425,0.45,0.35,rs4821173
0.025,0.0,0.0,0.05,0.1,rs5999051
0.0,0.1,0.05,0.15,0.0,rs17733474
0.475,0.125,0.025,0.05,0.0,rs5999058
0.225,0.325,0.65,0.525,0.75,rs2016485
0.025,0.3,0.2,0.15,0.225,rs240073
0.0,0.0,0.0,0.0,0.0,rs117438669
0.125,0.1,0.05,0.075,0.025,rs7285897
0.125,0.1,0.05,0.125,0.0,rs73170527
0.55,0.55,0.325,0.575,0.3,rs240080
0.1,0.275,0.025,0.175,0.25,rs2283933
0.0,0.0,0.05,0.0,0.0,rs116919510
0.0,0.0,0.0,0.025,0.025,rs11704291
0.3,0.1,0.0,0.075,0.125,rs8142640
0.0,0.025,0.0,0.05,0.0,rs62225399
0.0,0.0,0.0,0.05,0.025,rs1979254
0.0,0.0,0.0,0.0,0.0,rs78148531
0.0,0.0,0.0,0.0,0.025,rs74649057
0.05,0.075,0.0,0.075,0.0,rs79064313
0.075,0.0,0.0,0.05,0.15,rs78979622
0.725,0.2,0.275,0.3,0.2,rs2283934
0.925,0.65,0.525,0.475,0.425,rs239330
0.35,0.125,0.15,0.125,0.2,rs183516365
0.2,0.05,0.25,0.075,0.0,rs5999084
0.1,0.025,0.0,0.05,0.175,rs116318797
0.55,0.45,0.675,0.5,0.5,rs491508
0.35,0.35,0.5,0.325,0.5,rs478038
0.675,0.825,0.925,0.8,0.875,rs482565
0.0,0.05,0.175,0.1,0.025,rs2283940
0.05,0.075,0.15,0.0,0.05,rs1008501
0.025,0.0,0.0,0.0,0.0,rs73170575
0.65,0.8,0.925,0.8,0.85,rs238857
0.95,0.875,0.925,0.85,0.875,rs446869
0.0,0.0,0.025,0.0,0.0,rs141957842
0.0,0.0,0.0,0.0,0.0,rs75911645
0.775,0.675,0.7,0.5,0.525,rs238865
0.975,0.875,0.925,0.85,0.9,rs454398
0.725,0.7,0.75,0.675,0.725,rs686137
0.0,0.0,0.0,0.05,0.025,rs73170585
0.0,0.0,0.0,0.0,0.0,rs117049039
0.025,0.0,0.0,0.025,0.025,rs11705320
0.0,0.025,0.075,0.05,0.025,rs62225450
0.375,0.35,0.625,0.35,0.425,rs5754683
0.475,0.775,0.85,0.775,0.875,rs1018786
0.1,0.1,0.025,0.025,0.2,rs16993070
0.0,0.05,0.0,0.025,0.0,rs76297586
0.0,0.0,0.0,0.0,0.025,rs118089314
0.0,0.025,0.0,0.0,0.0,rs77152715
0.0,0.025,0.0,0.075,0.025,rs16993089
0.025,0.05,0.0,0.025,0.2,rs4821185
0.0,0.05,0.075,0.025,0.0,rs9621774
0.45,0.4,0.65,0.425,0.65,rs2267296
0.875,0.475,0.65,0.55,0.65,rs3819671
0.0,0.0,0.0,0.0,0.0,rs75251240
0.375,0.5,0.3,0.45,0.475,rs2253085
0.175,0.35,0.2,0.275,0.25,rs1009385
0.0,0.025,0.0,0.05,0.025,rs78301074
0.275,0.15,0.05,0.225,0.125,rs1009730
0.25,0.175,0.175,0.2,0.25,rs75915473
0.55,0.5,0.75,0.65,0.5,rs5754734
0.0,0.0,0.0,0.025,0.0,rs75348684
0.0,0.0,0.0,0.025,0.0,rs73154546
0.1,0.275,0.3,0.425,0.3,rs61040607
0.0,0.0,0.0,0.0,0.0,rs148328057
0.1,0.4,0.3,0.25,0.25,rs7287612
0.0,0.0,0.0,0.025,0.05,rs117614152
0.575,0.525,0.775,0.575,0.475,rs2213360
0.025,0.05,0.475,0.025,0.075,rs9607089
0.225,0.225,0.225,0.225,0.125,rs2267314
0.05,0.075,0.0,0.0,0.025,rs62225071
0.15,0.375,0.3,0.3,0.225,rs35122921
0.0,0.0,0.0,0.025,0.025,rs117636421
0.0,0.0,0.0,0.025,0.0,rs115021528
0.0,0.0,0.0,0.05,0.0,rs17809826
0.0,0.05,0.0,0.05,0.0,rs73154565
0.0,0.025,0.15,0.025,0.025,rs2267327
0.35,0.45,0.45,0.375,0.35,rs12628949
0.15,0.1,0.0,0.025,0.025,rs5999144
0.0,0.0,0.0,0.0,0.0,rs137890002
0.0,0.025,0.0,0.0,0.025,rs73154578
0.025,0.075,0.45,0.2,0.15,rs7284214
0.075,0.0,0.1,0.025,0.3,rs4820125
0.0,0.05,0.15,0.025,0.025,rs76817235
0.0,0.0,0.0,0.025,0.05,rs8135664
0.45,0.35,0.125,0.475,0.5,rs4821202
0.075,0.0,0.075,0.0,0.025,rs5999160
0.375,0.325,0.3,0.4,0.65,rs5754772
0.45,0.025,0.0,0.1,0.05,rs9609893
0.0,0.0,0.0,0.0,0.0,rs9621823
0.0,0.025,0.0,0.025,0.0,rs75879424
0.025,0.0,0.0,0.0,0.0,rs2066894
0.125,0.625,0.775,0.425,0.75,rs4820127
0.95,0.775,0.775,0.575,0.85,rs20065
0.025,0.0,0.0,0.0,0.025,rs9609905
0.0,0.0,0.0,0.025,0.0,rs117670753
0.925,0.325,0.325,0.475,0.3,rs5749711
0.025,0.0,0.0,0.075,0.0,rs1002622
0.375,0.075,0.075,0.025,0.05,rs242885
0.0,0.0,0.0,0.0,0.0,rs148582836
0.05,0.025,0.0,0.0,0.0,rs75138165
0.0,0.0,0.0,0.0,0.0,rs144110696
0.0,0.0,0.0,0.0,0.0,rs117100571
0.125,0.0,0.0,0.0,0.0,rs9609935
0.0,0.025,0.0,0.05,0.0,rs111363401
0.9,0.575,0.65,0.675,0.725,rs1495664
0.225,0.1,0.25,0.025,0.1,rs35482368
0.025,0.025,0.2,0.0,0.1,rs73412905
0.2,0.075,0.2,0.0,0.1,rs2213325
0.075,0.05,0.0,0.0,0.0,rs5994839
0.875,0.675,0.6,0.675,0.725,rs2157111
0.1,0.025,0.2,0.0,0.075,rs57208417
0.0,0.0,0.0,0.0,0.0,rs80019988
0.225,0.05,0.125,0.05,0.075,rs111590540
0.05,0.2,0.075,0.2,0.225,rs34670935
0.0,0.0,0.0,0.05,0.075,rs74825783
0.225,0.45,0.55,0.35,0.35,rs243001
0.375,0.05,0.0,0.05,0.0,rs210804
0.0,0.025,0.0,0.0,0.0,rs117511034
0.0,0.0,0.0,0.025,0.0,rs55734830
0.1,0.075,0.0,0.025,0.0,rs73884366
0.0,0.0,0.0,0.0,0.025,rs73155955
0.125,0.325,0.475,0.35,0.45,rs4820135
0.0,0.075,0.3,0.0,0.05,rs113757848
0.025,0.15,0.35,0.05,0.125,rs72620421
0.5,0.3,0.35,0.225,0.175,rs387332
0.025,0.0,0.0,0.05,0.0,rs117001792
0.0,0.0,0.0,0.0,0.0,rs118098513
0.0,0.0,0.0,0.0,0.0,rs143373857
0.0,0.0,0.0,0.0,0.0,rs187143049
0.075,0.3,0.475,0.3,0.175,rs12485116
0.375,0.375,0.375,0.3,0.475,rs805
0.0,0.0,0.025,0.0,0.0,rs149839190
0.0,0.05,0.0,0.025,0.0,rs73155975
0.3,0.225,0.4,0.3,0.425,rs5754881
0.0,0.025,0.0,0.0,0.0,rs28488746
0.175,0.175,0.075,0.2,0.2,rs9619407
0.0,0.05,0.0,0.05,0.0,rs16993739
0.0,0.05,0.0,0.075,0.0,rs73158209
0.0,0.025,0.0,0.0,0.0,rs17750048
0.0,0.0,0.025,0.0,0.0,rs141668555
0.15,0.0,0.0,0.025,0.0,rs76788751
0.1,0.0,0.0,0.025,0.025,rs61576961
0.4,0.6,0.425,0.5,0.4,rs5754915
0.25,0.125,0.1,0.125,0.125,rs5994882
0.175,0.125,0.075,0.15,0.125,rs5999265
0.0,0.0,0.05,0.025,0.0,rs144770313
0.15,0.125,0.075,0.025,0.075,rs5999273
0.225,0.375,0.05,0.45,0.425,rs1489889
0.0,0.025,0.0,0.05,0.0,rs75522975
0.45,0.375,0.05,0.4,0.275,rs202916
0.075,0.0,0.0,0.0,0.1,rs77032654
0.0,0.025,0.0,0.025,0.0,rs73158227
0.0,0.225,0.0,0.15,0.175,rs62229383
0.0,0.0,0.0,0.05,0.0,rs74607744
0.0,0.025,0.0,0.025,0.025,rs76069891
0.075,0.1,0.075,0.025,0.075,rs16993879
0.0,0.0,0.0,0.025,0.025,rs116952230
0.0,0.0,0.05,0.0,0.0,rs137960681
0.0,0.075,0.0,0.0,0.05,rs118047770
0.6,0.475,0.075,0.4,0.425,rs435788
0.0,0.025,0.0,0.025,0.025,rs79200805
0.05,0.05,0.025,0.0,0.0,rs116347652
0.625,0.475,0.075,0.4,0.425,rs169467
0.35,0.15,0.15,0.175,0.2,rs176017
0.0,0.025,0.0,0.05,0.0,rs117942242
0.0,0.0,0.0,0.05,0.025,rs75404604
0.0,0.0,0.0,0.025,0.0,rs74386978
0.0,0.0,0.05,0.0,0.0,rs139744762
0.0,0.025,0.025,0.0,0.0,rs117933119
0.0,0.025,0.0,0.0,0.0,rs117181892
0.55,0.75,0.85,0.5,0.85,rs130958
0.15,0.025,0.0,0.0,0.0,rs7289740
0.05,0.0,0.075,0.025,0.15,rs79169662
0.0,0.0,0.0,0.075,0.1,rs34188027
0.0,0.225,0.0,0.15,0.175,rs62230979
0.35,0.25,0.125,0.375,0.3,rs567800
0.1,0.075,0.0,0.25,0.025,rs5755023
0.0,0.0,0.025,0.0,0.0,rs9619442
0.175,0.15,0.1,0.175,0.125,rs11089669
0.225,0.175,0.075,0.175,0.225,rs5755038
0.05,0.1,0.075,0.05,0.075,rs1459025
0.075,0.1,0.075,0.05,0.05,rs8136825
0.2,0.1,0.05,0.175,0.075,rs4821256
0.05,0.225,0.15,0.05,0.075,rs1005285
0.025,0.075,0.025,0.05,0.0,rs112308716
0.575,0.55,0.225,0.375,0.375,rs1380148
0.025,0.075,0.025,0.05,0.0,rs74809596
0.45,0.325,0.175,0.1,0.15,rs11913296
0.0,0.125,0.0,0.1,0.15,rs17824280
0.575,0.5,0.6,0.5,0.475,rs2017523
0.775,0.825,0.825,0.65,0.9,rs1459037
0.0,0.0,0.0,0.0,0.075,rs73160346
0.9,0.75,0.675,0.65,0.575,rs205251
0.0,0.0,0.0,0.025,0.0,rs78252251
0.0,0.075,0.025,0.15,0.1,rs9607149
0.125,0.525,0.4,0.35,0.375,rs743726
0.0,0.0,0.0,0.0,0.0,rs376535565
0.0,0.025,0.0,0.075,0.0,rs117003882
0.0,0.075,0.1,0.025,0.025,rs16994296
0.1,0.2,0.275,0.325,0.475,rs2223271
0.975,0.85,0.7,0.8,0.875,rs8135889
0.0,0.125,0.0,0.0,0.025,rs76039265
0.475,0.775,0.7,0.675,0.85,rs2413241
0.0,0.0,0.0,0.025,0.0,rs74548106
0.725,0.825,0.7,0.8,0.875,rs5755093
0.0,0.0,0.0,0.05,0.0,rs76412680
0.0,0.0,0.0,0.0,0.0,rs79089830
0.225,0.75,0.725,0.675,0.85,rs4821264
0.0,0.0,0.025,0.0,0.0,rs190880483
0.0,0.05,0.075,0.05,0.0,rs77392743
0.2,0.025,0.2,0.0,0.05,rs5749887
0.075,0.075,0.225,0.2,0.175,rs9621974
0.225,0.0,0.0,0.0,0.0,rs12159812
0.0,0.0,0.0,0.0,0.0,rs35254032
0.25,0.0,0.0,0.0,0.0,rs5999462
0.0,0.0,0.0,0.025,0.0,rs75317049
0.0,0.05,0.0,0.075,0.0,rs77703510
0.0,0.025,0.0,0.05,0.0,rs117019075
0.05,0.075,0.075,0.05,0.1,rs2008588
0.075,0.025,0.2,0.025,0.125,rs5755167
0.25,0.0,0.0,0.0,0.0,rs5999481
0.3,0.75,0.475,0.7,0.675,rs5755174
0.05,0.025,0.2,0.025,0.125,rs5749912
0.025,0.0,0.025,0.025,0.05,rs16994484
0.0,0.0,0.0,0.0,0.0,rs151010175
0.05,0.05,0.075,0.05,0.1,rs16994504
0.025,0.0,0.025,0.025,0.05,rs16994510
0.0,0.0,0.0,0.05,0.0,rs9610070
0.0,0.0,0.0,0.0,0.0,rs117858247
0.325,0.075,0.25,0.05,0.175,rs5755200
0.05,0.0,0.025,0.025,0.05,rs7285096
0.125,0.0,0.0,0.0,0.0,rs5999503
0.0,0.05,0.0,0.025,0.05,rs4464372
0.05,0.025,0.175,0.0,0.075,rs112211069
0.0,0.0,0.0,0.0,0.0,rs17772681
0.0,0.025,0.0,0.025,0.025,rs118136083
0.5,0.8,0.625,0.725,0.75,rs4552280
0.0,0.0,0.0,0.05,0.0,rs117276455
0.0,0.0,0.05,0.0,0.0,rs118022016
0.0,0.025,0.0,0.025,0.05,rs117180471
0.0,0.0,0.0,0.1,0.025,rs117925008
0.0,0.0,0.025,0.0,0.0,rs117983151
0.7,0.6,0.85,0.8,0.925,rs137260
0.0,0.0,0.0,0.0,0.0,rs149476257
0.0,0.025,0.0,0.0,0.0,rs117748658
0.0,0.075,0.0,0.0,0.05,rs117601797
0.35,0.3,0.375,0.375,0.375,rs5994992
0.075,0.0,0.275,0.1,0.075,rs137280
0.0,0.0,0.0,0.0,0.0,rs117921466
0.025,0.0,0.075,0.0,0.075,rs34125559
0.25,0.225,0.25,0.35,0.225,rs1028342
0.65,0.6,0.575,0.7,0.85,rs1028343
0.0,0.0,0.0,0.0,0.025,rs117127489
0.0,0.0,0.0,0.075,0.0,rs73164191
0.625,0.225,0.375,0.35,0.425,rs5755319
0.225,0.175,0.25,0.325,0.225,rs16994824
0.175,0.05,0.125,0.025,0.125,rs12159254
0.175,0.125,0.125,0.025,0.1,rs5749970
0.225,0.45,0.175,0.375,0.2,rs742296
0.225,0.1,0.1,0.125,0.075,rs6518912
0.4,0.625,0.475,0.65,0.475,rs5749982
0.0,0.0,0.0,0.0,0.0,rs147775457
0.275,0.075,0.1,0.075,0.075,rs8139897
0.0,0.0,0.0,0.0,0.0,rs75482202
0.0,0.1,0.15,0.25,0.225,rs5755407
0.175,0.0,0.0,0.075,0.1,rs1573674
0.0,0.075,0.1,0.0,0.05,rs5755409
0.0,0.0,0.0,0.0,0.0,rs117838963
0.0,0.025,0.0,0.125,0.0,rs117649015
0.0,0.0,0.025,0.0,0.0,rs149959934
0.1,0.05,0.075,0.1,0.05,rs17702926
0.55,0.425,0.375,0.35,0.2,rs5999636
0.35,0.1,0.125,0.125,0.1,rs5755436
0.075,0.425,0.5,0.5,0.65,rs4256058
0.525,0.475,0.475,0.35,0.25,rs5755445
0.125,0.6,0.475,0.575,0.7,rs5750007
0.0,0.0,0.0,0.025,0.0,rs117163221
0.575,0.675,0.5,0.625,0.775,rs5755451
0.65,0.05,0.025,0.025,0.05,rs12167710
0.225,0.0,0.025,0.0,0.025,rs8137046
0.475,0.15,0.225,0.025,0.075,rs1013513
0.075,0.45,0.25,0.55,0.725,rs3859840
0.0,0.275,0.0,0.35,0.15,rs9610179
0.025,0.025,0.0,0.0,0.025,rs9610180
0.0,0.025,0.0,0.0,0.05,rs78400796
0.175,0.125,0.2,0.025,0.0,rs12160261
0.025,0.125,0.25,0.025,0.0,rs4821334
0.225,0.325,0.375,0.325,0.175,rs9619497
0.35,0.125,0.2,0.025,0.0,rs5755470
0.025,0.0,0.0,0.05,0.075,rs73166090
0.025,0.125,0.15,0.025,0.025,rs5755472
1.0,0.9,0.975,0.875,0.925,rs4541330
0.0,0.075,0.025,0.1,0.15,rs73166096
0.475,0.225,0.1,0.15,0.175,rs5755486
0.1,0.225,0.15,0.175,0.15,rs5750023
0.0,0.05,0.0,0.075,0.05,rs76592472
0.15,0.1,0.075,0.125,0.15,rs62243115
0.0,0.0,0.0,0.0,0.0,rs116845775
0.025,0.025,0.025,0.05,0.05,rs62243117
0.025,0.025,0.025,0.05,0.05,rs5999675
0.125,0.0,0.0,0.0,0.0,rs73882994
0.225,0.15,0.125,0.0,0.025,rs5750031
0.775,0.775,0.425,0.75,0.425,rs5750033
0.6,0.225,0.125,0.0,0.025,rs5755525
0.0,0.025,0.0,0.075,0.0,rs5755535
0.0,0.0,0.0,0.025,0.0,rs117405443
0.625,0.625,0.275,0.675,0.375,rs1080045
0.375,0.075,0.1,0.0,0.025,rs9622106
0.875,0.775,0.425,0.625,0.4,rs5999687
0.0,0.05,0.0,0.0,0.025,rs80097772
0.225,0.2,0.175,0.075,0.05,rs5755544
0.025,0.125,0.0,0.1,0.05,rs5750041
0.0,0.05,0.0,0.0,0.0,rs78283013
0.325,0.075,0.1,0.125,0.2,rs5999690
0.0,0.0,0.0,0.0,0.0,rs187673995
0.0,0.05,0.0,0.05,0.0,rs118137268
0.425,0.2,0.275,0.05,0.075,rs5750056
0.3,0.475,0.175,0.55,0.2,rs7510980
0.0,0.0,0.0,0.05,0.0,rs117112372
0.0,0.025,0.0,0.075,0.125,rs61735502
0.15,0.225,0.0,0.225,0.25,rs11089728
0.0,0.025,0.0,0.075,0.15,rs73168082
0.775,0.55,0.2,0.625,0.35,rs9622142
0.2,0.275,0.6,0.35,0.55,rs134198
0.025,0.025,0.0,0.075,0.125,rs5995062
1.0,0.775,0.725,0.825,0.9,rs28581
0.425,0.075,0.05,0.125,0.2,rs5750060
0.0,0.05,0.0,0.075,0.025,rs80187279
0.325,0.05,0.125,0.1,0.175,rs9610221
0.225,0.025,0.125,0.025,0.025,rs16995370
0.35,0.65,0.25,0.85,0.525,rs5999742
0.35,0.625,0.25,0.85,0.55,rs5999743
0.15,0.025,0.175,0.025,0.025,rs9610224
0.35,0.275,0.775,0.1,0.35,rs2413301
0.0,0.0,0.0,0.025,0.05,rs116973367
0.0,0.0,0.025,0.0,0.0,rs140800971
0.125,0.225,0.575,0.075,0.2,rs7288245
0.0,0.0,0.0,0.0,0.0,rs150820196
0.0,0.0,0.0,0.025,0.0,rs62243533
0.075,0.65,0.25,0.85,0.725,rs134432
0.0,0.0,0.0,0.025,0.0,rs118001361
0.9,0.325,0.675,0.175,0.425,rs9622162
0.0,0.0,0.0,0.05,0.05,rs9622164
0.4,0.675,0.525,0.85,0.75,rs2103642
0.075,0.35,0.3,0.45,0.425,rs10854678
0.075,0.6,0.5,0.725,0.6,rs1053593
0.375,0.625,0.675,0.775,0.65,rs2272790
0.0,0.0,0.0,0.15,0.0,rs73170193
0.0,0.0,0.0,0.025,0.0,rs13057416
0.0,0.125,0.0,0.025,0.0,rs112823782
0.125,0.6,0.475,0.75,0.575,rs138777
0.275,0.65,0.525,0.875,0.75,rs138780
0.4,0.15,0.125,0.1,0.175,rs10483190
0.975,0.825,0.725,0.925,0.95,rs4466
0.05,0.075,0.05,0.075,0.075,rs715514
0.0,0.0,0.0,0.0,0.0,rs367646858
0.0,0.075,0.0,0.025,0.0,rs13055137
0.575,0.575,0.375,0.65,0.725,rs138786
0.0,0.0,0.0,0.0,0.0,rs574965977
0.725,0.175,0.425,0.125,0.2,rs5999796
0.0,0.0,0.0,0.125,0.025,rs5999797
0.875,0.85,0.725,0.95,0.95,rs4467
0.1,0.525,0.375,0.7,0.65,rs138794
0.025,0.05,0.0,0.025,0.0,rs114628428
0.0,0.075,0.0,0.075,0.0,rs79861874
0.225,0.55,0.5,0.5,0.35,rs4359744
0.0,0.075,0.0,0.025,0.0,rs17882950
0.075,0.225,0.375,0.2,0.45,rs4820192
0.0,0.0,0.025,0.0,0.0,rs199554283
0.0,0.0,0.0,0.0,0.0,rs77672261
0.0,0.0,0.0,0.0,0.0,rs200856037
0.025,0.0,0.0,0.0,0.0,rs141730669
0.0,0.0,0.0,0.0,0.0,rs75125910
0.0,0.0,0.0,0.0,0.0,rs148193694
0.1,0.1,0.15,0.05,0.05,rs76382557
0.1,0.375,0.55,0.15,0.4,rs743811
0.575,0.575,0.4,0.7,0.45,rs743815
0.025,0.05,0.0,0.025,0.0,rs4645747
0.0,0.0,0.0,0.0,0.0,rs118180933
0.0,0.0,0.0,0.0,0.0,rs12170872
0.0,0.0,0.0,0.0,0.0,rs140426201
0.0,0.0,0.0,0.0,0.0,rs181776514
0.0,0.0,0.0,0.0,0.0,rs142715814
0.0,0.0,0.0,0.0,0.0,rs183229097
0.15,0.05,0.075,0.025,0.1,rs133414
0.0,0.0,0.025,0.0,0.0,rs4645774
0.0,0.0,0.0,0.0,0.0,rs199849804
0.0,0.0,0.0,0.0,0.0,rs202129823
0.0,0.0,0.0,0.0,0.0,rs199517936
0.0,0.0,0.0,0.0,0.0,rs148746788
0.05,0.175,0.15,0.025,0.075,rs2071740
0.0,0.0,0.0,0.0,0.0,rs199544487
0.0,0.025,0.0,0.0,0.0,rs189808484
0.9,0.425,0.55,0.35,0.4,rs133431
0.0,0.0,0.025,0.0,0.0,rs28676939
0.0,0.0,0.025,0.0,0.05,rs116859443
0.0,0.0,0.0,0.0,0.0,rs76972169
0.375,0.65,0.65,0.85,0.725,rs28459838
0.2,0.05,0.15,0.0,0.1,rs28535885
0.0,0.0,0.0,0.0,0.0,rs142228504
0.0,0.0,0.0,0.05,0.0,rs78841212
0.075,0.15,0.15,0.075,0.025,rs28708905
0.0,0.0,0.0,0.025,0.0,rs117054179
0.0,0.05,0.0,0.1,0.1,rs73154026
0.0,0.025,0.0,0.025,0.0,rs118075321
0.0,0.0,0.0,0.0,0.0,rs117626002
0.175,0.15,0.15,0.1,0.025,rs28707161
0.0,0.025,0.0,0.025,0.0,rs77512881
0.025,0.025,0.0,0.025,0.0,rs374072891
0.0,0.025,0.0,0.025,0.0,rs28625952
0.05,0.5,0.05,0.375,0.25,rs9622202
0.2,0.075,0.15,0.175,0.125,rs5995106
0.875,0.6,0.425,0.45,0.575,rs909704
0.9,0.3,0.225,0.325,0.375,rs5999851
0.0,0.05,0.0,0.05,0.0,rs117694251
0.175,0.575,0.425,0.425,0.5,rs9610308
0.425,0.0,0.025,0.175,0.175,rs139056
0.1,0.45,0.225,0.5,0.3,rs713968
0.275,0.2,0.075,0.125,0.15,rs5999858
0.275,0.375,0.2,0.475,0.25,rs9607271
0.575,0.475,0.175,0.525,0.375,rs12158108
0.375,0.125,0.0,0.1,0.125,rs9622222
0.0,0.0,0.0,0.025,0.075,rs76475935
0.5,0.325,0.725,0.225,0.275,rs5750112
0.675,0.675,0.875,0.5,0.525,rs4820197
0.175,0.125,0.0,0.1,0.125,rs8137058
0.475,0.4,0.55,0.25,0.425,rs6518958
0.55,0.75,0.7,0.8,0.775,rs13054394
0.0,0.0,0.0,0.05,0.0,rs112449613
0.95,0.925,1.0,0.8,0.975,rs738368
0.0,0.0,0.0,0.0,0.0,rs117371455
0.3,0.675,0.375,0.525,0.575,rs2064145
0.075,0.05,0.3,0.0,0.125,rs5750120
0.225,0.525,0.075,0.375,0.425,rs4820204
0.825,0.75,0.65,0.65,0.85,rs8137488
0.0,0.05,0.525,0.05,0.25,rs12628385
0.3,0.225,0.75,0.325,0.475,rs738370
0.025,0.1,0.0,0.15,0.025,rs738371
0.05,0.0,0.175,0.0,0.0,rs74277032
0.0,0.1,0.025,0.075,0.0,rs73154082
0.25,0.075,0.325,0.025,0.0,rs201862181
0.625,0.475,0.55,0.425,0.625,rs4821419
0.0,0.025,0.0,0.075,0.05,rs9607278
0.0,0.025,0.0,0.025,0.0,rs117674301
0.0,0.0,0.0,0.0,0.0,rs45446591
0.925,0.6,0.925,0.5,0.825,rs5755790
0.0,0.025,0.0,0.0,0.0,rs45492203
0.975,0.675,0.925,0.625,0.925,rs4497964
0.95,0.575,0.925,0.5,0.825,rs13057359
0.0,0.025,0.0,0.075,0.0,rs55841632
0.025,0.05,0.075,0.025,0.0,rs117032777
0.125,0.125,0.025,0.125,0.2,rs17722827
0.4,0.275,0.75,0.325,0.675,rs5750141
0.1,0.05,0.15,0.025,0.0,rs5755809
0.05,0.125,0.025,0.125,0.0,rs5999908
0.325,0.25,0.175,0.175,0.2,rs5755821
0.025,0.025,0.0,0.0,0.175,rs112979011
0.0,0.0,0.0,0.025,0.0,rs77311828
0.175,0.05,0.0,0.0,0.15,rs5995134
0.075,0.0,0.175,0.025,0.0,rs5755828
0.15,0.0,0.175,0.025,0.0,rs5750146
0.0,0.0,0.0,0.0,0.025,rs117706555
0.025,0.325,0.05,0.425,0.025,rs8139187
0.175,0.025,0.25,0.05,0.0,rs5755867
0.0,0.0,0.0,0.0,0.0,rs62233611
0.425,0.6,0.725,0.475,0.925,rs5750154
0.0,0.0,0.025,0.0,0.025,rs113934208
0.925,0.55,0.65,0.675,0.875,rs5995155
0.025,0.025,0.0,0.05,0.025,rs117371213
0.075,0.0,0.0,0.0,0.1,rs76439581
0.0,0.0,0.075,0.025,0.0,rs117696654
0.85,0.525,0.775,0.7,0.75,rs2009169
0.025,0.25,0.75,0.25,0.425,rs5750164
0.0,0.0,0.0,0.05,0.025,rs74510800
0.0,0.025,0.0,0.05,0.025,rs117722987
0.6,0.225,0.075,0.35,0.225,rs7291883
0.05,0.175,0.0,0.35,0.2,rs2024642
0.35,0.3,0.85,0.375,0.55,rs9610342
0.475,0.125,0.025,0.125,0.325,rs5999999
0.0,0.025,0.0,0.0,0.025,rs74779819
0.0,0.025,0.0,0.0,0.0,rs62232589
0.0,0.0,0.0,0.0,0.0,rs116896918
0.0,0.075,0.0,0.025,0.025,rs9622285
0.0,0.025,0.0,0.0,0.0,rs74277043
0.0,0.025,0.0,0.0,0.0,rs78036802
0.0,0.05,0.0,0.025,0.0,rs73159795
0.0,0.0,0.0,0.025,0.0,rs117778487
0.175,0.125,0.425,0.375,0.325,rs2051579
0.0,0.025,0.025,0.0,0.0,rs5755960
0.0,0.0,0.0,0.0,0.0,rs117090422
0.025,0.05,0.0,0.05,0.05,rs190463375
0.0,0.05,0.0,0.025,0.0,rs73161707
0.975,0.6,0.5,0.75,0.75,rs6000026
0.65,0.1,0.025,0.075,0.1,rs5755990
0.025,0.025,0.0,0.05,0.05,rs76880662
0.0,0.0,0.025,0.0,0.0,rs117301363
0.0,0.025,0.0,0.05,0.0,rs75048125
0.1,0.05,0.025,0.05,0.05,rs5756012
0.1,0.05,0.025,0.05,0.05,rs2899258
0.0,0.0,0.0,0.05,0.0,rs16996218
0.0,0.0,0.025,0.0,0.0,rs143977609
0.0,0.025,0.0,0.05,0.0,rs117388783
0.0,0.025,0.0,0.0,0.0,rs76570802
0.0,0.0,0.0,0.025,0.0,rs118133888
0.0,0.1,0.0,0.0,0.0,rs188232598
0.0,0.1,0.025,0.0,0.0,rs16985542
0.0,0.0,0.0,0.05,0.05,rs79398316
0.125,0.25,0.2,0.125,0.075,rs5756047
0.45,0.05,0.05,0.05,0.1,rs5995190
0.425,0.075,0.025,0.025,0.05,rs5995192
0.0,0.0,0.0,0.025,0.0,rs118014526
0.0,0.05,0.0,0.025,0.0,rs117962129
0.0,0.0,0.0,0.0,0.0,rs149673542
0.55,0.325,0.3,0.4,0.375,rs4369966
0.05,0.075,0.0,0.25,0.1,rs9607308
0.025,0.025,0.025,0.05,0.1,rs117355685
0.85,0.725,0.525,0.8,0.65,rs878847
0.225,0.0,0.05,0.0,0.0,rs12169898
0.05,0.25,0.375,0.2,0.225,rs8135368
0.1,0.1,0.05,0.125,0.125,rs572141586
0.85,0.6,0.575,0.525,0.55,rs6000135
0.9,0.55,0.575,0.525,0.5,rs2413380
0.0,0.0,0.0,0.025,0.025,rs111697839
0.95,0.525,0.45,0.675,0.725,rs132612
0.1,0.1,0.05,0.075,0.15,rs61731692
0.275,0.45,0.475,0.575,0.6,rs80575
0.05,0.225,0.125,0.225,0.2,rs4821459
0.175,0.25,0.075,0.425,0.25,rs2032518
0.0,0.0,0.0,0.0,0.0,rs77082320
0.0,0.0,0.0,0.0,0.0,rs149537646
0.025,0.025,0.0,0.075,0.05,rs45577431
0.25,0.05,0.0,0.0,0.0,rs11089781
0.475,0.925,0.975,0.85,0.9,rs132653
0.425,0.7,0.875,0.5,0.725,rs132655
0.0,0.0,0.025,0.0,0.0,rs141987701
0.1,0.0,0.0,0.0,0.0,rs12185878
0.325,0.2,0.05,0.1,0.075,rs35321789
0.125,0.375,0.8,0.35,0.5,rs2269594
0.2,0.025,0.0,0.0,0.05,rs5995235
0.8,0.625,0.85,0.5,0.6,rs2239831
0.0,0.0,0.0,0.0,0.025,rs9619593
0.05,0.025,0.0,0.0,0.05,rs6000177
0.0,0.0,0.0,0.0,0.05,rs111993715
0.0,0.0,0.0,0.0,0.05,rs77747510
0.5,0.1,0.025,0.075,0.15,rs6000179
0.0,0.05,0.0,0.075,0.05,rs28431966
0.0,0.0,0.125,0.0,0.0,rs140463019
0.225,0.1,0.05,0.075,0.125,rs9610445
0.75,0.5,0.925,0.45,0.55,rs132736
0.125,0.375,0.05,0.375,0.3,rs12170983
0.375,0.425,0.05,0.35,0.175,rs6000189
0.475,0.275,0.125,0.3,0.2,rs6518994
0.85,0.775,0.9,0.8,0.775,rs132745
0.675,0.375,0.15,0.375,0.425,rs9610448
0.15,0.325,0.1,0.35,0.225,rs5995259
0.075,0.125,0.05,0.275,0.15,rs7284481
0.625,0.05,0.05,0.025,0.175,rs4821469
0.0,0.025,0.0,0.025,0.0,rs77010523
0.0,0.0,0.05,0.0,0.0,rs143412466
0.075,0.15,0.05,0.275,0.15,rs11703398
0.075,0.125,0.05,0.275,0.15,rs11704037
0.65,0.5,0.95,0.5,0.65,rs129607
0.4,0.025,0.05,0.025,0.175,rs7285167
0.0,0.0,0.0,0.0,0.0,rs201222628
0.0,0.025,0.0,0.025,0.0,rs56230516
0.0,0.175,0.05,0.1,0.075,rs2003814
0.0,0.125,0.05,0.05,0.05,rs1557534
0.1,0.125,0.05,0.275,0.175,rs1557535
0.0,0.125,0.05,0.05,0.05,rs112266636
0.2,0.425,0.05,0.425,0.3,rs2001195
0.275,0.275,0.35,0.275,0.275,rs1974458
0.175,0.15,0.15,0.25,0.1,rs34223341
0.1,0.125,0.15,0.25,0.1,rs5756113
0.05,0.125,0.15,0.25,0.1,rs62233823
0.0,0.025,0.0,0.025,0.05,rs78736759
0.025,0.125,0.05,0.1,0.125,rs9610467
0.0,0.125,0.075,0.1,0.125,rs9610468
0.925,0.9,0.8,0.625,0.8,rs136148
0.125,0.0,0.0,0.05,0.0,rs116280906
0.975,0.925,0.825,0.775,0.85,rs136159
0.975,0.925,0.825,0.775,0.85,rs129423
0.975,0.925,0.825,0.775,0.85,rs713929
0.175,0.775,0.75,0.65,0.725,rs713753
0.975,0.925,0.825,0.775,0.85,rs136165
0.975,0.925,0.825,0.775,0.85,rs28480494
0.25,0.9,0.825,0.775,0.85,rs2239785
0.975,0.925,0.825,0.775,0.875,rs136174
0.975,0.925,0.825,0.775,0.875,rs136175
0.975,0.925,0.825,0.775,0.875,rs136176
0.925,0.925,0.8,0.775,0.875,rs136177
0.325,0.0,0.0,0.0,0.0,rs73885319
0.325,0.0,0.0,0.0,0.0,rs60910145
0.125,0.075,0.0,0.025,0.0,rs66473469
0.975,0.925,0.8,0.775,0.9,rs136178
0.375,0.0,0.0,0.0,0.0,rs56277602
0.075,0.425,0.625,0.125,0.35,rs3959632
0.9,0.725,0.9,0.6,0.7,rs767855
0.025,0.025,0.0,0.0,0.0,rs73405712
0.0,0.0,0.05,0.0,0.0,rs117372965
0.1,0.2,0.7,0.125,0.325,rs2481
0.0,0.0,0.05,0.0,0.0,rs138725057
0.0,0.0,0.0,0.0,0.0,rs201463106
0.0,0.0,0.0,0.025,0.0,rs145139708
0.0,0.0,0.025,0.025,0.025,rs2071734
0.0,0.0,0.0,0.0,0.0,rs199722926
0.0,0.0,0.0,0.0,0.0,rs139134727
0.0,0.0,0.1,0.025,0.1,rs75883300
0.0,0.0,0.025,0.0,0.0,rs200616409
0.0,0.0,0.0,0.0,0.0,rs201269631
0.0,0.0,0.0,0.0,0.0,rs201153545
0.0,0.0,0.0,0.0,0.0,rs200732002
0.4,0.025,0.0,0.025,0.0,rs16996648
0.0,0.0,0.025,0.05,0.025,rs59922723
0.0,0.025,0.0,0.025,0.0,rs117734021
0.0,0.0,0.0,0.075,0.025,rs78511797
0.55,0.325,0.75,0.45,0.525,rs1002246
0.5,0.95,0.95,0.85,0.95,rs1005570
0.275,0.55,0.15,0.65,0.45,rs5756157
0.2,0.575,0.15,0.625,0.45,rs8143119
0.0,0.0,0.0,0.0,0.0,rs150313549
0.0,0.0,0.0,0.0,0.0,rs147122501
0.0,0.0,0.0,0.0,0.0,rs145409763
0.95,0.95,0.95,0.975,1.0,rs5756164
0.45,0.475,0.025,0.45,0.125,rs11089788
0.025,0.0,0.0,0.0,0.075,rs117283436
0.0,0.0,0.0,0.025,0.0,rs75142495
0.45,0.625,0.1,0.7,0.375,rs6000262
0.0,0.0,0.0,0.025,0.0,rs111936411
0.125,0.45,0.075,0.5,0.25,rs9610498
0.05,0.075,0.025,0.05,0.125,rs75136417
0.375,0.6,0.1,0.65,0.375,rs974103
0.0,0.0,0.0,0.0,0.025,rs79013767
0.05,0.075,0.025,0.05,0.0,rs2092165
0.5,0.6,0.125,0.725,0.35,rs9610510
0.0,0.0,0.0,0.0,0.0,rs141995232
0.025,0.075,0.025,0.05,0.0,rs75614414
0.55,0.4,0.9,0.3,0.825,rs28547571
0.0,0.075,0.0,0.05,0.025,rs73169606
0.0,0.0,0.0,0.0,0.075,rs141007807
0.0,0.05,0.025,0.025,0.0,rs80201620
0.0,0.0,0.0,0.025,0.0,rs118079741
0.0,0.05,0.025,0.025,0.0,rs75416875
0.0,0.0,0.0,0.1,0.0,rs62229966
0.0,0.1,0.05,0.075,0.05,rs139996
0.15,0.05,0.0,0.0,0.025,rs8141619
0.35,0.125,0.0,0.0,0.225,rs12159290
0.35,0.125,0.0,0.0,0.225,rs12159080
0.25,0.175,0.075,0.2,0.125,rs5756202
0.0,0.0,0.0,0.0,0.0,rs138148862
0.0,0.0,0.0,0.0,0.0,rs150850412
0.075,0.15,0.075,0.175,0.075,rs3747163
0.55,0.75,0.125,0.75,0.525,rs5756214
0.025,0.05,0.0,0.0,0.025,rs73169658
0.0,0.0,0.0,0.025,0.0,rs35417644
0.0,0.1,0.025,0.075,0.05,rs5756223
0.925,0.725,0.125,0.75,0.525,rs2277841
0.225,0.55,0.05,0.55,0.275,rs11704715
0.0,0.025,0.0,0.075,0.0,rs62230001
0.0,0.025,0.0,0.05,0.0,rs62230008
0.0,0.0,0.025,0.0,0.0,rs143180024
0.0,0.0,0.0,0.025,0.0,rs76328101
0.0,0.0,0.0,0.05,0.0,rs6000294
0.3,0.35,0.0,0.275,0.225,rs6000299
0.45,0.175,0.025,0.175,0.125,rs9680657
0.0,0.025,0.0,0.025,0.0,rs79593534
0.025,0.0,0.125,0.05,0.05,rs8142845
0.775,0.35,0.15,0.325,0.275,rs5750269
0.0,0.0,0.0,0.025,0.05,rs111996826
0.0,0.025,0.0,0.025,0.025,rs117107524
0.0,0.175,0.0,0.025,0.0,rs66704836
0.0,0.0,0.0,0.025,0.025,rs79238560
0.0,0.15,0.0,0.0,0.025,rs73169699
0.925,0.475,0.225,0.375,0.5,rs1569488
0.25,0.0,0.025,0.05,0.0,rs5995311
0.4,0.3,0.225,0.375,0.275,rs2267341
0.025,0.275,0.15,0.125,0.15,rs73171810
0.0,0.15,0.0,0.025,0.025,rs17735341
0.1,0.125,0.25,0.3,0.375,rs9622424
0.1,0.0,0.0,0.025,0.0,rs16997001
0.75,0.5,0.225,0.375,0.325,rs2283981
0.35,0.1,0.1,0.2,0.15,rs2283985
0.35,0.3,0.2,0.35,0.25,rs4821506
0.0,0.0,0.0,0.05,0.025,rs117558925
0.0,0.05,0.0,0.025,0.0,rs11704051
0.625,0.85,0.725,0.825,0.725,rs4821512
0.125,0.0,0.0,0.0,0.05,rs58301447
0.825,0.875,0.7,0.825,0.75,rs9754467
0.075,0.075,0.15,0.075,0.15,rs2283996
0.225,0.775,0.575,0.75,0.575,rs738974
0.75,0.875,0.725,0.825,0.775,rs131829
0.425,0.025,0.0,0.0,0.05,rs9622436
0.2,0.1,0.275,0.25,0.225,rs12628674
0.025,0.025,0.0,0.05,0.0,rs74454868
0.175,0.35,0.65,0.425,0.45,rs2284017
0.175,0.375,0.2,0.3,0.475,rs2284018
0.75,0.625,0.35,0.525,0.525,rs2267361
0.0,0.1,0.125,0.05,0.025,rs5756300
0.0,0.0,0.0,0.025,0.0,rs11705610
0.1,0.125,0.125,0.05,0.025,rs5756316
0.375,0.45,0.6,0.575,0.475,rs715541
0.0,0.0,0.0,0.025,0.05,rs56235499
0.075,0.0,0.025,0.0,0.0,rs77929979
0.075,0.1,0.125,0.05,0.025,rs9622461
0.0,0.0,0.025,0.0,0.0,rs117436097
0.0,0.0,0.0,0.0,0.05,rs79378768
0.55,0.925,0.975,0.95,0.975,rs738521
0.0,0.0,0.0,0.0,0.025,rs78420329
0.0,0.0,0.0,0.05,0.0,rs117670011
0.025,0.0,0.0,0.025,0.0,rs9610576
0.65,0.675,0.875,0.75,0.675,rs129333
0.0,0.0,0.0,0.0,0.0,rs118095726
0.0,0.0,0.0,0.0,0.0,rs78099126
0.025,0.0,0.0,0.0,0.0,rs112218090
0.0,0.0,0.0,0.0,0.0,rs199883236
0.15,0.65,0.85,0.7,0.625,rs5750306
0.0,0.05,0.0,0.05,0.1,rs34172130
0.0,0.0,0.0,0.0,0.0,rs76594382
0.15,0.55,0.6,0.775,0.475,rs9610583
0.375,0.425,0.675,0.525,0.55,rs5756349
0.4,0.15,0.2,0.225,0.275,rs4820250
0.025,0.0,0.025,0.05,0.05,rs58290180
0.9,0.475,0.4,0.6,0.525,rs2022068
0.8,0.35,0.225,0.5,0.375,rs4820254
0.825,0.8,0.875,0.9,0.875,rs739031
0.325,0.65,0.8,0.75,0.55,rs2269511
0.0,0.0,0.0,0.075,0.05,rs79274387
0.55,0.775,0.875,0.65,0.675,rs739032
0.55,0.15,0.075,0.1,0.125,rs11913267
0.0,0.0,0.0,0.05,0.0,rs117997132
0.0,0.0,0.05,0.05,0.0,rs73156268
0.725,0.25,0.075,0.3,0.225,rs5995347
0.65,0.15,0.075,0.1,0.1,rs58952608
0.975,0.35,0.15,0.375,0.275,rs5756365
0.0,0.05,0.0,0.05,0.0,rs117684358
0.525,0.15,0.65,0.175,0.125,rs4821540
0.4,0.075,0.05,0.05,0.15,rs6000449
0.05,0.5,0.5,0.5,0.425,rs10854693
0.45,0.15,0.175,0.1,0.3,rs11914104
0.1,0.475,0.5,0.475,0.45,rs11089806
0.1,0.45,0.5,0.45,0.45,rs1883112
0.225,0.075,0.1,0.075,0.125,rs34421414
0.4,0.075,0.1,0.225,0.2,rs741998
0.0,0.0,0.0,0.05,0.025,rs73158117
0.0,0.025,0.0,0.0,0.0,rs143532979
0.0,0.0,0.0,0.0,0.0,rs183179978
0.0,0.025,0.025,0.025,0.1,rs34320195
0.925,0.825,0.625,0.825,0.925,rs760519
0.5,0.675,0.525,0.725,0.8,rs729749
0.0,0.025,0.025,0.025,0.1,rs34756754
0.25,0.175,0.1,0.075,0.1,rs2072712
0.0,0.0,0.0,0.025,0.0,rs117276515
0.0,0.0,0.0,0.0,0.0,rs3959633
0.275,0.6,0.5,0.65,0.6,rs5756379
0.175,0.4,0.475,0.45,0.4,rs5750326
0.0,0.0,0.0,0.025,0.025,rs117586588
0.0,0.175,0.0,0.0,0.05,rs113133371
0.0,0.0,0.0,0.0,0.0,rs62229094
0.125,0.5,0.5,0.425,0.45,rs2413429
0.025,0.125,0.05,0.05,0.025,rs75631160
0.0,0.0,0.0,0.025,0.025,rs75218287
0.0,0.0,0.0,0.05,0.025,rs117414417
0.575,0.8,0.95,0.6,0.725,rs5756390
0.0,0.0,0.0,0.0,0.025,rs17749156
0.05,0.125,0.05,0.05,0.025,rs742000
0.825,0.85,0.95,0.6,0.7,rs713869
0.025,0.025,0.0,0.075,0.05,rs16997492
0.275,0.225,0.4,0.075,0.175,rs4821558
0.1,0.55,0.55,0.45,0.425,rs2075726
0.325,0.15,0.4,0.175,0.25,rs60175411
0.025,0.05,0.075,0.075,0.025,rs77121843
0.15,0.05,0.075,0.075,0.075,rs41280007
0.175,0.55,0.75,0.45,0.425,rs2284031
0.2,0.1,0.2,0.025,0.1,rs17811365
0.075,0.55,0.7,0.45,0.4,rs909486
0.1,0.025,0.0,0.025,0.075,rs74701298
0.025,0.0,0.025,0.0,0.1,rs115081583
0.0,0.0,0.0,0.0,0.0,rs199604353
0.025,0.05,0.0,0.025,0.05,rs16846
0.0,0.0,0.0,0.025,0.0,rs117805308
0.3,0.025,0.0,0.0,0.05,rs6000494
0.0,0.025,0.0,0.0,0.05,rs117511880
0.325,0.6,0.75,0.55,0.45,rs2075936
0.0,0.0,0.0,0.05,0.0,rs73158160
0.7,0.75,0.875,0.775,0.775,rs1534882
0.25,0.125,0.075,0.25,0.175,rs1801117
0.0,0.0,0.0,0.1,0.025,rs1801122
0.175,0.025,0.0,0.025,0.05,rs16997517
0.125,0.075,0.1,0.175,0.1,rs6000495
0.7,0.25,0.125,0.125,0.325,rs1803
0.575,0.2,0.075,0.25,0.45,rs131843
0.125,0.075,0.0,0.1,0.125,rs13055341
0.35,0.025,0.05,0.1,0.2,rs2093381
0.225,0.1,0.05,0.0,0.35,rs58489539
0.0,0.0,0.0,0.05,0.0,rs117957496
0.825,0.375,0.425,0.2,0.475,rs6000503
0.225,0.025,0.0,0.0,0.1,rs62229118
0.8,0.375,0.225,0.35,0.475,rs6000507
0.175,0.15,0.175,0.0,0.15,rs12165584
0.1,0.1,0.05,0.125,0.175,rs73407859
0.225,0.025,0.2,0.05,0.075,rs8142548
0.025,0.075,0.0,0.025,0.025,rs75908076
0.375,0.35,0.35,0.325,0.375,rs2858237
0.85,0.9,0.95,0.7,0.8,rs5756432
0.075,0.1,0.05,0.075,0.15,rs5756437
0.0,0.0,0.0,0.0,0.0,rs75143407
0.0,0.0,0.0,0.025,0.0,rs62230764
0.425,0.3,0.075,0.3,0.275,rs713829
0.2,0.15,0.075,0.075,0.175,rs9610624
0.0,0.0,0.075,0.0,0.0,rs5756466
0.0,0.0,0.0,0.0,0.0,rs201390435
0.0,0.0,0.0,0.0,0.0,rs61742280
0.6,0.475,0.55,0.5,0.325,rs5756477
0.2,0.35,0.575,0.275,0.375,rs5750370
0.75,0.525,0.625,0.575,0.4,rs5756489
0.0,0.025,0.0,0.025,0.0,rs117329814
0.225,0.3,0.55,0.275,0.35,rs5756492
0.0,0.0,0.0,0.0,0.0,rs201809271
0.0,0.0,0.0,0.0,0.0,rs117735021
0.25,0.625,0.6,0.45,0.675,rs135167
0.0,0.0,0.0,0.025,0.025,rs112960605
0.15,0.625,0.6,0.45,0.675,rs25095
0.0,0.0,0.0,0.025,0.0,rs74417775
0.0,0.0,0.0,0.025,0.025,rs117470369
0.0,0.0,0.0,0.0,0.0,rs143231972
0.0,0.0,0.0,0.0,0.0,rs183345487
0.0,0.0,0.0,0.0,0.0,rs117217366
0.0,0.0,0.0,0.075,0.0,rs78029853
0.0,0.0,0.0,0.025,0.0,rs139105452
0.0,0.05,0.0,0.0,0.0,rs73160046
0.425,0.275,0.375,0.5,0.325,rs2235321
0.9,0.525,0.425,0.725,0.35,rs855791
0.0,0.0,0.0,0.0,0.0,rs184024899
0.0,0.0,0.0,0.0,0.0,rs76970337
0.0,0.0,0.0,0.0,0.0,rs201244227
0.725,0.35,0.425,0.475,0.3,rs5756504
0.9,0.35,0.425,0.475,0.3,rs5756506
0.75,0.55,0.425,0.675,0.325,rs4820268
0.85,0.55,0.425,0.675,0.325,rs2413450
0.0,0.025,0.0,0.0,0.0,rs79816125
0.0,0.0,0.0,0.0,0.0,rs143732650
0.0,0.0,0.0,0.025,0.0,rs117576908
0.0,0.0,0.0,0.0,0.0,rs201080354
0.575,0.275,0.375,0.375,0.225,rs9610643
0.0,0.175,0.0,0.025,0.05,rs16990291
0.0,0.0,0.0,0.0,0.0,rs188866418
0.775,0.375,0.55,0.7,0.5,rs2246092
0.0,0.1,0.0,0.025,0.025,rs9607411
0.3,0.25,0.325,0.5,0.3,rs2111833
0.0,0.0,0.0,0.0,0.0,rs185482276
0.025,0.0,0.0,0.0,0.0,rs116092750
0.025,0.0,0.0,0.0,0.0,rs116310349
0.0,0.0,0.0,0.0,0.0,rs145073875
0.025,0.0,0.0,0.0,0.0,rs113803353
0.0,0.0,0.0,0.0,0.0,rs142796336
0.275,0.15,0.3,0.45,0.375,rs9619658
0.25,0.375,0.4,0.675,0.2,rs4140589
0.4,0.25,0.075,0.15,0.2,rs228909
1.0,0.85,1.0,0.925,0.95,rs228916
0.375,0.2,0.2,0.05,0.425,rs11914132
0.325,0.3,0.55,0.5,0.15,rs926331
0.325,0.4,0.375,0.425,0.55,rs5995385
0.0,0.0,0.0,0.0,0.0,rs181177639
0.075,0.325,0.1,0.2,0.225,rs228942
0.0,0.0,0.0,0.0,0.0,rs182482913
0.0,0.0,0.025,0.0,0.0,rs148074427
0.0,0.0,0.0,0.05,0.0,rs80051711
0.0,0.0,0.025,0.0,0.0,rs77540048
0.0,0.0,0.0,0.0,0.05,rs78940252
0.0,0.025,0.0,0.05,0.0,rs3218355
0.375,0.1,0.15,0.125,0.375,rs3218295
0.425,0.425,0.525,0.525,0.475,rs2284033
0.3,0.325,0.175,0.4,0.125,rs2281094
1.0,0.9,1.0,1.0,0.85,rs228962
0.35,0.325,0.3,0.375,0.45,rs1003694
0.075,0.075,0.0,0.05,0.175,rs3218261
1.0,0.7,0.95,0.8,0.825,rs228976
0.0,0.0,0.0,0.05,0.025,rs3218256
0.0,0.0,0.0,0.0,0.0,rs3218254
0.075,0.1,0.125,0.25,0.1,rs3218253
0.975,0.65,0.8,0.675,0.775,rs228979
0.025,0.05,0.125,0.025,0.075,rs78995863
0.55,0.175,0.15,0.275,0.1,rs743777
0.0,0.0,0.0,0.0,0.0,rs112158658
0.425,0.45,0.475,0.35,0.65,rs4821592
0.075,0.075,0.275,0.175,0.075,rs2051582
0.2,0.1,0.15,0.0,0.025,rs16997851
0.5,0.5,0.7,0.5,0.6,rs5750385
0.1,0.5,0.525,0.6,0.525,rs36124857
0.1,0.375,0.35,0.125,0.3,rs12167757
0.15,0.45,0.375,0.275,0.325,rs5756536
0.05,0.0,0.3,0.0,0.1,rs76206423
0.025,0.0,0.0,0.025,0.15,rs17812681
0.725,0.425,0.4,0.25,0.5,rs229519
0.475,0.625,0.625,0.425,0.5,rs229527
0.0,0.0,0.0,0.025,0.0,rs62235064
0.8,0.65,0.65,0.425,0.5,rs229533
0.55,0.45,0.575,0.2,0.325,rs229535
0.8,0.65,0.65,0.425,0.5,rs229541
0.0,0.0,0.175,0.0,0.0,rs5756553
0.975,0.825,0.75,0.5,0.8,rs64547
0.0,0.05,0.0,0.05,0.0,rs76101325
0.0,0.15,0.0,0.025,0.1,rs4988466
0.325,0.25,0.1,0.375,0.25,rs5756562
0.325,0.25,0.075,0.375,0.225,rs762921
0.15,0.25,0.075,0.375,0.25,rs13053175
0.9,0.675,0.85,0.675,0.725,rs933222
0.3,0.15,0.35,0.125,0.05,rs9610672
0.175,0.025,0.025,0.0,0.0,rs200779512
0.075,0.125,0.275,0.1,0.05,rs9610685
0.0,0.0,0.0,0.0,0.0,rs55644139
0.0,0.025,0.0,0.025,0.0,rs80269564
0.025,0.1,0.075,0.25,0.15,rs13058338
0.45,0.25,0.35,0.375,0.375,rs2284038
0.725,0.475,0.65,0.45,0.625,rs2213430
0.575,0.075,0.075,0.125,0.15,rs5995407
0.125,0.15,0.425,0.175,0.2,rs9610688
0.85,0.35,0.5,0.425,0.425,rs739043
0.0,0.05,0.0,0.1,0.0,rs75169631
0.15,0.25,0.0,0.375,0.2,rs8139798
0.0,0.0,0.0,0.125,0.0,rs73161899
0.075,0.225,0.15,0.1,0.275,rs5750402
0.275,0.175,0.0,0.225,0.125,rs9610698
0.15,0.325,0.2,0.35,0.425,rs730422
0.375,0.175,0.65,0.375,0.425,rs7284821
0.1,0.175,0.0,0.05,0.175,rs73884193
0.75,0.55,0.5,0.825,0.625,rs727048
0.3,0.175,0.375,0.35,0.2,rs8141057
0.0,0.0,0.0,0.0,0.025,rs76639480
0.225,0.4,0.1,0.475,0.425,rs3213557
0.0,0.05,0.0,0.0,0.025,rs117935465
0.0,0.025,0.0,0.0,0.075,rs116959384
0.125,0.05,0.0,0.025,0.0,rs56016561
0.825,0.75,0.625,0.55,0.825,rs2239822
0.0,0.0,0.0,0.0,0.0,rs56272035
0.375,0.325,0.525,0.2,0.775,rs2284051
0.0,0.0,0.0,0.125,0.0,rs112420895
0.25,0.2,0.325,0.2,0.475,rs5750410
0.85,0.425,0.5,0.5,0.4,rs5995416
0.5,0.275,0.575,0.475,0.425,rs9610713
0.0,0.025,0.0,0.0,0.0,rs9610716
0.0,0.0,0.0,0.0,0.0,rs148298143
0.325,0.05,0.325,0.175,0.25,rs5750423
0.0,0.0,0.0,0.0,0.025,rs117214702
0.65,0.375,0.25,0.275,0.2,rs4821633
0.275,0.275,0.25,0.3,0.425,rs6000679
0.0,0.0,0.0,0.0,0.0,rs62237465
0.35,0.225,0.25,0.275,0.375,rs4821638
0.375,0.225,0.225,0.2,0.2,rs4821643
0.25,0.05,0.0,0.05,0.0,rs57181655
0.95,0.75,0.75,0.9,0.825,rs5756648
0.525,0.625,0.35,0.475,0.275,rs6000687
0.025,0.025,0.0,0.05,0.0,rs77218314
0.0,0.025,0.0,0.0,0.0,rs77946771
0.0,0.05,0.025,0.075,0.175,rs61011905
0.875,0.725,0.8,0.9,0.85,rs4821651
0.4,0.125,0.45,0.45,0.55,rs5756654
0.075,0.0,0.15,0.1,0.1,rs6000694
0.275,0.15,0.5,0.375,0.4,rs2071856
0.575,0.65,0.375,0.55,0.35,rs4821653
0.85,0.8,0.725,0.925,0.75,rs8141881
0.0,0.125,0.025,0.125,0.05,rs73166406
0.8,0.4,0.35,0.475,0.475,rs6000708
0.125,0.375,0.3,0.475,0.45,rs6000711
0.2,0.325,0.075,0.45,0.175,rs7285729
0.625,0.325,0.3,0.525,0.3,rs5756666
0.075,0.325,0.075,0.325,0.125,rs8139356
0.15,0.0,0.075,0.075,0.025,rs71328610
0.675,0.025,0.075,0.15,0.075,rs6000725
0.475,0.0,0.075,0.1,0.025,rs916317
0.0,0.025,0.0,0.0,0.025,rs11705648
0.25,0.325,0.75,0.225,0.6,rs9610749
0.125,0.0,0.0,0.075,0.05,rs6000727
0.0,0.0,0.025,0.0,0.0,rs370634524
0.1,0.0,0.0,0.0,0.0,rs9622621
0.0,0.05,0.0,0.0,0.0,rs133705
0.45,0.2,0.25,0.2,0.2,rs2097455
0.125,0.05,0.125,0.025,0.175,rs7289181
0.0,0.05,0.2,0.075,0.175,rs112747175
0.55,0.275,0.475,0.325,0.35,rs6000741
0.075,0.05,0.075,0.025,0.0,rs75296635
0.025,0.0,0.0,0.0,0.0,rs116891130
0.0,0.0,0.0,0.025,0.0,rs8192548
0.0,0.0,0.0,0.0,0.0,rs150724311
0.0,0.0,0.0,0.0,0.0,rs200778754
0.025,0.0,0.0,0.0,0.0,rs41280029
0.0,0.0,0.0,0.0,0.025,rs190162662
0.0,0.0,0.0,0.0,0.0,rs117900981
0.025,0.025,0.0,0.0,0.0,rs74843098
0.0,0.0,0.0,0.0,0.0,rs145215123
0.3,0.25,0.35,0.275,0.175,rs5750446
0.675,0.475,0.55,0.5,0.55,rs2235334
0.875,0.45,0.525,0.45,0.425,rs8140025
0.0,0.025,0.0,0.05,0.0,rs2103577
0.3,0.075,0.0,0.025,0.025,rs73416266
0.3,0.1,0.05,0.05,0.025,rs7287804
0.775,0.2,0.25,0.2,0.35,rs6000762
0.575,0.175,0.2,0.15,0.35,rs1534913
0.125,0.075,0.2,0.125,0.325,rs9607469
0.475,0.15,0.2,0.15,0.35,rs6000764
0.5,0.075,0.0,0.05,0.025,rs1079982
0.2,0.05,0.375,0.1,0.125,rs78578442
0.0,0.05,0.375,0.075,0.125,rs77740651
0.525,0.075,0.425,0.1,0.125,rs8137687
0.7,0.25,0.125,0.3,0.3,rs5995460
0.0,0.025,0.0,0.0,0.05,rs73166459
0.35,0.225,0.075,0.3,0.3,rs2235336
0.2,0.025,0.0,0.0,0.0,rs8139004
0.0,0.0,0.0,0.0,0.0,rs111307192
0.0,0.0,0.025,0.0,0.0,rs117181617
0.0,0.0,0.0,0.0,0.0,rs188420751
0.0,0.0,0.0,0.0,0.0,rs77346233
0.325,0.05,0.0,0.0,0.0,rs73418196
0.25,0.625,0.2,0.65,0.45,rs5756736
0.2,0.625,0.225,0.675,0.475,rs7291467
0.025,0.0,0.025,0.0,0.025,rs79101909
0.1,0.525,0.225,0.475,0.45,rs9622641
0.35,0.15,0.35,0.025,0.1,rs12167061
0.0,0.0,0.075,0.0,0.025,rs147582712
0.425,0.15,0.3,0.0,0.075,rs12157904
0.0,0.025,0.0,0.025,0.0,rs142606751
0.0,0.025,0.0,0.1,0.05,rs117275202
0.35,0.15,0.275,0.0,0.1,rs3761442
0.0,0.025,0.0,0.075,0.075,rs117906809
0.275,0.15,0.25,0.0,0.1,rs3817997
0.0,0.0,0.0,0.0,0.0,rs140112498
0.0,0.0,0.0,0.0,0.0,rs62235995
0.025,0.025,0.0,0.0,0.025,rs62235996
0.0,0.075,0.0,0.05,0.0,rs118183308
0.05,0.275,0.05,0.15,0.125,rs12170939
0.075,0.125,0.275,0.0,0.1,rs34680058
0.0,0.0,0.025,0.05,0.0,rs118133095
0.175,0.3,0.225,0.25,0.275,rs78974622
0.0,0.0,0.0,0.0,0.0,rs41283237
0.05,0.1,0.275,0.0,0.1,rs13057866
0.025,0.05,0.1,0.05,0.025,rs62236674
0.15,0.325,0.75,0.4,0.35,rs5756763
0.0,0.025,0.0,0.0,0.0,rs117826239
0.175,0.375,0.85,0.45,0.35,rs12158556
0.675,0.6,0.875,0.75,0.825,rs5750476
0.0,0.0,0.0,0.0,0.0,rs147691840
0.0,0.0,0.0,0.025,0.0,rs144572916
0.375,0.675,0.65,0.55,0.35,rs5750482
0.0,0.025,0.0,0.0,0.0,rs41296243
0.2,0.25,0.575,0.375,0.25,rs9610841
0.0,0.0,0.0,0.0,0.0,rs183811513
0.0,0.0,0.0,0.0,0.0,rs200359708
0.0,0.0,0.0,0.0,0.0,rs200665858
0.0,0.0,0.0,0.0,0.0,rs150183433
0.0,0.0,0.0,0.0,0.0,rs34066624
0.0,0.0,0.0,0.0,0.0,rs183455182
0.0,0.0,0.0,0.025,0.025,rs79355847
0.0,0.0,0.0,0.0,0.0,rs117262262
0.0,0.0,0.025,0.0,0.0,rs373074921
0.0,0.0,0.0,0.0,0.025,rs544219597
0.0,0.0,0.05,0.0,0.0,rs191602285
0.025,0.0,0.0,0.0,0.0,rs147273930
0.0,0.075,0.0,0.0,0.025,rs8139381
0.0,0.0,0.0,0.0,0.0,rs150390222
0.0,0.0,0.0,0.0,0.0,rs150426001
0.0,0.0,0.0,0.0,0.0,rs183941928
0.0,0.0,0.0,0.0,0.0,rs185791823
0.0,0.0,0.0,0.0,0.0,rs200250028
0.0,0.0,0.0,0.0,0.0,rs76574030
0.0,0.0,0.0,0.0,0.0,rs200313246
0.0,0.0,0.0,0.0,0.0,rs138139146
0.0,0.0,0.0,0.0,0.0,rs61737841
0.525,0.025,0.0,0.05,0.075,rs1047326
0.425,0.65,0.675,0.525,0.45,rs5756813
0.05,0.0,0.0,0.025,0.075,rs73411546
0.0,0.0,0.0,0.0,0.0,rs150373699
0.075,0.25,0.325,0.35,0.425,rs2285178
0.0,0.0,0.0,0.025,0.0,rs17856459
0.0,0.025,0.0,0.0,0.0,rs117194465
0.0,0.0,0.0,0.0,0.0,rs146808747
0.0,0.0,0.0,0.075,0.0,rs75571797
0.0,0.0,0.0,0.0,0.0,rs185900367
0.525,0.35,0.125,0.45,0.425,rs9466
0.075,0.0,0.05,0.0,0.1,rs114758702
0.025,0.0,0.0,0.05,0.05,rs148868508
0.0,0.0,0.0,0.0,0.0,rs144049205
0.375,0.025,0.025,0.025,0.125,rs5995515
0.0,0.0,0.0,0.025,0.0,rs74832565
0.0,0.0,0.0,0.025,0.0,rs143910997
0.15,0.0,0.025,0.0,0.05,rs2272829
0.0,0.025,0.0,0.025,0.0,rs34834842
0.0,0.0,0.0,0.025,0.0,rs41274544
0.0,0.0,0.0,0.0,0.0,rs117319198
0.0,0.0,0.0,0.0,0.0,rs190002656
0.8,0.725,0.8,0.6,0.625,rs139866
0.4,0.7,0.8,0.575,0.625,rs139887
0.0,0.0,0.275,0.025,0.075,rs12170378
0.0,0.0,0.0,0.0,0.0,rs118166169
0.0,0.025,0.0,0.0,0.0,rs74646975
0.0,0.0,0.0,0.0,0.0,rs13053900
0.0,0.0,0.0,0.025,0.025,rs56276156
0.0,0.0,0.0,0.0,0.0,rs34975952
0.15,0.0,0.075,0.0,0.05,rs75359613
0.0,0.0,0.0,0.0,0.0,rs373276158
0.025,0.05,0.025,0.0,0.075,rs4821732
0.6,0.65,0.8,0.575,0.6,rs742395
0.25,0.025,0.15,0.0,0.025,rs6000987
0.25,0.5,0.5,0.225,0.3,rs3952
0.95,0.65,0.775,0.575,0.525,rs738443
0.025,0.0,0.05,0.0,0.0,rs35706623
0.95,0.65,0.775,0.575,0.525,rs2076369
0.0,0.025,0.0,0.0,0.0,rs117229343
0.0,0.0,0.0,0.0,0.0,rs201758961
0.125,0.0,0.025,0.0,0.05,rs73419893
0.425,0.425,0.125,0.2,0.125,rs8135665
0.025,0.025,0.0,0.1,0.075,rs142001534
0.2,0.45,0.4,0.3,0.625,rs132930
0.975,0.9,0.625,0.7,0.825,rs4339048
0.025,0.0,0.05,0.025,0.05,rs6001004
0.25,0.475,0.475,0.475,0.75,rs4821738
0.25,0.475,0.575,0.475,0.775,rs5750536
0.675,0.425,0.275,0.45,0.575,rs6001009
0.0,0.025,0.175,0.125,0.15,rs2076114
0.0,0.0,0.0,0.0,0.0,rs141777179
0.0,0.0,0.0,0.0,0.0,rs76718524
0.025,0.05,0.0,0.025,0.025,rs11570690
0.0,0.0,0.0,0.025,0.0,rs11570680
0.0,0.0,0.0,0.0,0.0,rs201190836
0.0,0.0,0.025,0.0,0.0,rs191314194
0.0,0.0,0.0,0.05,0.0,rs738317
0.475,0.3,0.275,0.375,0.45,rs2284063
0.175,0.325,0.1,0.5,0.425,rs5756931
0.175,0.175,0.425,0.15,0.35,rs132944
0.0,0.225,0.0,0.05,0.05,rs12485185
0.175,0.125,0.125,0.05,0.15,rs132966
0.175,0.125,0.075,0.05,0.15,rs132975
0.15,0.125,0.125,0.05,0.15,rs132986
0.1,0.0,0.15,0.0,0.05,rs2267369
0.675,0.425,0.4,0.425,0.625,rs738322
0.15,0.05,0.125,0.0,0.1,rs73154425
0.0,0.0,0.0,0.0,0.0,rs11570597
0.425,0.1,0.125,0.0,0.1,rs57976789
0.525,0.625,0.625,0.575,0.4,rs2267373
0.925,0.9,0.95,0.825,0.8,rs5756972
0.0,0.025,0.0,0.125,0.0,rs112322038
0.0,0.0,0.0,0.0,0.0,rs573481255
0.775,0.375,0.375,0.275,0.425,rs6001054
0.075,0.025,0.1,0.0,0.025,rs76865118
1.0,0.95,0.975,0.95,0.95,rs11089873
0.0,0.025,0.0,0.0,0.0,rs117888066
0.0,0.0,0.0,0.025,0.0,rs61737782
0.0,0.025,0.0,0.1,0.0,rs117666793
0.925,0.45,0.475,0.375,0.675,rs7289126
0.0,0.025,0.0,0.05,0.0,rs118054321
0.0,0.0,0.0,0.0,0.025,rs116921347
0.0,0.0,0.075,0.0,0.025,rs148707198
0.05,0.1,0.05,0.15,0.25,rs76599369
0.4,0.275,0.475,0.225,0.4,rs6001064
0.3,0.025,0.0,0.0,0.0,rs16998847
0.0,0.025,0.0,0.1,0.025,rs117146111
0.0,0.0,0.0,0.0,0.0,rs192868439
0.15,0.3,0.5,0.225,0.4,rs9610927
0.0,0.0,0.025,0.0,0.0,rs138709534
0.3,0.05,0.0,0.0,0.05,rs41456252
0.0,0.0,0.0,0.0,0.0,rs7285556
0.025,0.175,0.25,0.075,0.15,rs12485196
0.1,0.0,0.0,0.0,0.0,rs5757010
0.0,0.0,0.0,0.025,0.0,rs75343559
0.1,0.05,0.2,0.175,0.3,rs17753394
0.95,0.875,0.825,0.8,0.7,rs135737
0.475,0.275,0.625,0.25,0.35,rs6001084
0.275,0.625,0.075,0.575,0.325,rs135745
0.05,0.125,0.0,0.15,0.075,rs135748
0.325,0.675,0.8,0.8,0.65,rs2075983
0.0,0.0,0.0,0.0,0.025,rs117975500
0.025,0.175,0.0,0.075,0.075,rs3890379
0.0,0.05,0.0,0.075,0.05,rs117885773
0.9,0.975,0.8,0.95,0.775,rs1534891
0.0,0.0,0.05,0.0,0.0,rs183680512
0.35,0.675,0.8,0.8,0.6,rs135757
0.325,0.25,0.325,0.475,0.5,rs1997644
0.2,0.275,0.25,0.05,0.0,rs5750592
0.0,0.025,0.1,0.025,0.1,rs75735715
0.05,0.15,0.225,0.325,0.25,rs57485857
0.0,0.0,0.0,0.0,0.0,rs9619738
0.425,0.275,0.3,0.0,0.0,rs5995572
0.0,0.0,0.025,0.0,0.025,rs74277663
0.0,0.0,0.0,0.025,0.0,rs186082313
0.0,0.0,0.0,0.05,0.025,rs17826547
0.15,0.275,0.3,0.025,0.0,rs196109
0.0,0.0,0.0,0.0,0.0,rs143749594
0.025,0.025,0.0,0.0,0.0,rs115129205
0.175,0.35,0.2,0.175,0.225,rs6001117
0.2,0.025,0.0,0.0,0.0,rs196103
0.65,0.625,0.675,0.675,0.8,rs138392
0.225,0.025,0.0,0.0,0.0,rs196114
0.075,0.275,0.25,0.0,0.0,rs4343562
0.225,0.3,0.35,0.25,0.325,rs743942
0.125,0.025,0.0,0.025,0.0,rs105154
0.0,0.275,0.225,0.0,0.0,rs60910684
0.075,0.025,0.125,0.125,0.125,rs11704277
0.0,0.0,0.0,0.0,0.0,rs35699918
0.0,0.125,0.1,0.025,0.0,rs2267386
0.55,0.05,0.125,0.05,0.125,rs196074
0.125,0.375,0.45,0.3,0.4,rs9607537
0.15,0.125,0.2,0.125,0.2,rs9607538
0.0,0.025,0.0,0.05,0.0,rs117100284
0.05,0.025,0.0,0.0,0.0,rs371231853
0.0,0.0,0.0,0.0,0.0,rs13353387
0.0,0.05,0.025,0.05,0.0,rs9610964
0.0,0.0,0.0,0.05,0.1,rs5995580
0.125,0.025,0.25,0.0,0.075,rs62228894
0.0,0.025,0.0,0.025,0.0,rs13055883
0.025,0.025,0.0,0.0,0.0,rs9622823
0.0,0.0,0.0,0.0,0.0,rs149395896
0.25,0.075,0.25,0.0,0.125,rs62228905
0.25,0.075,0.25,0.0,0.125,rs8140235
0.025,0.025,0.0,0.025,0.075,rs117655316
0.0,0.0,0.0,0.05,0.0,rs73157142
0.025,0.0,0.0,0.0,0.0,rs58396845
0.0,0.0,0.0,0.0,0.0,rs187341847
0.0,0.0,0.0,0.0,0.0,rs11570402
0.0,0.025,0.0,0.0,0.0,rs189709641
0.0,0.0,0.05,0.0,0.0,rs143598013
0.175,0.025,0.25,0.0,0.125,rs11570392
0.0,0.0,0.0,0.0,0.0,rs149068240
0.0,0.075,0.025,0.0,0.025,rs75136621
0.0,0.0,0.0,0.0,0.0,rs112861194
0.175,0.025,0.25,0.0,0.125,rs16999109
0.275,0.2,0.4,0.3,0.25,rs5757162
0.0,0.0,0.0,0.0,0.0,rs78037170
0.1,0.075,0.025,0.0,0.025,rs79091541
0.0,0.0,0.0,0.0,0.0,rs117707622
0.1,0.075,0.125,0.275,0.125,rs5995598
0.0,0.0,0.0,0.0,0.0,rs80294953
0.025,0.025,0.0,0.0,0.0,rs12166403
0.2,0.025,0.25,0.0,0.125,rs56304050
0.0,0.0,0.0,0.05,0.0,rs9610989
0.175,0.025,0.25,0.0,0.125,rs16999173
0.0,0.0,0.025,0.0,0.0,rs117679904
0.0,0.05,0.0,0.025,0.0,rs13054225
0.0,0.0,0.0,0.0,0.0,rs199883977
0.0,0.0,0.025,0.0,0.0,rs139609678
0.0,0.0,0.0,0.0,0.0,rs143403345
0.0,0.025,0.0,0.0,0.0,rs62230028
0.0,0.0,0.0,0.0,0.0,rs143129875
0.0,0.0,0.0,0.025,0.0,rs147073203
0.0,0.025,0.0,0.05,0.025,rs77711238
0.275,0.025,0.225,0.0,0.1,rs2072800
0.0,0.0,0.0,0.05,0.0,rs41280833
0.0,0.0,0.0,0.05,0.0,rs11703159
0.0,0.0,0.025,0.0,0.0,rs5757256
0.0,0.0,0.0,0.025,0.025,rs74867304
0.0,0.0,0.0,0.05,0.0,rs116963077
0.0,0.0,0.0,0.0,0.0,rs181456575
0.0,0.0,0.0,0.0,0.0,rs80140331
0.275,0.025,0.225,0.0,0.1,rs16999301
0.0,0.075,0.0,0.0,0.0,rs150030091
0.0,0.05,0.0,0.0,0.0,rs139004902
0.0,0.025,0.175,0.0,0.075,rs138708
0.0,0.0,0.0,0.0,0.0,rs188815884
0.0,0.0,0.0,0.0,0.0,rs149088273
0.0,0.025,0.0,0.05,0.0,rs79483980
0.0,0.025,0.0,0.05,0.125,rs77592206
0.6,0.25,0.675,0.325,0.55,rs5757277
0.05,0.05,0.0,0.0,0.0,rs12329952
0.725,0.95,0.95,0.85,0.85,rs5757279
0.625,0.775,0.925,0.675,0.725,rs4821823
0.0,0.0,0.0,0.0,0.0,rs76400811
0.0,0.0,0.0,0.05,0.0,rs117102707
0.0,0.0,0.0,0.05,0.0,rs78684519
0.15,0.025,0.025,0.25,0.175,rs8140217
0.0,0.025,0.0,0.025,0.025,rs56034166
0.025,0.075,0.15,0.025,0.05,rs4821839
0.0,0.0,0.0,0.05,0.0,rs118016777
0.0,0.025,0.0,0.0,0.0,rs190152516
0.575,0.375,0.65,0.45,0.55,rs78110441
0.0,0.025,0.0,0.025,0.0,rs117388559
0.025,0.075,0.15,0.025,0.05,rs3817727
0.7,0.5,0.875,0.725,0.825,rs2103514
0.05,0.075,0.125,0.025,0.025,rs113002198
0.0,0.0,0.05,0.05,0.0,rs11705574
0.0,0.025,0.2,0.25,0.25,rs13053505
0.175,0.1,0.125,0.0,0.025,rs76535024
0.0,0.0,0.1,0.0,0.0,rs79169291
0.225,0.375,0.575,0.45,0.625,rs5757312
0.0,0.025,0.0,0.025,0.075,rs78145519
0.0,0.0,0.0,0.0,0.025,rs117485037
0.0,0.0,0.0,0.0,0.0,rs117326730
0.95,0.85,0.85,0.8,0.825,rs760481
0.0,0.05,0.075,0.025,0.05,rs80350486
0.0,0.0,0.0,0.025,0.05,rs11705118
0.0,0.0,0.075,0.0,0.025,rs77065598
1.0,0.5,0.9,0.675,0.825,rs5750695
1.0,0.5,0.9,0.675,0.825,rs132513
0.025,0.05,0.1,0.075,0.1,rs7286632
1.0,0.5,0.9,0.675,0.825,rs6519152
0.95,0.4,0.8,0.675,0.825,rs5757362
0.0,0.05,0.05,0.1,0.225,rs5757366
0.0,0.025,0.0,0.05,0.0,rs62228837
0.475,0.1,0.275,0.2,0.275,rs5757373
0.825,0.5,0.45,0.775,0.5,rs7288049
0.35,0.475,0.2,0.65,0.275,rs1014971
0.675,0.425,0.425,0.7,0.45,rs5757387
0.225,0.025,0.25,0.125,0.225,rs9808867
0.15,0.1,0.025,0.05,0.05,rs67536239
0.25,0.025,0.25,0.125,0.275,rs7289653
0.15,0.325,0.475,0.325,0.35,rs5750715
0.85,0.7,0.975,0.6,0.875,rs5757402
0.0,0.025,0.0,0.075,0.0,rs55935155
0.0,0.075,0.075,0.0,0.025,rs78997815
0.325,0.225,0.175,0.25,0.275,rs4365560
0.025,0.2,0.425,0.075,0.125,rs12628403
0.0,0.0,0.125,0.0,0.0,rs117048280
0.25,0.225,0.075,0.325,0.25,rs11089916
0.65,0.475,0.4,0.575,0.675,rs6001363
0.0,0.025,0.0,0.1,0.0,rs56192335
0.425,0.275,0.4,0.375,0.45,rs6001376
0.55,0.525,0.6,0.3,0.45,rs1969643
0.0,0.0,0.0,0.0,0.0,rs117814205
0.15,0.65,0.775,0.45,0.575,rs2076101
0.0,0.025,0.0,0.0,0.0,rs117167939
0.0,0.075,0.3,0.025,0.05,rs5757459
0.0,0.0,0.0,0.025,0.0,rs76924887
0.5,0.025,0.05,0.025,0.025,rs3736685
0.5,0.025,0.05,0.025,0.025,rs8177832
0.1,0.075,0.0,0.05,0.0,rs12158985
0.0,0.125,0.0,0.05,0.025,rs73161559
0.275,0.05,0.025,0.05,0.025,rs67878612
0.0,0.0,0.05,0.05,0.1,rs78724870
0.9,0.275,0.225,0.425,0.425,rs139316
0.175,0.0,0.05,0.05,0.125,rs6001442
0.0,0.025,0.0,0.05,0.025,rs79477683
0.0,0.0,0.0,0.0,0.0,rs76722179
0.6,0.075,0.0,0.075,0.025,rs738469
0.0,0.025,0.0,0.05,0.0,rs117305379
0.025,0.0,0.0,0.1,0.0,rs80051801
0.025,0.15,0.15,0.2,0.225,rs139372
0.325,0.15,0.075,0.325,0.35,rs79501
0.1,0.05,0.0,0.0,0.025,rs6001449
0.0,0.025,0.0,0.025,0.025,rs34963492
0.0,0.0,0.0,0.125,0.025,rs55779697
0.725,0.65,0.7,0.55,0.525,rs714016
0.0,0.0,0.0,0.075,0.0,rs62228283
0.425,0.175,0.15,0.325,0.325,rs877529
0.525,0.225,0.175,0.325,0.35,rs12158877
0.0,0.0,0.025,0.0,0.0,rs186412156
0.125,0.0,0.025,0.075,0.025,rs59680031
0.2,0.075,0.05,0.0,0.075,rs59517128
0.275,0.025,0.05,0.075,0.15,rs7288775
0.05,0.05,0.0,0.0,0.025,rs111538856
0.075,0.0,0.0,0.025,0.1,rs76152274
0.55,0.3,0.325,0.2,0.425,rs7287160
0.025,0.0,0.0,0.025,0.05,rs76651515
0.0,0.0,0.0,0.0,0.0,rs117362372
0.225,0.1,0.05,0.025,0.175,rs12627955
0.35,0.9,0.975,0.9,0.875,rs5757510
0.025,0.1,0.025,0.025,0.125,rs34379659
0.0,0.05,0.0,0.075,0.0,rs76283604
0.0,0.0,0.025,0.0,0.0,rs117897502
0.025,0.0,0.0,0.0,0.0,rs62228310
0.775,0.575,0.825,0.5,0.55,rs5995693
0.575,0.425,0.75,0.475,0.425,rs6001491
0.15,0.275,0.075,0.25,0.3,rs4821872
0.675,0.575,0.675,0.425,0.425,rs1977103
0.8,0.6,0.85,0.475,0.55,rs539802126
0.575,0.325,0.775,0.225,0.25,rs5757558
0.1,0.1,0.075,0.0,0.1,rs75132039
0.0,0.025,0.0,0.05,0.0,rs111871433
0.0,0.025,0.0,0.05,0.125,rs9611112
0.0,0.025,0.0,0.0,0.05,rs73163486
0.275,0.4,0.2,0.55,0.475,rs4990914
0.0,0.0,0.0,0.0,0.0,rs148252800
0.65,0.75,0.875,0.725,0.725,rs5750781
0.075,0.05,0.0,0.075,0.1,rs56229619
0.0,0.05,0.0,0.05,0.0,rs9619805
0.375,0.15,0.075,0.1,0.15,rs2413583
0.3,0.05,0.075,0.0,0.1,rs17000920
0.8,0.5,0.9,0.45,0.7,rs5757593
0.05,0.225,0.775,0.175,0.225,rs968451
0.775,0.825,0.975,0.825,0.85,rs79290
0.125,0.05,0.0,0.05,0.05,rs17304621
0.0,0.0,0.0,0.025,0.025,rs118026751
0.0,0.075,0.0,0.1,0.025,rs9607631
0.0,0.0,0.0,0.0,0.0,rs144181146
0.025,0.225,0.775,0.2,0.25,rs5757611
0.0,0.0,0.0,0.0,0.0,rs141236265
0.225,0.05,0.1,0.0,0.1,rs2076124
0.0,0.0,0.05,0.0,0.0,rs185447229
0.0,0.0,0.0,0.0,0.0,rs143911448
0.0,0.025,0.025,0.0,0.0,rs150475506
0.125,0.05,0.0,0.05,0.05,rs114556035
0.025,0.0,0.0,0.025,0.05,rs117458132
0.8,0.575,0.125,0.575,0.525,rs137684
0.95,0.825,0.9,0.775,0.875,rs137686
0.6,0.375,0.825,0.225,0.525,rs909685
0.725,0.1,0.025,0.025,0.15,rs6001553
0.175,0.075,0.0,0.0,0.05,rs73167316
0.075,0.0,0.025,0.0,0.025,rs16985820
0.025,0.025,0.0,0.05,0.0,rs80181382
0.575,0.7,0.975,0.725,0.875,rs6519190
0.0,0.0,0.0,0.0,0.0,rs193159582
0.0,0.0,0.0,0.075,0.0,rs41274557
0.125,0.25,0.075,0.2,0.15,rs34026806
0.0,0.0,0.0,0.0,0.0,rs34463037
0.0,0.0,0.0,0.0,0.0,rs201220872
0.0,0.0,0.0,0.0,0.0,rs140879164
0.725,0.7,0.925,0.725,0.925,rs5750820
0.0,0.0,0.0,0.0,0.0,rs118074217
0.0,0.0,0.0,0.1,0.0,rs182587258
0.625,0.675,0.925,0.75,0.95,rs5750825
0.725,0.7,1.0,0.75,0.95,rs4821897
0.7,0.675,0.925,0.825,0.95,rs5757678
0.0,0.0,0.025,0.0,0.025,rs139545930
0.0,0.0,0.025,0.0,0.025,rs75264309
0.7,0.675,0.925,0.825,0.95,rs5757683
0.975,0.75,1.0,0.8,0.95,rs909674
0.475,0.5,0.775,0.3,0.325,rs760715
0.55,0.65,0.975,0.45,0.575,rs4821901
0.0,0.05,0.0,0.05,0.0,rs117086217
0.4,0.075,0.0,0.025,0.025,rs73885230
0.05,0.025,0.025,0.0,0.0,rs11704159
0.15,0.1,0.0,0.075,0.175,rs17001167
0.0,0.025,0.0,0.025,0.0,rs117647351
0.875,0.9,0.975,0.625,0.65,rs1033415
0.65,0.45,0.275,0.25,0.4,rs2294360
0.075,0.025,0.125,0.025,0.05,rs4821905
0.0,0.0,0.0,0.0,0.0,rs76044976
0.0,0.025,0.0,0.025,0.0,rs11703406
0.15,0.375,0.15,0.2,0.375,rs710192
0.0,0.025,0.0,0.05,0.0,rs117826659
0.0,0.0,0.0,0.0,0.0,rs189914844
0.075,0.175,0.8,0.225,0.25,rs5757715
0.225,0.025,0.15,0.025,0.05,rs9623016
0.875,0.825,0.95,0.6,0.65,rs5757721
0.65,0.575,0.2,0.25,0.3,rs2413599
0.0,0.0,0.0,0.0,0.0,rs78140321
0.0,0.0,0.025,0.0,0.0,rs117281752
0.0,0.0,0.0,0.0,0.0,rs114876190
0.85,0.625,0.925,0.475,0.65,rs3788556
0.6,0.25,0.05,0.45,0.4,rs132571
0.0,0.0,0.075,0.0,0.0,rs144312783
0.95,0.75,0.875,0.85,1.0,rs132572
0.7,0.275,0.125,0.475,0.4,rs132575
0.0,0.0,0.0,0.025,0.0,rs73169364
0.0,0.0,0.0,0.0,0.0,rs118028480
0.15,0.375,0.75,0.375,0.6,rs2413602
0.0,0.025,0.0,0.0,0.025,rs35874709
0.0,0.05,0.05,0.0,0.0,rs138238213
0.0,0.025,0.0,0.0,0.0,rs713767
0.825,0.375,0.1,0.5,0.425,rs5995756
0.1,0.175,0.2,0.15,0.375,rs5757746
0.0,0.0,0.025,0.0,0.0,rs116872141
0.425,0.225,0.05,0.475,0.425,rs9611204
0.35,0.35,0.775,0.35,0.575,rs3788568
0.0,0.0,0.05,0.0,0.0,rs148301600
0.25,0.55,0.95,0.225,0.175,rs9607660
0.075,0.45,0.675,0.4,0.25,rs136805
0.025,0.0,0.0,0.025,0.025,rs114624981
0.025,0.05,0.0,0.1,0.0,rs117803091
0.0,0.025,0.0,0.025,0.025,rs76470176
0.125,0.275,0.05,0.25,0.05,rs136816
0.125,0.2,0.025,0.275,0.075,rs136829
0.225,0.2,0.025,0.275,0.075,rs136832
0.35,0.025,0.0,0.025,0.0,rs8140214
0.425,0.25,0.05,0.275,0.075,rs136855
0.225,0.3,0.325,0.225,0.25,rs200593805
0.35,0.025,0.0,0.0,0.0,rs8141262
0.65,0.575,0.95,0.375,0.575,rs5750870
0.35,0.225,0.7,0.05,0.15,rs5750871
0.0,0.0,0.0,0.0,0.0,rs56656729
0.0,0.025,0.0,0.0,0.1,rs58439755
0.0,0.0,0.0,0.0,0.0,rs5757772
0.0,0.0,0.0,0.0,0.0,rs144296010
0.6,0.475,0.775,0.475,0.525,rs5757777
0.025,0.025,0.0,0.15,0.0,rs11704241
0.0,0.05,0.075,0.075,0.175,rs10427810
0.0,0.0,0.025,0.0,0.0,rs146425869
0.0,0.0,0.0,0.1,0.0,rs74985600
0.0,0.0,0.0,0.025,0.0,rs9611212
0.0,0.0,0.05,0.0,0.0,rs78929060
0.0,0.0,0.0,0.0,0.0,rs193210955
0.025,0.075,0.1,0.075,0.175,rs73888146
0.975,0.85,1.0,0.8,0.7,rs4597643
0.0,0.0,0.0,0.0,0.0,rs117492549
0.0,0.0,0.0,0.025,0.0,rs77105266
0.325,0.1,0.125,0.225,0.2,rs6001679
0.0,0.05,0.0,0.0,0.0,rs112089227
0.0,0.025,0.0,0.025,0.0,rs117811619
0.0,0.0,0.025,0.0,0.025,rs6001687
0.0,0.0,0.0,0.05,0.0,rs116909307
0.0,0.0,0.025,0.0,0.0,rs76212904
0.0,0.0,0.05,0.0,0.0,rs77376079
0.65,0.275,0.0,0.35,0.325,rs137953
0.0,0.0,0.0,0.0,0.0,rs117796012
0.0,0.0,0.0,0.0,0.0,rs148184959
0.65,0.5,0.6,0.425,0.575,rs137972
0.725,0.5,0.7,0.4,0.75,rs137979
0.55,0.15,0.0,0.25,0.3,rs137980
0.075,0.3,0.675,0.225,0.475,rs713883
0.0,0.0,0.0,0.05,0.0,rs117475298
0.225,0.1,0.125,0.225,0.4,rs3021213
0.0,0.025,0.0,0.1,0.0,rs9611234
0.175,0.0,0.0,0.05,0.0,rs2958667
0.875,0.55,0.4,0.925,0.7,rs2284078
0.025,0.15,0.0,0.0,0.025,rs56057810
0.0,0.0,0.0,0.0,0.0,rs117854879
0.2,0.025,0.025,0.0,0.075,rs78753200
0.175,0.15,0.075,0.275,0.1,rs7285507
0.0,0.0,0.1,0.0,0.0,rs117615867
0.0,0.0,0.0,0.0,0.025,rs117035363
0.075,0.15,0.1,0.275,0.1,rs62230283
0.0,0.0,0.0,0.025,0.0,rs117741951
0.0,0.0,0.0,0.025,0.025,rs117571052
0.0,0.025,0.0,0.075,0.025,rs73165022
0.0,0.0,0.0,0.025,0.0,rs77048750
0.0,0.0,0.1,0.0,0.0,rs144307587
0.875,0.15,0.05,0.175,0.225,rs9623117
0.0,0.075,0.0,0.0,0.0,rs144573696
0.0,0.025,0.0,0.075,0.0,rs118176772
0.0,0.0,0.0,0.05,0.025,rs116894924
0.0,0.0,0.0,0.0,0.0,rs12166639
0.95,0.25,0.15,0.35,0.5,rs7292838
0.95,0.175,0.05,0.15,0.2,rs6001762
0.4,0.125,0.05,0.15,0.225,rs713639
0.0,0.025,0.0,0.075,0.0,rs117093907
0.0,0.0,0.125,0.0,0.0,rs117941537
0.0,0.05,0.0,0.075,0.0,rs62236803
0.0,0.025,0.0,0.1,0.025,rs9611280
0.75,0.2,0.025,0.2,0.2,rs11089975
0.0,0.0,0.0,0.0,0.0,rs369318562
0.0,0.0,0.0,0.025,0.0,rs117836873
0.0,0.025,0.0,0.075,0.0,rs62236841
0.95,0.475,0.1,0.225,0.225,rs8138982
0.0,0.2,0.25,0.325,0.45,rs28722029
0.025,0.475,0.425,0.35,0.475,rs739182
0.075,0.8,0.975,0.8,0.8,rs138027
0.0,0.05,0.0,0.075,0.075,rs1894588
0.0,0.0,0.0,0.05,0.025,rs78239359
0.1,0.375,0.325,0.175,0.325,rs12484776
0.1,0.5,0.425,0.35,0.475,rs12628051
0.0,0.0,0.0,0.0,0.0,rs146306455
0.0,0.0,0.0,0.0,0.0,rs185350408
0.0,0.0,0.0,0.0,0.0,rs188361271
0.0,0.0,0.0,0.0,0.0,rs143708410
0.025,0.0,0.0,0.0,0.05,rs17001776
0.0,0.0,0.0,0.025,0.025,rs73165088
0.0,0.0,0.0,0.0,0.0,rs150350432
0.0,0.0,0.0,0.0,0.0,rs192239190
0.975,0.75,0.45,0.65,0.75,rs139909
0.0,0.0,0.0,0.025,0.0,rs117747299
0.0,0.0,0.025,0.0,0.0,rs117523754
0.0,0.0,0.0,0.0,0.0,rs150650418
0.0,0.0,0.0,0.0,0.0,rs13057958
0.0,0.025,0.0,0.0,0.0,rs77895566
0.225,0.45,0.25,0.175,0.125,rs12484697
0.0,0.0,0.0,0.025,0.0,rs192703567
0.0,0.025,0.2,0.025,0.05,rs117820381
0.0,0.0,0.0,0.0,0.0,rs751367
0.0,0.0,0.0,0.0,0.0,rs143083947
0.05,0.0,0.0,0.0,0.0,rs148411623
0.0,0.0,0.0,0.0,0.0,rs181252862
0.0,0.0,0.0,0.05,0.0,rs8192461
0.0,0.0,0.0,0.0,0.0,rs34396910
0.125,0.1,0.025,0.15,0.15,rs17001863
0.0,0.0,0.0,0.0,0.0,rs192303222
0.0,0.025,0.0,0.0,0.0,rs76075068
0.0,0.025,0.0,0.05,0.0,rs28676471
0.025,0.425,0.25,0.125,0.125,rs17001868
0.0,0.0,0.0,0.05,0.025,rs73167017
0.0,0.0,0.0,0.0,0.0,rs186661921
0.0,0.0,0.0,0.0,0.0,rs189364446
0.0,0.0,0.0,0.025,0.0,rs9611338
0.0,0.0,0.0,0.0,0.0,rs199798508
0.275,0.45,0.325,0.175,0.15,rs760700
0.1,0.45,0.25,0.175,0.15,rs760701
0.0,0.0,0.0,0.0,0.0,rs201332923
0.0,0.0,0.025,0.0,0.0,rs186166271
0.0,0.0,0.0,0.0,0.0,rs200131558
0.0,0.0,0.0,0.0,0.0,rs202162334
0.0,0.0,0.0,0.0,0.0,rs187933704
0.225,0.025,0.0,0.05,0.0,rs6001904
0.0,0.025,0.0,0.025,0.0,rs78875171
0.0,0.0,0.0,0.0,0.0,rs201944805
0.0,0.0,0.0,0.0,0.0,rs145316385
0.025,0.0,0.0,0.0,0.0,rs74347558
0.0,0.0,0.0,0.0,0.0,rs201134748
0.0,0.0,0.0,0.025,0.0,rs200555648
0.0,0.0,0.0,0.0,0.0,rs78093737
0.0,0.0,0.0,0.0,0.0,rs116971651
0.0,0.0,0.0,0.0,0.0,rs199952280
0.0,0.025,0.0,0.0,0.0,rs75075962
0.0,0.0,0.0,0.0,0.0,rs181447706
0.775,0.375,0.375,0.55,0.675,rs4507196
0.0,0.0,0.05,0.1,0.1,rs56253436
0.025,0.0,0.0,0.0,0.0,rs57948569
0.0,0.0,0.1,0.0,0.0,rs150158462
0.1,0.05,0.325,0.125,0.175,rs6001930
0.0,0.0,0.0,0.0,0.025,rs190403080
0.175,0.2,0.625,0.425,0.325,rs9611367
0.0,0.0,0.0,0.0,0.0,rs118014095
0.0,0.0,0.0,0.0,0.0,rs116974822
0.0,0.0,0.0,0.05,0.0,rs118067986
0.0,0.0,0.0,0.025,0.0,rs73169024
0.0,0.0,0.025,0.0,0.0,rs149173803
0.0,0.0,0.025,0.0,0.025,rs117518970
0.075,0.025,0.0,0.025,0.0,rs9607732
0.0,0.0,0.0,0.0,0.0,rs80270068
0.0,0.0,0.0,0.05,0.025,rs133033
0.0,0.05,0.0,0.0,0.0,rs117294683
0.0,0.0,0.0,0.0,0.0,rs76204748
0.0,0.0,0.0,0.0,0.0,rs185421316
0.0,0.0,0.025,0.0,0.025,rs151080591
0.0,0.0,0.0,0.05,0.0,rs76653253
0.3,0.125,0.375,0.225,0.25,rs12159200
0.0,0.075,0.0,0.05,0.025,rs147997002
0.0,0.025,0.0,0.05,0.0,rs117871311
0.0,0.0,0.0,0.025,0.0,rs73171018
0.625,0.325,0.975,0.675,0.55,rs133073
0.225,0.275,0.975,0.65,0.525,rs5758036
0.0,0.0,0.0,0.0,0.0,rs188147970
0.0,0.0,0.0,0.0,0.0,rs150436727
0.0,0.0,0.0,0.0,0.0,rs45439291
0.0,0.0,0.0,0.0,0.0,rs185683636
0.275,0.2,0.825,0.6,0.55,rs133074
0.225,0.075,0.175,0.025,0.125,rs9611386
0.425,0.275,0.975,0.525,0.625,rs133076
0.0,0.025,0.0,0.0,0.0,rs138558255
0.175,0.125,0.2,0.2,0.2,rs6002043
0.0,0.025,0.0,0.0,0.0,rs77582394
0.2,0.075,0.05,0.15,0.175,rs17344701
0.0,0.025,0.0,0.05,0.0,rs78985466
0.0,0.05,0.0,0.05,0.025,rs9611406
0.2,0.125,0.175,0.2,0.2,rs1884276
0.0,0.0,0.0,0.0,0.0,rs149770653
0.175,0.075,0.175,0.15,0.175,rs111774685
0.15,0.075,0.175,0.15,0.225,rs2038339
0.625,0.2,0.85,0.475,0.525,rs5758064
0.175,0.1,0.7,0.325,0.35,rs11806
0.0,0.025,0.0,0.025,0.0,rs118164926
0.0,0.0,0.0,0.0,0.0,rs117147580
0.025,0.425,0.0,0.05,0.0,rs117487309
0.125,0.075,0.15,0.125,0.175,rs12628488
0.0,0.0,0.0,0.025,0.0,rs74770429
0.25,0.075,0.175,0.05,0.05,rs6002171
0.0,0.0,0.0,0.05,0.0,rs62237004
0.0,0.025,0.0,0.0,0.0,rs78115184
0.0,0.0,0.025,0.0,0.0,rs140335958
0.25,0.075,0.175,0.05,0.05,rs6002182
0.0,0.0,0.025,0.0,0.025,rs143031847
0.0,0.0,0.0,0.025,0.0,rs62237039
0.925,0.9,0.475,0.675,0.625,rs138352
0.9,0.85,0.2,0.55,0.525,rs138354
0.0,0.05,0.0,0.05,0.0,rs9607751
0.0,0.0,0.0,0.0,0.0,rs2073121
0.0,0.0,0.05,0.0,0.0,rs117777505
0.5,0.275,1.0,0.5,0.55,rs1005402
0.0,0.0,0.0,0.0,0.0,rs140974387
0.0,0.05,0.0,0.05,0.0,rs34710289
0.0,0.0,0.0,0.0,0.0,rs376535634
0.0,0.0,0.0,0.0,0.0,rs186524609
0.0,0.0,0.0,0.0,0.0,rs146023695
0.0,0.025,0.0,0.025,0.0,rs117912353
0.0,0.025,0.0,0.025,0.025,rs111736209
0.0,0.025,0.0,0.0,0.0,rs117990764
0.0,0.0,0.0,0.0,0.0,rs78909142
0.25,0.8,0.8,0.825,0.85,rs13055033
0.3,0.15,0.2,0.175,0.175,rs62237051
0.3,0.7,0.375,0.425,0.475,rs4821981
0.0,0.025,0.0,0.1,0.0,rs117428413
0.0,0.0,0.025,0.0,0.0,rs149186780
0.0,0.0,0.0,0.025,0.0,rs117234572
0.175,0.825,0.475,0.675,0.675,rs4821995
0.525,0.9,0.8,0.775,0.825,rs5758211
0.0,0.0,0.0,0.05,0.025,rs62238688
0.0,0.0,0.0,0.0,0.0,rs117154077
0.0,0.0,0.025,0.0,0.0,rs59557763
0.0,0.0,0.0,0.0,0.0,rs116856246
0.375,0.775,0.7,0.625,0.725,rs9611497
0.0,0.0,0.0,0.0,0.0,rs117390547
0.0,0.0,0.0,0.0,0.0,rs147583157
0.0,0.0,0.025,0.0,0.0,rs3818121
0.0,0.025,0.0,0.0,0.0,rs35531014
0.0,0.0,0.0,0.025,0.0,rs17002308
0.0,0.0,0.0,0.0,0.0,rs79187507
0.0,0.0,0.0,0.075,0.0,rs75278256
0.175,0.775,0.5,0.625,0.675,rs2076577
0.0,0.075,0.0,0.0,0.0,rs73176628
0.0,0.05,0.0,0.0,0.0,rs117181566
0.25,0.5,0.275,0.3,0.425,rs3818003
0.0,0.0,0.0,0.025,0.0,rs112391039
0.0,0.0,0.05,0.0,0.075,rs142672062
0.0,0.0,0.0,0.0,0.0,rs117213149
0.925,0.85,0.625,0.675,0.7,rs139480
0.0,0.025,0.0,0.05,0.125,rs9611526
0.0,0.0,0.025,0.0,0.0,rs17002382
0.0,0.0,0.0,0.0,0.0,rs180753516
0.25,0.175,0.325,0.4,0.3,rs139507
0.725,0.875,0.65,0.675,0.725,rs139513
0.15,0.0,0.0,0.025,0.0,rs6002301
0.225,0.65,0.325,0.3,0.425,rs2235852
0.0,0.0,0.0,0.025,0.025,rs117716410
0.0,0.0,0.0,0.05,0.0,rs73176670
0.0,0.025,0.0,0.075,0.0,rs9607793
0.775,0.725,0.7,0.475,0.6,rs1883828
0.0,0.0,0.0,0.0,0.0,rs117321721
0.1,0.575,0.025,0.175,0.275,rs12484074
0.1,0.425,0.025,0.175,0.3,rs28638318
0.25,0.625,0.05,0.175,0.3,rs4822024
0.575,0.6,0.35,0.225,0.35,rs5751086
0.175,0.075,0.0,0.175,0.05,rs11090046
0.225,0.0,0.0,0.025,0.05,rs73416880
0.025,0.025,0.0,0.025,0.125,rs116434743
0.0,0.0,0.0,0.0,0.0,rs117606820
0.125,0.45,0.025,0.15,0.275,rs9611577
0.0,0.0,0.0,0.075,0.0,rs78500963
0.925,0.5,0.65,0.5,0.45,rs2899345
0.2,0.125,0.35,0.0,0.05,rs5758350
0.0,0.025,0.0,0.1,0.0,rs41276319
0.975,0.55,0.975,0.85,0.75,rs2011790
0.0,0.025,0.0,0.0,0.0,rs11704973
0.875,0.55,0.85,0.85,0.725,rs9423
0.0,0.0,0.0,0.0,0.025,rs111452936
0.0,0.0,0.0,0.025,0.0,rs78851025
0.0,0.025,0.0,0.1,0.0,rs9607809
0.175,0.125,0.35,0.0,0.05,rs5751117
0.0,0.0,0.0,0.0,0.0,rs141772938
0.0,0.05,0.0,0.0,0.0,rs76120255
0.0,0.0,0.0,0.0,0.0,rs150544482
0.0,0.0,0.0,0.0,0.0,rs186260773
0.0,0.0,0.0,0.0,0.0,rs141878785
0.0,0.0,0.0,0.0,0.0,rs2006715
0.0,0.0,0.0,0.0,0.0,rs201332324
0.0,0.0,0.0,0.025,0.025,rs62236521
0.125,0.425,0.0,0.15,0.25,rs9611610
0.0,0.0,0.0,0.0,0.0,rs143715682
0.225,0.15,0.0,0.0,0.0,rs7291704
0.3,0.025,0.025,0.0,0.0,rs17002517
0.0,0.0,0.0,0.0,0.0,rs148484196
0.0,0.025,0.0,0.0,0.0,rs28384701
0.95,0.625,0.95,0.85,0.75,rs5758397
0.025,0.25,0.0,0.025,0.0,rs28741110
0.0,0.0,0.0,0.1,0.0,rs73161324
0.0,0.025,0.0,0.0,0.0,rs79926446
0.0,0.0,0.0,0.0,0.0,rs78392319
0.125,0.125,0.0,0.0,0.0,rs28384783
0.9,0.475,0.95,0.875,0.875,rs739134
0.05,0.15,0.0,0.0,0.0,rs2839716
0.025,0.125,0.0,0.0,0.0,rs73161347
0.0,0.0,0.0,0.0,0.025,rs147348682
0.0,0.05,0.0,0.05,0.0,rs118172140
0.0,0.0,0.0,0.0,0.0,rs78712535
0.0,0.0,0.0,0.025,0.0,rs78339304
0.025,0.15,0.0,0.0,0.0,rs8135192
0.0,0.075,0.025,0.025,0.05,rs17449595
0.0,0.0,0.0,0.025,0.0,rs79634727
0.95,0.6,0.95,0.85,0.875,rs713988
0.0,0.0,0.0,0.025,0.0,rs117206252
0.025,0.125,0.0,0.0,0.0,rs73163330
0.15,0.2,0.475,0.35,0.425,rs738247
0.05,0.125,0.0,0.0,0.05,rs200158017
0.825,0.65,0.175,0.35,0.275,rs139568
0.025,0.15,0.0,0.025,0.0,rs7292894
0.0,0.025,0.0,0.025,0.0,rs17378709
0.0,0.0,0.0,0.0,0.0,rs113193963
0.0,0.0,0.025,0.0,0.0,rs149292655
0.3,0.25,0.425,0.475,0.55,rs9607850
0.0,0.0,0.0,0.0,0.0,rs117634052
0.0,0.0,0.025,0.0,0.0,rs375131126
0.325,0.175,0.0,0.05,0.0,rs9607852
0.0,0.0,0.0,0.0,0.0,rs201991869
0.7,0.6,0.15,0.225,0.125,rs2228314
0.0,0.0,0.0,0.0,0.0,rs142520642
0.125,0.0,0.0,0.0,0.0,rs2229440
0.325,0.1,0.425,0.15,0.15,rs5751174
0.325,0.175,0.0,0.05,0.0,rs9623468
0.925,0.75,0.525,0.525,0.425,rs1052717
0.2,0.075,0.1,0.1,0.1,rs17002737
0.775,0.75,0.525,0.675,0.45,rs2267443
0.0,0.0,0.0,0.0,0.0,rs200341971
0.0,0.0,0.0,0.0,0.0,rs200865732
0.0,0.025,0.0,0.025,0.0,rs117728734
0.0,0.0,0.0,0.0,0.0,rs149314298
0.0,0.0,0.0,0.0,0.0,rs201251541
0.0,0.025,0.0,0.0,0.0,rs61756766
0.275,0.375,0.075,0.025,0.125,rs67516067
0.4,0.475,0.15,0.1,0.225,rs1023500
0.975,0.8,0.225,0.425,0.425,rs5996094
0.875,0.525,0.05,0.3,0.3,rs62240996
0.0,0.0,0.0,0.025,0.0,rs77350866
0.2,0.3,0.8,0.55,0.575,rs5751191
0.0,0.0,0.0,0.0,0.0,rs118061137
0.0,0.025,0.375,0.025,0.05,rs2269665
0.675,0.75,0.825,0.775,0.8,rs5751194
0.0,0.025,0.0,0.05,0.05,rs112204402
0.8,0.75,0.825,0.725,0.775,rs133299
0.475,0.725,0.825,0.725,0.775,rs133302
0.0,0.0,0.0,0.05,0.0,rs55758879
0.275,0.425,0.05,0.225,0.25,rs1062753
0.475,0.725,0.825,0.725,0.775,rs133333
0.475,0.725,0.825,0.725,0.775,rs5758550
0.0,0.0,0.05,0.025,0.025,rs140121343
0.0,0.0,0.025,0.0,0.0,rs117242066
0.05,0.0,0.025,0.0,0.025,rs147771475
0.0,0.025,0.0,0.05,0.025,rs78036465
0.0,0.0,0.025,0.0,0.0,rs5751208
0.0,0.025,0.375,0.025,0.05,rs5758563
0.0,0.025,0.0,0.025,0.0,rs11703233
0.0,0.0,0.0,0.0,0.0,rs121434529
0.0,0.0,0.0,0.0,0.0,rs201294991
0.0,0.0,0.0,0.0,0.0,rs3747186
0.0,0.0,0.0,0.0,0.0,rs73167109
0.0,0.0,0.0,0.05,0.025,rs62238591
0.0,0.0,0.0,0.0,0.0,rs115916491
0.525,0.375,0.225,0.3,0.3,rs6002616
0.8,0.55,0.6,0.525,0.5,rs5751216
0.0,0.0,0.0,0.025,0.0,rs199722016
0.225,0.45,0.375,0.475,0.5,rs1135840
0.0,0.025,0.0,0.0,0.0,rs79392742
0.45,0.625,0.8,0.7,0.7,rs28371730
0.0,0.0,0.0,0.05,0.0,rs28371729
0.0,0.0,0.0,0.0,0.0,rs75386357
0.0,0.0,0.0,0.0,0.025,rs149686350
0.125,0.0,0.0,0.0,0.0,rs59421388
0.0,0.0,0.0,0.0,0.0,rs554540676
0.0,0.0,0.0,0.0,0.025,rs5030867
0.0,0.0,0.0,0.0,0.0,rs201297021
0.35,0.625,0.8,0.7,0.7,rs16947
0.0,0.0,0.0,0.0,0.0,rs371181941
0.0,0.0,0.0,0.0,0.0,rs569926140
0.0,0.0,0.0,0.0,0.0,rs146540061
0.0,0.0,0.0,0.0,0.0,rs544790460
0.0,0.0,0.0,0.0,0.0,rs188062577
0.0,0.0,0.0,0.0,0.0,rs371793722
0.0,0.0,0.0,0.0,0.0,rs567606867
0.0,0.0,0.0,0.0,0.0,rs554875652
0.0,0.0,0.0,0.0,0.0,rs5030865
0.05,0.0,0.0,0.0,0.0,rs28371710
0.0,0.0,0.0,0.0,0.0,rs569229126
0.0,0.0,0.0,0.0,0.0,rs1135823
0.0,0.0,0.0,0.0,0.0,rs368389952
0.075,0.05,0.425,0.05,0.05,rs1081003
0.3,0.025,0.0,0.0,0.0,rs28371706
0.025,0.1,0.0,0.175,0.15,rs28371703
0.0,0.0,0.0,0.0,0.0,rs575159870
0.5,0.65,0.8,0.7,0.7,rs1080996
0.125,0.0,0.0,0.0,0.0,rs1080993
0.0,0.0,0.0,0.0,0.0,rs530422334
0.0,0.0,0.125,0.0,0.0,rs74966855
0.325,0.625,0.8,0.7,0.7,rs28624811
0.0,0.0,0.0,0.0,0.0,rs59360719
0.075,0.025,0.0,0.0,0.0,rs58188898
0.0,0.025,0.0,0.025,0.0,rs11702937
0.0,0.0,0.05,0.0,0.0,rs373304350
0.85,0.775,0.725,0.725,0.75,rs6519313
0.2,0.2,0.275,0.225,0.175,rs4453786
0.1,0.075,0.025,0.025,0.075,rs9306356
0.1,0.05,0.275,0.05,0.05,rs5758632
0.0,0.025,0.0,0.05,0.0,rs73169115
0.0,0.025,0.0,0.0,0.025,rs2839711
0.0,0.025,0.0,0.0,0.0,rs117965774
0.7,0.425,0.7,0.45,0.5,rs6002655
0.375,0.3,0.325,0.225,0.25,rs932376
0.0,0.0,0.0,0.0,0.025,rs117749753
0.125,0.15,0.0,0.175,0.125,rs56906457
0.0,0.0,0.0,0.125,0.0,rs78870601
0.0,0.0,0.0,0.0,0.0,rs370377794
0.0,0.025,0.0,0.0,0.0,rs75628172
0.05,0.175,0.0,0.175,0.125,rs56400210
0.025,0.175,0.0,0.05,0.0,rs4822099
0.675,0.575,0.7,0.625,0.6,rs134874
0.0,0.0,0.0,0.025,0.0,rs134875
0.075,0.4,0.425,0.425,0.475,rs134882
0.0,0.0,0.075,0.0,0.0,rs143432784
0.8,0.65,0.75,0.65,0.75,rs134904
0.175,0.35,0.225,0.25,0.2,rs9611766
0.0,0.025,0.0,0.05,0.05,rs112585007
0.2,0.15,0.225,0.1,0.25,rs9623554
0.25,0.175,0.225,0.1,0.275,rs6002674
0.25,0.45,0.35,0.375,0.375,rs8137939
0.775,0.65,0.575,0.5,0.65,rs4822104
0.2,0.0,0.025,0.025,0.05,rs8138069
0.975,0.525,0.6,0.4,0.55,rs739150
0.0,0.05,0.1,0.0,0.2,rs79527556
0.025,0.0,0.2,0.025,0.05,rs79463777
0.025,0.0,0.2,0.025,0.05,rs57892117
0.075,0.075,0.2,0.0,0.175,rs7285654
0.2,0.575,0.2,0.4,0.3,rs9620039
0.65,0.125,0.4,0.05,0.2,rs6002695
0.125,0.525,0.1,0.375,0.25,rs2157294
0.0,0.0,0.0,0.025,0.0,rs77780735
0.125,0.0,0.0,0.025,0.0,rs73435512
0.0,0.025,0.0,0.05,0.0,rs116900029
0.375,0.05,0.0,0.025,0.0,rs9623572
0.325,0.025,0.025,0.025,0.075,rs73435518
0.775,0.575,0.225,0.425,0.375,rs11090090
0.0,0.075,0.0,0.125,0.0,rs73173004
0.0,0.0,0.0,0.0,0.0,rs117199695
0.0,0.0,0.0,0.05,0.0,rs113685239
0.125,0.15,0.1,0.125,0.275,rs733278
0.0,0.0,0.0,0.0,0.0,rs76257850
0.525,0.3,0.25,0.125,0.175,rs8139063
0.025,0.0,0.0,0.075,0.0,rs28405495
0.925,0.425,0.2,0.4,0.375,rs8139123
0.0,0.0,0.0,0.0,0.0,rs192249179
0.0,0.05,0.0,0.025,0.025,rs55896880
0.0,0.0,0.025,0.0,0.0,rs145848209
1.0,0.7,0.2,0.575,0.575,rs5758731
0.0,0.0,0.0,0.025,0.0,rs62239665
0.0,0.0,0.05,0.0,0.0,rs146257085
0.45,0.175,0.0,0.275,0.1,rs5996168
0.425,0.3,0.15,0.3,0.3,rs2839705
0.65,0.525,0.2,0.425,0.55,rs6002745
0.0,0.025,0.0,0.025,0.025,rs112709268
0.35,0.625,0.075,0.6,0.3,rs4822135
0.05,0.0,0.775,0.025,0.3,rs5758756
0.0,0.025,0.0,0.05,0.0,rs146723886
0.0,0.025,0.0,0.025,0.05,rs141049505
0.0,0.0,0.0,0.0,0.0,rs116938064
0.0,0.0,0.0,0.0,0.0,rs117885227
0.0,0.0,0.0,0.0,0.0,rs200238208
0.025,0.15,0.0,0.0,0.025,rs2413695
0.125,0.05,0.05,0.025,0.1,rs137058
0.0,0.0,0.025,0.0,0.0,rs142707922
0.675,0.425,0.725,0.3,0.375,rs137085
0.0,0.0,0.0,0.0,0.0,rs373221123
0.0,0.0,0.0,0.075,0.0,rs113513063
0.0,0.0,0.0,0.0,0.0,rs77499608
0.15,0.025,0.0,0.0,0.0,rs7284807
0.0,0.0,0.0,0.0,0.0,rs76458556
0.675,0.275,0.675,0.225,0.475,rs137126
0.0,0.0,0.0,0.05,0.125,rs8190457
0.0,0.0,0.0,0.0,0.0,rs34103809
0.0,0.0,0.0,0.0,0.0,rs200716700
0.0,0.025,0.0,0.0,0.0,rs8190441
0.0,0.05,0.0,0.0,0.0,rs8190397
0.025,0.025,0.0,0.025,0.025,rs8190377
0.075,0.0,0.0,0.0,0.0,rs8190370
0.0,0.0,0.075,0.0,0.0,rs148760589
0.775,0.475,0.725,0.425,0.4,rs130328
0.0,0.0,0.0,0.05,0.0,rs111911231
0.625,0.375,0.1,0.5,0.2,rs130334
0.0,0.0,0.0,0.05,0.0,rs62238287
0.0,0.0,0.0,0.0,0.025,rs145925808
0.925,0.525,0.7,0.55,0.45,rs130347
0.025,0.075,0.575,0.0,0.225,rs3747193
0.5,0.45,0.1,0.4,0.175,rs9623659
0.85,0.625,0.675,0.525,0.5,rs3788594
0.25,0.375,0.275,0.375,0.475,rs5751341
0.0,0.05,0.0,0.0,0.0,rs73174925
0.0,0.025,0.0,0.025,0.0,rs28992193
0.2,0.275,0.2,0.5,0.475,rs7285550
0.225,0.35,0.625,0.225,0.25,rs5758894
0.75,0.675,0.825,0.7,0.725,rs738527
0.25,0.575,0.775,0.65,0.675,rs9623671
0.1,0.05,0.0,0.0,0.0,rs73427300
0.35,0.625,0.825,0.6,0.675,rs5758896
0.1,0.4,0.625,0.225,0.225,rs12166331
0.25,0.075,0.05,0.05,0.05,rs9607931
0.0,0.0,0.0,0.025,0.0,rs75737464
0.0,0.0,0.0,0.0,0.0,rs147553079
0.275,0.1,0.05,0.0,0.0,rs9611869
0.1,0.05,0.0,0.0,0.0,rs57371474
0.0,0.0,0.0,0.0,0.0,rs79984964
0.0,0.0,0.0,0.0,0.0,rs9611875
0.5,0.1,0.05,0.1,0.15,rs6002947
0.125,0.05,0.025,0.0,0.0,rs9611876
0.725,0.625,0.75,0.75,0.85,rs67935361
0.45,0.225,0.075,0.275,0.175,rs9611883
0.05,0.15,0.175,0.1,0.25,rs56360850
0.325,0.3,0.45,0.125,0.1,rs5758925
0.875,0.9,0.95,0.75,0.85,rs2413716
1.0,0.9,0.95,0.8,0.9,rs6002950
0.0,0.0,0.025,0.0,0.0,rs148823036
0.85,0.775,0.95,0.65,0.9,rs5758935
0.0,0.075,0.0,0.075,0.0,rs4822199
0.175,0.025,0.0,0.0,0.025,rs8140100
0.175,0.375,0.1,0.225,0.225,rs4820484
0.0,0.0,0.0,0.075,0.0,rs11551619
0.95,0.85,0.725,0.475,0.575,rs5758948
0.35,0.475,0.1,0.375,0.325,rs5758951
0.0,0.025,0.0,0.025,0.0,rs117585418
0.0,0.175,0.45,0.0,0.075,rs17003362
0.0,0.025,0.0,0.0,0.025,rs9607957
0.2,0.325,0.625,0.125,0.275,rs5758962
0.575,0.525,0.1,0.35,0.3,rs5758972
0.0,0.0,0.0,0.05,0.0,rs78960244
0.0,0.0,0.0,0.0,0.025,rs141956945
0.0,0.0,0.025,0.0,0.0,rs151241804
0.025,0.025,0.025,0.05,0.05,rs117551605
0.0,0.075,0.0,0.025,0.0,rs9623713
0.0,0.025,0.0,0.025,0.05,rs17003413
0.0,0.1,0.6,0.0,0.1,rs2284093
0.7,0.825,0.9,0.475,0.625,rs738387
0.0,0.025,0.0,0.025,0.0,rs118112833
0.0,0.075,0.0,0.025,0.0,rs75910415
0.0,0.025,0.0,0.025,0.0,rs112051070
0.15,0.3,0.1,0.3,0.275,rs5759052
0.0,0.0,0.0,0.0,0.0,rs151215238
0.0,0.0,0.0,0.025,0.0,rs71329167
0.0,0.0,0.0,0.05,0.0,rs74823263
0.925,0.875,0.85,0.525,0.625,rs1569507
0.0,0.0,0.0,0.0,0.0,rs62231618
0.425,0.85,0.825,0.525,0.625,rs5759070
0.025,0.05,0.025,0.05,0.05,rs3819678
0.625,0.4,0.075,0.425,0.3,rs2413739
1.0,0.975,1.0,0.85,0.875,rs56135216
0.8,0.65,0.825,0.375,0.625,rs5759095
0.85,0.775,0.875,0.45,0.7,rs3091364
0.0,0.0,0.0,0.0,0.0,rs118178599
0.65,0.675,0.875,0.375,0.6,rs5759097
0.0,0.125,0.525,0.05,0.05,rs12484214
0.65,0.55,0.25,0.4,0.6,rs5751416
0.0,0.0,0.0,0.0,0.0,rs148904684
0.1,0.275,0.475,0.1,0.1,rs7349054
0.0,0.0,0.0,0.0,0.0,rs183712594
0.8,0.775,0.9,0.4,0.675,rs5759111
0.325,0.225,0.425,0.05,0.15,rs2076160
0.025,0.0,0.0,0.05,0.0,rs9611993
0.125,0.1,0.1,0.05,0.05,rs5996262
0.0,0.0,0.0,0.0,0.0,rs200313601
0.3,0.4,0.775,0.125,0.425,rs2076154
0.15,0.175,0.35,0.075,0.275,rs2076156
0.65,0.325,0.325,0.45,0.35,rs5759143
0.375,0.075,0.075,0.0,0.025,rs10427660
0.0,0.0,0.025,0.0,0.0,rs5751429
0.0,0.0,0.0,0.0,0.025,rs62231654
0.075,0.325,0.25,0.475,0.25,rs8141749
0.0,0.025,0.0,0.025,0.025,rs76850054
0.0,0.0,0.0,0.0,0.05,rs145104851
0.625,0.35,0.675,0.15,0.425,rs6003065
0.225,0.3,0.325,0.625,0.375,rs5759167
0.0,0.025,0.0,0.0,0.025,rs74867164
0.075,0.15,0.375,0.0,0.15,rs5751436
0.1,0.125,0.0,0.275,0.125,rs4988389
0.95,0.875,0.95,0.925,0.825,rs742136
0.0,0.0,0.0,0.0,0.0,rs11090143
0.0,0.0,0.025,0.0,0.0,rs191756982
0.175,0.625,0.675,0.6,0.6,rs2072855
0.0,0.0,0.05,0.0,0.0,rs116938228
0.15,0.125,0.0,0.35,0.125,rs9612015
0.0,0.1,0.1,0.0,0.0,rs118019827
0.0,0.225,0.575,0.05,0.15,rs72619546
0.125,0.425,1.0,0.225,0.675,rs739092
0.825,0.5,1.0,0.35,0.65,rs5759197
0.1,0.425,1.0,0.325,0.65,rs762960
0.425,0.825,0.95,0.55,0.9,rs138915
0.0,0.0,0.0,0.0,0.0,rs199899658
0.875,0.85,0.95,0.45,0.925,rs6971
0.0,0.15,0.325,0.15,0.375,rs6972
0.8,0.575,0.4,0.4,0.725,rs80411
0.0,0.0,0.0,0.025,0.1,rs17514783
0.0,0.275,0.575,0.1,0.2,rs5759205
0.0,0.0,0.0,0.0,0.0,rs117663029
0.0,0.125,0.35,0.125,0.375,rs34074034
0.65,0.175,0.3,0.125,0.4,rs762953
0.1,0.175,0.35,0.1,0.2,rs6003097
0.075,0.025,0.025,0.0,0.175,rs77808662
0.0,0.025,0.0,0.0,0.025,rs112366138
0.4,0.4,0.375,0.45,0.4,rs2071724
0.1,0.05,0.35,0.0,0.075,rs75572484
0.225,0.425,0.0,0.225,0.25,rs138960
0.0,0.0,0.0,0.025,0.0,rs112727859
0.55,0.65,0.125,0.7,0.575,rs138974
0.45,0.4,0.025,0.25,0.4,rs138983
0.05,0.1,0.0,0.05,0.025,rs34782724
0.0,0.0,0.0,0.0,0.025,rs117267143
0.0,0.0,0.0,0.025,0.025,rs113386696
0.1,0.1,0.0,0.05,0.025,rs35738631
0.0,0.0,0.0,0.0,0.025,rs56221413
0.2,0.125,0.475,0.025,0.075,rs73163949
0.6,0.3,0.5,0.1,0.35,rs12053796
0.55,0.4,0.5,0.125,0.35,rs5759219
0.325,0.3,0.0,0.525,0.3,rs138997
0.175,0.15,0.0,0.25,0.05,rs35376516
0.175,0.0,0.425,0.025,0.05,rs58377227
0.175,0.275,0.025,0.225,0.4,rs6003114
0.0,0.0,0.0,0.125,0.075,rs139006
0.2,0.025,0.025,0.025,0.225,rs73886454
0.9,0.725,0.575,0.625,0.75,rs139013
0.2,0.275,0.025,0.2,0.15,rs9620126
0.0,0.0,0.0,0.05,0.0,rs113834836
0.275,0.2,0.175,0.3,0.325,rs139021
0.325,0.3,0.175,0.35,0.425,rs8137393
0.55,0.325,0.175,0.25,0.4,rs6003121
0.0,0.0,0.075,0.05,0.0,rs75761381
0.925,0.6,0.25,0.675,0.6,rs739094
0.9,0.6,0.175,0.575,0.325,rs5759225
0.175,0.175,0.25,0.35,0.35,rs11705577
0.6,0.2,0.0,0.3,0.225,rs62232089
0.0,0.025,0.0,0.0,0.0,rs8140084
0.625,0.25,0.025,0.45,0.375,rs762950
0.075,0.025,0.05,0.025,0.0,rs5751454
0.575,0.5,0.6,0.3,0.625,rs139028
0.0,0.05,0.325,0.025,0.1,rs17003573
0.275,0.15,0.125,0.225,0.3,rs139030
0.675,0.525,0.9,0.325,0.675,rs5751457
0.1,0.075,0.15,0.15,0.2,rs59766248
0.125,0.4,0.35,0.15,0.325,rs5751462
0.7,0.55,0.975,0.3,0.65,rs5759238
0.45,0.375,0.525,0.275,0.325,rs878734
0.975,0.825,0.925,0.5,0.7,rs139035
0.075,0.275,0.025,0.525,0.275,rs139037
0.175,0.125,0.0,0.025,0.05,rs7291800
0.4,0.525,0.45,0.45,0.525,rs5759250
0.075,0.05,0.0,0.0,0.05,rs59052863
0.375,0.5,0.45,0.45,0.6,rs5759256
0.0,0.0,0.0,0.05,0.0,rs74511791
0.0,0.0,0.025,0.0,0.0,rs117250968
0.1,0.0,0.325,0.0,0.05,rs5759258
0.4,0.675,0.525,0.8,0.775,rs7290575
0.0,0.0,0.0,0.05,0.0,rs75327112
0.0,0.0,0.0,0.05,0.0,rs80242655
0.0,0.05,0.0,0.05,0.0,rs35410219
0.1,0.0,0.35,0.0,0.1,rs5759267
0.425,0.625,0.425,0.9,0.8,rs2269668
0.075,0.0,0.35,0.025,0.125,rs2269670
0.1,0.0,0.325,0.025,0.125,rs5759273
0.25,0.025,0.225,0.025,0.3,rs17003642
0.1,0.0,0.15,0.0,0.025,rs17003643
0.325,0.325,0.025,0.4,0.3,rs11704418
0.0,0.0,0.05,0.0,0.0,rs117951204
0.775,0.525,0.55,0.55,0.65,rs3213584
0.0,0.0,0.0,0.0,0.0,rs75142160
0.0,0.0,0.0,0.075,0.0,rs74924289
0.125,0.05,0.0,0.05,0.025,rs77888863
0.65,0.75,0.45,0.55,0.525,rs5759291
0.075,0.05,0.0,0.05,0.0,rs7293117
0.0,0.0,0.0,0.05,0.0,rs73166132
0.875,0.75,0.8,0.775,0.925,rs5759305
0.075,0.05,0.05,0.025,0.025,rs57639948
0.075,0.1,0.05,0.075,0.025,rs80083088
0.175,0.05,0.025,0.05,0.0,rs6003177
0.725,0.625,0.7,0.425,0.525,rs1555242
0.0,0.0,0.025,0.0,0.0,rs5751488
0.625,0.9,0.775,0.85,0.925,rs761740
0.05,0.025,0.075,0.025,0.225,rs117664014
0.275,0.325,0.1,0.45,0.4,rs743029
0.125,0.025,0.075,0.025,0.225,rs56239640
0.0,0.05,0.0,0.025,0.0,rs73166158
0.025,0.0,0.0,0.025,0.0,rs74529832
0.175,0.025,0.0,0.025,0.0,rs74616516
0.05,0.025,0.05,0.025,0.25,rs112455927
0.2,0.0,0.025,0.025,0.0,rs11090160
0.0,0.0,0.0,0.05,0.0,rs6003190
0.0,0.0,0.0,0.0,0.0,rs73166186
0.2,0.4,0.175,0.45,0.425,rs4822289
0.075,0.05,0.025,0.075,0.0,rs739019
0.25,0.0,0.025,0.0,0.0,rs12158832
0.375,0.1,0.125,0.05,0.025,rs135071
0.15,0.025,0.025,0.05,0.0,rs62234092
0.0,0.0,0.0,0.0,0.0,rs182725627
0.15,0.025,0.025,0.05,0.0,rs67831456
0.1,0.1,0.1,0.05,0.025,rs135068
0.8,0.975,0.925,0.975,0.8,rs135062
0.125,0.0,0.025,0.0,0.025,rs74622997
0.7,0.525,0.4,0.675,0.75,rs135044
0.275,0.825,0.775,0.875,0.65,rs20195
0.125,0.0,0.025,0.0,0.0,rs76970628
0.125,0.0,0.075,0.0,0.0,rs8138794
0.3,0.05,0.0,0.0,0.0,rs6003217
0.05,0.1,0.05,0.05,0.025,rs75142394
0.0,0.0,0.025,0.0,0.0,rs139351019
0.2,0.45,0.6,0.375,0.425,rs8143131
0.125,0.0,0.0,0.05,0.025,rs2024631
0.85,0.15,0.3,0.125,0.25,rs150867382
0.05,0.075,0.05,0.05,0.0,rs150980659
0.875,0.675,0.775,0.6,0.7,rs141075713
0.15,0.0,0.1,0.0,0.15,rs28608705
0.075,0.025,0.125,0.025,0.05,rs112035174
0.225,0.075,0.05,0.05,0.0,rs28711226
0.7,0.325,0.125,0.5,0.325,rs28501581
0.025,0.05,0.05,0.075,0.0,rs62638146
0.0,0.0,0.025,0.0,0.0,rs116923938
0.7,0.85,0.85,0.7,0.8,rs8140898
0.0,0.0,0.0,0.0,0.0,rs117585796
0.025,0.05,0.0,0.025,0.0,rs736621
0.0,0.0,0.025,0.0,0.0,rs117305335
0.0,0.0,0.0,0.0,0.0,rs143158205
0.0,0.0,0.025,0.0,0.0,rs61995891
0.175,0.075,0.1,0.1,0.0,rs77935335
0.0,0.0,0.025,0.0,0.0,rs148721948
0.0,0.0,0.0,0.075,0.0,rs79909850
0.0,0.05,0.0,0.025,0.05,rs34955597
0.0,0.0,0.0,0.0,0.0,rs74525878
0.775,0.8,0.725,0.7,0.575,rs9614382
0.225,0.1,0.025,0.175,0.1,rs8138190
0.025,0.025,0.0,0.025,0.0,rs16990797
0.25,0.125,0.025,0.175,0.1,rs9614453
0.1,0.45,0.5,0.3,0.3,rs735234
0.0,0.0,0.0,0.05,0.0,rs117851770
0.0,0.025,0.0,0.0,0.0,rs9626001
0.0,0.0,0.0,0.0,0.0,rs377182231
0.0,0.0,0.05,0.0,0.0,rs148922297
0.0,0.0,0.0,0.025,0.025,rs137731
0.0,0.0,0.0,0.05,0.0,rs75912267
0.0,0.025,0.0,0.0,0.075,rs115638616
0.0,0.0,0.0,0.0,0.0,rs117462097
0.0,0.0,0.0,0.05,0.0,rs78773889
0.875,0.925,0.95,0.85,0.975,rs767249
0.225,0.5,0.8,0.425,0.6,rs5764236
0.0,0.0,0.075,0.025,0.0,rs117668790
0.0,0.0,0.025,0.0,0.0,rs189113569
0.0,0.0,0.025,0.0,0.0,rs190656289
0.0,0.1,0.0,0.025,0.0,rs9625942
0.0,0.05,0.0,0.025,0.025,rs79422722
0.0,0.0,0.0,0.025,0.0,rs73174361
0.05,0.0,0.0,0.025,0.0,rs66525552
0.075,0.0,0.0,0.0,0.0,rs16990981
0.0,0.0,0.0,0.0,0.0,rs146025792
0.575,0.325,0.0,0.35,0.225,rs2187887
0.1,0.5,0.775,0.4,0.6,rs5764296
0.125,0.1,0.15,0.125,0.15,rs9968041
0.925,0.925,0.675,0.75,0.675,rs5764309
0.0,0.0,0.0,0.025,0.0,rs9614274
0.0,0.0,0.0,0.025,0.0,rs117098145
0.375,0.2,0.2,0.225,0.225,rs138056
0.0,0.0,0.025,0.025,0.05,rs74840344
0.55,0.4,0.5,0.45,0.7,rs138060
0.0,0.0,0.0,0.025,0.0,rs112497718
0.025,0.375,0.425,0.325,0.175,rs2285159
0.0,0.0,0.025,0.0,0.0,rs118143044
0.0,0.0,0.0,0.025,0.0,rs9614191
0.975,0.85,0.975,0.875,0.95,rs80628
0.0,0.0,0.0,0.0,0.0,rs181171910
0.375,0.2,0.1,0.225,0.225,rs7284196
0.0,0.0,0.1,0.0,0.0,rs116993921
0.0,0.0,0.0,0.05,0.0,rs117222100
0.975,0.85,0.975,0.875,0.95,rs129655
0.025,0.2,0.425,0.225,0.475,rs5764372
0.0,0.0,0.0,0.0,0.0,rs181818400
0.0,0.0,0.0,0.0,0.0,rs149836456
0.125,0.425,0.825,0.3,0.625,rs739231
0.0,0.0,0.0,0.025,0.0,rs139512427
0.15,0.5,0.875,0.4,0.7,rs2401203
0.1,0.0,0.0,0.025,0.0,rs62621223
0.0,0.0,0.0,0.0,0.0,rs144355101
0.025,0.075,0.05,0.1,0.075,rs62226145
0.0,0.0,0.0,0.0,0.0,rs147702402
0.025,0.2,0.425,0.325,0.525,rs713964
0.225,0.225,0.4,0.075,0.175,rs2071883
0.0,0.0,0.0,0.025,0.0,rs75485458
0.0,0.0,0.0,0.0,0.0,rs373367711
0.075,0.3,0.45,0.075,0.175,rs743936
0.025,0.0,0.025,0.05,0.05,rs77101796
0.05,0.225,0.375,0.025,0.125,rs5764394
0.25,0.2,0.025,0.1,0.1,rs6006570
0.225,0.4,0.15,0.35,0.275,rs4823103
0.0,0.05,0.0,0.1,0.0,rs9614194
0.225,0.25,0.525,0.175,0.225,rs5764023
0.475,0.65,0.65,0.525,0.475,rs8137962
0.0,0.0,0.0,0.025,0.0,rs80101893
0.05,0.025,0.0,0.025,0.0,rs9626055
0.125,0.1,0.05,0.15,0.075,rs2076212
0.125,0.5,0.475,0.15,0.2,rs738409
0.0,0.0,0.025,0.0,0.0,rs117414666
0.025,0.075,0.0,0.05,0.0,rs9625963
0.425,0.5,0.5,0.325,0.475,rs1883350
0.0,0.0,0.0,0.0,0.0,rs200872474
0.0,0.0,0.0,0.0,0.0,rs190477302
0.1,0.45,0.45,0.125,0.2,rs2281135
0.15,0.45,0.45,0.125,0.2,rs2896019
0.175,0.5,0.45,0.2,0.2,rs2294915
0.0,0.0,0.0,0.0,0.0,rs76015644
0.0,0.0,0.0,0.0,0.025,rs117826724
0.025,0.05,0.35,0.225,0.175,rs2073082
0.75,0.425,0.85,0.625,0.725,rs932430
0.8,0.475,0.85,0.7,0.725,rs738492
0.15,0.3,0.425,0.125,0.175,rs61473277
0.0,0.0,0.05,0.0,0.0,rs117721198
0.95,0.475,0.85,0.7,0.75,rs8418
0.0,0.0,0.0,0.0,0.025,rs17580791
0.275,0.1,0.075,0.325,0.35,rs3827386
0.25,0.325,0.4,0.075,0.2,rs2281298
0.225,0.35,0.4,0.075,0.2,rs2073080
0.675,0.5,0.5,0.475,0.55,rs2281292
0.55,0.475,0.45,0.475,0.375,rs6006610
0.0,0.025,0.0,0.075,0.05,rs7292221
0.025,0.0,0.2,0.025,0.025,rs16991328
1.0,0.925,0.875,0.825,0.875,rs9614308
0.95,0.925,0.95,0.875,0.9,rs5764058
0.075,0.125,0.0,0.0,0.0,rs11912129
0.2,0.625,0.825,0.6,0.775,rs9614313
0.075,0.0,0.15,0.025,0.0,rs114704228
0.0,0.0,0.0,0.05,0.0,rs117475902
0.775,0.175,0.25,0.4,0.375,rs8142117
0.025,0.05,0.175,0.0,0.175,rs74427758
0.175,0.225,0.1,0.375,0.15,rs135114
0.85,0.625,0.25,0.6,0.575,rs5764467
0.825,0.75,0.85,0.575,0.625,rs2267592
0.575,0.875,0.85,0.6,0.65,rs6006622
0.0,0.0,0.0,0.05,0.0,rs117803375
0.075,0.05,0.175,0.025,0.125,rs2267595
0.425,0.65,0.625,0.65,0.525,rs2246843
0.775,0.725,0.725,0.775,0.575,rs1018795
0.4,0.125,0.275,0.175,0.2,rs5764066
0.525,0.45,0.45,0.45,0.45,rs2267601
0.05,0.075,0.25,0.025,0.125,rs72619557
0.55,0.075,0.125,0.175,0.175,rs1004529
0.125,0.225,0.125,0.275,0.375,rs12168526
0.175,0.275,0.0,0.225,0.05,rs67447085
0.75,0.5,0.75,0.4,0.625,rs130311
0.0,0.0,0.0,0.025,0.0,rs117342927
0.0,0.225,0.0,0.225,0.05,rs73181227
0.0,0.025,0.0,0.0,0.0,rs62226425
0.0,0.0,0.0,0.025,0.0,rs79330384
0.0,0.025,0.0,0.0,0.025,rs11705487
0.9,0.475,0.35,0.55,0.575,rs738482
0.0,0.0,0.0,0.025,0.05,rs78366367
0.975,0.925,0.975,0.825,0.825,rs1983609
0.6,0.675,0.8,0.575,0.675,rs738479
0.0,0.025,0.0,0.025,0.025,rs8137149
0.575,0.25,0.175,0.15,0.15,rs8140244
0.05,0.1,0.0,0.075,0.075,rs9614326
0.0,0.025,0.0,0.0,0.0,rs79263841
0.2,0.5,0.2,0.225,0.25,rs6006486
0.3,0.05,0.1,0.025,0.075,rs6006488
0.0,0.025,0.1,0.025,0.075,rs112067135
0.0,0.025,0.0,0.0,0.0,rs742550
0.45,0.6,0.425,0.25,0.25,rs6006665
0.775,0.3,0.475,0.3,0.35,rs577809169
0.2,0.575,0.4,0.3,0.275,rs7291712
0.175,0.175,0.4,0.2,0.325,rs1535009
0.05,0.525,0.15,0.325,0.45,rs9614202
0.025,0.025,0.0,0.0,0.0,rs75617873
0.225,0.275,0.15,0.075,0.3,rs9625985
0.525,0.85,0.65,0.55,0.775,rs2267614
0.0,0.025,0.0,0.0,0.05,rs117315225
0.0,0.0,0.0,0.05,0.0,rs56198594
0.275,0.3,0.2,0.075,0.35,rs742404
0.325,0.3,0.525,0.3,0.3,rs5764558
0.75,0.925,0.7,0.975,0.925,rs139072
0.0,0.0,0.025,0.0,0.05,rs139090
0.05,0.0,0.025,0.0,0.05,rs77288331
0.0,0.0,0.0,0.05,0.0,rs139099
0.0,0.0,0.0,0.05,0.0,rs139101
0.175,0.3,0.125,0.4,0.15,rs9614207
0.175,0.35,0.1,0.15,0.375,rs139110
0.075,0.2,0.0,0.325,0.1,rs9614362
0.15,0.125,0.25,0.175,0.075,rs3747208
0.9,0.825,0.5,0.75,0.725,rs139124
0.325,0.425,0.4,0.5,0.175,rs9614363
0.2,0.1,0.275,0.1,0.0,rs6006693
0.725,0.875,0.825,1.0,0.7,rs79478
0.3,0.4,0.325,0.2,0.075,rs139133
0.275,0.15,0.225,0.35,0.275,rs932381
0.225,0.175,0.3,0.325,0.275,rs16991639
0.2,0.575,0.35,0.625,0.375,rs470111
0.85,0.75,0.65,0.95,0.65,rs139164
0.2,0.275,0.15,0.2,0.075,rs139167
0.3,0.125,0.275,0.15,0.275,rs909850
0.175,0.075,0.275,0.15,0.275,rs755944
0.975,0.95,0.925,0.9,0.775,rs713927
0.525,0.5,0.45,0.575,0.575,rs139240
0.025,0.225,0.3,0.3,0.2,rs11703924
0.5,0.725,0.75,0.875,0.725,rs139265
0.025,0.025,0.0,0.0,0.0,rs117073572
0.275,0.125,0.125,0.225,0.15,rs9614390
0.25,0.3,0.2,0.025,0.125,rs5764148
0.175,0.25,0.025,0.05,0.0,rs16991714
0.0,0.05,0.0,0.025,0.0,rs77782627
0.0,0.0,0.0,0.025,0.0,rs117549213
0.5,0.6,0.8,0.75,0.8,rs2748865
0.7,0.625,0.825,0.775,0.8,rs135427
0.05,0.025,0.075,0.05,0.05,rs113870793
0.0,0.025,0.0,0.025,0.0,rs117833833
0.0,0.025,0.0,0.05,0.0,rs112151230
0.35,0.325,0.1,0.675,0.5,rs135420
0.35,0.225,0.075,0.025,0.025,rs55746438
0.3,0.275,0.075,0.6,0.375,rs135400
0.55,0.6,0.35,0.725,0.575,rs135396
0.05,0.2,0.075,0.025,0.025,rs113605266
0.75,0.8,0.425,0.725,0.65,rs135391
0.0,0.0,0.0,0.025,0.0,rs76877800
0.35,0.2,0.275,0.125,0.15,rs9614422
0.3,0.05,0.025,0.125,0.15,rs8136994
0.075,0.05,0.0,0.025,0.0,rs75196408
0.0,0.05,0.0,0.025,0.0,rs73165813
0.35,0.025,0.075,0.0,0.275,rs7289182
0.25,0.25,0.05,0.475,0.325,rs3935378
0.0,0.0,0.05,0.0,0.025,rs62226817
0.3,0.1,0.325,0.125,0.2,rs12162773
0.0,0.0,0.0,0.05,0.0,rs3935524
0.225,0.05,0.175,0.025,0.075,rs7511423
0.0,0.025,0.0,0.025,0.0,rs76267418
0.0,0.0,0.025,0.0,0.0,rs12163427
0.775,0.875,0.925,0.6,0.8,rs7510953
0.0,0.0,0.05,0.0,0.0,rs12162783
0.475,0.65,0.5,0.525,0.45,rs12163376
0.0,0.0,0.0,0.075,0.0,rs117475466
0.125,0.15,0.225,0.125,0.2,rs12158741
0.75,0.3,0.725,0.625,0.525,rs1130274
0.375,0.05,0.275,0.15,0.15,rs73888999
0.225,0.075,0.125,0.1,0.25,rs68062760
0.325,0.05,0.3,0.125,0.275,rs73434505
0.325,0.425,0.55,0.25,0.325,rs34255233
0.85,0.5,0.625,0.5,0.6,rs34420568
0.0,0.025,0.0,0.0,0.0,rs117386044
0.0,0.0,0.0,0.075,0.0,rs117032738
0.425,0.35,0.475,0.45,0.425,rs9614891
0.15,0.05,0.0,0.05,0.025,rs9614965
0.025,0.05,0.1,0.05,0.125,rs111554526
0.55,0.375,0.675,0.4,0.475,rs11090718
0.2,0.075,0.15,0.025,0.1,rs74464138
0.2,0.075,0.15,0.025,0.1,rs7410726
0.025,0.125,0.325,0.25,0.25,rs5765896
0.4,0.4,0.25,0.225,0.4,rs7284718
0.25,0.275,0.35,0.3,0.225,rs739161
0.9,0.6,0.475,0.575,0.7,rs5766088
0.0,0.025,0.0,0.025,0.025,rs116925001
0.0,0.0,0.0,0.025,0.0,rs77866744
0.15,0.4,0.225,0.175,0.35,rs743864
0.175,0.3,0.125,0.175,0.225,rs8139097
0.0,0.0,0.0,0.05,0.0,rs80296798
0.25,0.05,0.275,0.2,0.175,rs16992075
0.5,0.425,0.45,0.3,0.4,rs5764718
0.05,0.025,0.05,0.0,0.075,rs7287993
0.8,0.425,0.6,0.575,0.6,rs2013512
0.0,0.0,0.0,0.05,0.0,rs71330746
0.1,0.325,0.15,0.1,0.225,rs11705079
0.375,0.425,0.5,0.55,0.375,rs2014530
0.0,0.0,0.0,0.1,0.0,rs76498283
0.05,0.025,0.075,0.025,0.05,rs112443612
0.125,0.15,0.1,0.15,0.075,rs8138173
0.1,0.35,0.375,0.15,0.25,rs1557553
0.15,0.1,0.225,0.075,0.325,rs58662916
0.625,0.75,0.6,0.5,0.625,rs1557554
0.225,0.025,0.25,0.225,0.3,rs5764924
0.15,0.0,0.05,0.025,0.075,rs5764925
0.0,0.0,0.0,0.05,0.05,rs116950775
0.15,0.025,0.05,0.0,0.1,rs2097443
0.85,0.875,0.825,0.8,0.875,rs4823353
0.05,0.0,0.2,0.175,0.225,rs62228630
0.15,0.55,0.325,0.15,0.3,rs1041887
0.0,0.025,0.0,0.0,0.0,rs117238564
1.0,0.9,0.875,0.8,0.975,rs135890
0.0,0.0,0.075,0.025,0.1,rs62228632
0.15,0.025,0.05,0.025,0.1,rs9626550
0.75,0.85,0.675,0.625,0.8,rs4426
0.2,0.575,0.375,0.175,0.425,rs2071815
0.1,0.025,0.125,0.025,0.025,rs1041890
0.0,0.0,0.0,0.075,0.0,rs117429554
0.65,0.325,0.5,0.525,0.6,rs135905
0.375,0.65,0.7,0.4,0.3,rs13055798
0.175,0.0,0.075,0.0,0.05,rs5766061
0.025,0.0,0.075,0.0,0.05,rs2187828
0.925,0.8,0.8,0.6,0.475,rs916294
0.25,0.175,0.3,0.3,0.2,rs35449812
0.35,0.2,0.4,0.275,0.125,rs13058072
0.0,0.025,0.0,0.025,0.025,rs117822775
0.4,0.375,0.6,0.725,0.75,rs135914
0.575,0.95,0.925,0.925,0.925,rs713888
0.325,0.05,0.05,0.0,0.05,rs5766249
0.65,0.9,0.55,0.65,0.85,rs135920
0.725,0.925,0.8,0.7,0.9,rs135924
0.8,0.825,0.575,0.55,0.75,rs135925
0.25,0.8,0.55,0.6,0.45,rs135938
0.1,0.625,0.45,0.35,0.35,rs35536840
0.7,0.8,0.675,0.5,0.725,rs2746583
0.025,0.025,0.0,0.0,0.025,rs115020852
0.0,0.025,0.0,0.0,0.0,rs79354586
0.625,0.75,0.825,0.8,0.675,rs135976
0.175,0.05,0.15,0.0,0.0,rs58198963
0.525,0.425,0.675,0.325,0.35,rs8135880
0.475,0.075,0.175,0.0,0.05,rs8139046
0.2,0.3,0.15,0.225,0.225,rs19994
0.0,0.025,0.0,0.025,0.0,rs114370433
0.525,0.775,0.65,0.425,0.475,rs133795
0.0,0.0,0.0,0.05,0.0,rs117771526
0.4,0.0,0.025,0.0,0.05,rs8136951
0.0,0.0,0.0,0.025,0.0,rs117843471
0.025,0.05,0.175,0.0,0.075,rs74279820
0.175,0.075,0.125,0.15,0.1,rs12628484
0.875,0.15,0.325,0.15,0.225,rs6007154
0.5,0.0,0.0,0.025,0.1,rs6006809
0.0,0.0,0.05,0.025,0.0,rs149192147
0.0,0.0,0.0,0.025,0.0,rs62231468
0.05,0.125,0.15,0.475,0.325,rs131162
0.0,0.0,0.0,0.025,0.0,rs73169708
0.0,0.0,0.0,0.0,0.0,rs150587102
0.45,0.125,0.4,0.55,0.425,rs5764884
0.025,0.125,0.225,0.525,0.3,rs11702972
0.525,0.425,0.4,0.5,0.375,rs4823237
0.0,0.025,0.0,0.025,0.05,rs62228389
0.525,0.525,0.425,0.375,0.525,rs11704450
0.375,0.05,0.225,0.125,0.225,rs2076096
0.375,0.325,0.4,0.375,0.25,rs876232
0.0,0.0,0.025,0.0,0.0,rs148420465
0.025,0.0,0.0,0.025,0.025,rs11912553
0.925,0.7,0.5,0.625,0.775,rs2349623
0.1,0.025,0.175,0.05,0.1,rs74531987
0.1,0.625,0.675,0.85,0.775,rs138593
0.175,0.525,0.525,0.8,0.7,rs4453
0.05,0.0,0.075,0.0,0.075,rs115455098
0.325,0.425,0.625,0.525,0.625,rs2349633
0.35,0.45,0.625,0.525,0.625,rs2349634
0.275,0.525,0.175,0.425,0.225,rs138601
0.0,0.0,0.0,0.025,0.0,rs76834294
0.15,0.3,0.3,0.225,0.25,rs138614
0.25,0.3,0.3,0.25,0.25,rs138616
0.0,0.0,0.0,0.025,0.0,rs11913146
0.0,0.0,0.0,0.025,0.0,rs62228436
0.05,0.05,0.125,0.05,0.075,rs9614827
0.5,0.2,0.175,0.225,0.25,rs4422244
0.0,0.0,0.0,0.025,0.0,rs73171550
0.525,0.25,0.425,0.275,0.375,rs6007211
0.0,0.225,0.0,0.075,0.1,rs113164996
0.0,0.025,0.15,0.0,0.125,rs78745626
0.7,0.825,0.7,0.625,0.75,rs4823246
0.125,0.175,0.15,0.225,0.175,rs9614840
0.075,0.0,0.15,0.05,0.0,rs114675065
0.275,0.125,0.05,0.25,0.5,rs12484755
0.35,0.05,0.0,0.0,0.0,rs12170682
0.0,0.0,0.0,0.0,0.0,rs117228312
0.075,0.0,0.0,0.0,0.0,rs57706163
0.425,0.425,0.6,0.4,0.2,rs136890
0.225,0.025,0.0,0.025,0.05,rs6007232
0.275,0.275,0.2,0.175,0.25,rs136899
0.725,0.55,0.8,0.425,0.35,rs9614866
0.45,0.55,0.725,0.4,0.25,rs5765880
0.425,0.55,0.725,0.4,0.25,rs136904
0.15,0.1,0.1,0.075,0.05,rs73416538
0.0,0.075,0.025,0.125,0.2,rs12484158
0.0,0.05,0.125,0.0,0.05,rs79507698
0.2,0.15,0.175,0.1,0.225,rs9614872
0.0,0.0,0.0,0.0,0.025,rs117587153
0.35,0.2,0.3,0.1,0.2,rs9626513
0.9,0.8,0.55,0.675,0.575,rs763213
0.075,0.15,0.15,0.075,0.125,rs9626515
0.1,0.15,0.15,0.075,0.125,rs34504565
0.725,0.275,0.35,0.15,0.4,rs5765900
0.1,0.15,0.15,0.075,0.125,rs9626517
0.1,0.15,0.15,0.075,0.125,rs9626518
0.15,0.0,0.0,0.025,0.0,rs7285102
0.0,0.0,0.0,0.0,0.0,rs188620792
0.1,0.025,0.0,0.05,0.025,rs12169466
0.525,0.625,0.675,0.55,0.925,rs4823364
0.025,0.0,0.025,0.0,0.05,rs6007247
0.025,0.0,0.05,0.0,0.0,rs74666121
0.0,0.05,0.125,0.05,0.025,rs929113
0.0,0.0,0.05,0.0,0.05,rs74958718
0.15,0.15,0.2,0.05,0.15,rs9614882
0.075,0.05,0.05,0.025,0.075,rs73891743
0.075,0.3,0.325,0.225,0.2,rs5764965
0.325,0.25,0.725,0.45,0.4,rs873724
0.45,0.45,0.225,0.3,0.425,rs2097535
0.0,0.0,0.0,0.075,0.0,rs75115283
0.0,0.025,0.0,0.025,0.0,rs9614563
0.0,0.025,0.0,0.025,0.0,rs9614888
0.775,0.725,0.925,0.775,0.9,rs5765930
0.05,0.375,0.175,0.25,0.375,rs17601899
0.0,0.025,0.0,0.0,0.0,rs73173636
0.3,0.25,0.2,0.125,0.325,rs1476049
0.25,0.425,0.225,0.275,0.575,rs2269571
0.05,0.125,0.25,0.2,0.25,rs3761481
0.0,0.025,0.0,0.025,0.0,rs73173644
0.0,0.075,0.0,0.0,0.025,rs75258050
0.05,0.1,0.025,0.0,0.0,rs114892135
0.1,0.575,0.275,0.7,0.625,rs132405
0.0,0.0,0.025,0.0,0.0,rs149093189
0.875,0.2,0.525,0.125,0.15,rs3329
0.375,0.1,0.1,0.025,0.075,rs75368138
0.4,0.125,0.125,0.05,0.075,rs3747221
0.0,0.0,0.0,0.025,0.0,rs117339841
0.0,0.05,0.025,0.0,0.125,rs76308520
0.05,0.05,0.025,0.025,0.0,rs116056464
0.125,0.3,0.125,0.3,0.5,rs4372
0.5,0.375,0.625,0.525,0.2,rs5765956
0.0,0.0,0.0,0.0,0.05,rs112380053
0.0,0.025,0.0,0.05,0.0,rs132448
0.05,0.15,0.025,0.05,0.1,rs186101564
0.0,0.0,0.0,0.025,0.0,rs117447696
0.975,0.975,0.85,0.975,0.975,rs132453
0.95,1.0,0.925,0.975,0.95,rs132454
0.25,0.0,0.1,0.025,0.025,rs112852059
0.175,0.2,0.025,0.225,0.3,rs56970873
0.15,0.275,0.025,0.5,0.1,rs132462
0.0,0.025,0.0,0.0,0.0,rs75186072
0.25,0.2,0.025,0.225,0.3,rs116957356
0.175,0.0,0.25,0.0,0.025,rs6007284
0.8,0.8,0.8,0.875,0.9,rs132470
0.1,0.475,0.15,0.3,0.55,rs6007285
0.3,0.075,0.1,0.075,0.25,rs132472
0.3,0.7,0.7,0.8,0.65,rs4823376
0.45,0.075,0.1,0.125,0.15,rs132479
0.225,0.025,0.0,0.025,0.075,rs6007287
0.8,0.775,0.7,0.925,0.8,rs4499536
0.225,0.025,0.0,0.025,0.075,rs1557559
0.0,0.05,0.1,0.0,0.025,rs117337720
0.975,0.775,0.7,0.95,0.875,rs11705445
0.775,0.775,0.7,0.95,0.875,rs2349849
0.725,0.775,0.7,0.95,0.875,rs5766005
0.0,0.0,0.0,0.0,0.0,rs117972570
0.225,0.05,0.0,0.05,0.075,rs16992796
0.125,0.05,0.0,0.025,0.075,rs75979677
0.025,0.025,0.05,0.025,0.1,rs17532423
0.15,0.325,0.175,0.25,0.425,rs877666
0.15,0.05,0.5,0.1,0.275,rs5766029
0.8,0.225,0.625,0.125,0.375,rs9626245
0.125,0.15,0.125,0.0,0.075,rs1001728
0.0,0.05,0.025,0.0,0.0,rs148047033
0.1,0.025,0.0,0.05,0.05,rs75104861
0.0,0.0,0.0,0.0,0.0,rs55877906
0.55,0.3,0.5,0.375,0.6,rs1076933
0.1,0.275,0.425,0.275,0.375,rs10222313
0.0,0.05,0.025,0.0,0.0,rs149680585
0.05,0.2,0.325,0.25,0.45,rs2071758
0.125,0.25,0.075,0.225,0.525,rs13053938
0.0,0.0,0.0,0.0,0.0,rs78585553
0.9,0.975,0.9,1.0,0.95,rs136661
0.725,0.55,0.65,0.325,0.425,rs9614576
0.0,0.025,0.025,0.025,0.225,rs144172455
0.0,0.0,0.025,0.0,0.0,rs140261010
0.0,0.025,0.0,0.0,0.025,rs12168414
0.275,0.025,0.025,0.025,0.175,rs11703723
0.35,0.25,0.0,0.375,0.15,rs8138412
0.225,0.275,0.0,0.35,0.15,rs12166338
0.0,0.0,0.0,0.025,0.0,rs136680
0.825,0.625,0.65,0.75,0.525,rs5766099
0.025,0.0,0.225,0.025,0.175,rs5765056
0.0,0.0,0.0,0.025,0.0,rs77112416
0.025,0.0,0.225,0.025,0.175,rs5765057
0.375,0.35,0.725,0.425,0.4,rs5766113
0.175,0.05,0.05,0.075,0.05,rs4823397
0.175,0.025,0.0,0.075,0.05,rs6007331
0.025,0.15,0.025,0.05,0.1,rs73892330
0.175,0.025,0.05,0.075,0.05,rs73176182
0.25,0.3,0.375,0.325,0.125,rs7293197
0.275,0.15,0.075,0.2,0.225,rs59455021
0.0,0.0,0.0,0.075,0.0,rs117976437
0.325,0.375,0.55,0.3,0.5,rs8136460
0.025,0.0,0.275,0.025,0.225,rs28613901
0.025,0.1,0.025,0.0,0.0,rs147152847
0.0,0.025,0.05,0.05,0.075,rs77164366
0.65,0.25,0.3,0.15,0.425,rs3747226
0.3,0.1,0.075,0.0,0.1,rs12157651
0.125,0.05,0.0,0.0,0.1,rs80157630
0.0,0.025,0.0,0.025,0.0,rs117824015
0.0,0.0,0.0,0.0,0.0,rs12330062
0.175,0.425,0.375,0.375,0.275,rs933233
0.15,0.075,0.0,0.05,0.0,rs79141386
0.75,0.45,0.525,0.525,0.45,rs4823418
0.825,0.875,0.95,0.875,0.75,rs4823262
0.45,0.2,0.05,0.15,0.2,rs4823421
0.425,0.6,0.9,0.675,0.55,rs762977
0.0,0.075,0.0,0.05,0.0,rs136684
0.225,0.7,0.625,0.725,0.45,rs745460
0.475,0.75,0.55,0.8,0.45,rs4514991
0.875,0.8,0.975,0.8,0.575,rs5766209
0.0,0.0,0.0,0.05,0.0,rs181400736
0.35,0.725,0.55,0.7,0.45,rs5766213
0.825,0.925,1.0,0.975,0.775,rs129447
0.225,0.475,0.225,0.525,0.325,rs2349864
0.0,0.0,0.025,0.05,0.0,rs111618908
0.75,0.9,0.975,0.825,0.8,rs6006911
0.1,0.1,0.025,0.075,0.4,rs16993202
0.975,0.95,0.975,0.85,1.0,rs2350224
0.0,0.025,0.0,0.0,0.0,rs117178489
0.125,0.475,0.2,0.475,0.325,rs6007404
0.0,0.05,0.025,0.075,0.175,rs78770253
0.7,0.975,0.95,1.0,1.0,rs761673
0.15,0.75,0.875,0.825,0.55,rs761676
0.425,0.175,0.0,0.1,0.275,rs6006914
0.0,0.05,0.0,0.025,0.075,rs117603629
0.5,0.625,0.35,0.65,0.35,rs5766289
0.225,0.075,0.125,0.075,0.175,rs131992
0.05,0.125,0.025,0.1,0.25,rs5766305
0.725,0.95,0.95,0.825,0.8,rs132005
0.125,0.525,0.3,0.625,0.35,rs738544
0.25,0.05,0.1,0.0,0.025,rs132007
0.25,0.225,0.35,0.15,0.25,rs1005617
0.725,0.55,0.575,0.25,0.5,rs132011
0.0,0.05,0.0,0.05,0.05,rs117680337
0.35,0.3,0.15,0.1,0.25,rs73890112
0.3,0.275,0.075,0.075,0.15,rs6007414
0.75,0.6,0.35,0.375,0.675,rs132039
0.5,0.15,0.075,0.175,0.35,rs5766358
0.025,0.05,0.025,0.0,0.025,rs78441172
0.775,0.35,0.475,0.05,0.3,rs2013581
0.15,0.275,0.025,0.525,0.225,rs132075
0.075,0.075,0.125,0.05,0.05,rs111226774
0.375,0.1,0.125,0.0,0.125,rs66474843
0.0,0.025,0.15,0.0,0.125,rs13053621
0.675,0.775,0.35,0.725,0.675,rs9614601
0.2,0.55,0.275,0.5,0.325,rs5766384
0.05,0.0,0.0,0.05,0.025,rs74739849
0.025,0.0,0.275,0.025,0.0,rs79985279
0.575,0.225,0.325,0.275,0.35,rs2057114
0.0,0.0,0.0,0.025,0.05,rs62231069
0.0,0.0,0.0,0.0,0.05,rs35712616
0.125,0.025,0.225,0.025,0.0,rs6007443
0.175,0.225,0.25,0.275,0.425,rs8136226
0.4,0.45,0.65,0.325,0.3,rs6006926
0.0,0.0,0.0,0.0,0.0,rs17628824
0.175,0.5,0.65,0.3,0.275,rs5765163
0.125,0.25,0.2,0.175,0.425,rs6007447
0.725,0.8,0.925,0.6,0.725,rs5766414
0.2,0.25,0.125,0.15,0.125,rs4358236
0.725,0.625,0.8,0.5,0.65,rs5766421
0.05,0.225,0.075,0.125,0.15,rs9615025
0.0,0.025,0.0,0.125,0.0,rs73167223
0.875,0.725,0.525,0.675,0.55,rs6007455
0.0,0.0,0.0,0.0,0.0,rs55836719
0.6,0.225,0.375,0.45,0.4,rs723553
0.0,0.0,0.0,0.0,0.0,rs562542344
0.125,0.425,0.55,0.375,0.25,rs6006941
0.275,0.35,0.225,0.2,0.35,rs9306489
0.25,0.55,0.475,0.375,0.35,rs7290824
0.175,0.475,0.375,0.35,0.35,rs547698
0.525,0.875,0.8,0.8,0.65,rs132813
0.2,0.425,0.55,0.425,0.275,rs132817
0.05,0.1,0.025,0.075,0.125,rs11704050
0.0,0.05,0.0,0.0,0.0,rs117397985
0.225,0.05,0.175,0.05,0.1,rs5766503
0.275,0.325,0.55,0.175,0.175,rs132874
0.05,0.25,0.375,0.125,0.075,rs132878
0.325,0.525,0.325,0.525,0.425,rs8135904
0.2,0.05,0.175,0.05,0.1,rs2075952
0.825,0.65,0.975,0.625,0.675,rs7456
0.375,0.25,0.2,0.125,0.125,rs1125398
0.025,0.025,0.125,0.025,0.075,rs41278911
0.0,0.075,0.0,0.025,0.025,rs76353358
0.675,0.725,0.825,0.75,0.875,rs2235160
0.2,0.2,0.1,0.25,0.15,rs5766536
0.125,0.075,0.05,0.125,0.075,rs5766546
0.0,0.0,0.0,0.0,0.0,rs150665432
0.0,0.0,0.0,0.025,0.025,rs75464288
0.075,0.05,0.15,0.0,0.0,rs73434185
0.75,0.4,0.65,0.275,0.525,rs5766564
0.0,0.05,0.0,0.0,0.0,rs58721007
0.0,0.0,0.0,0.0,0.0,rs145790542
0.025,0.15,0.025,0.0,0.025,rs9615075
0.225,0.25,0.35,0.325,0.475,rs2294196
0.0,0.0,0.0,0.0,0.0,rs8136284
0.125,0.375,0.3,0.5,0.35,rs6006956
0.025,0.025,0.1,0.125,0.075,rs60829688
0.275,0.375,0.35,0.5,0.375,rs5766592
0.275,0.3,0.25,0.225,0.375,rs6006959
0.625,0.275,0.425,0.225,0.4,rs6007529
0.375,0.175,0.475,0.075,0.25,rs6007552
0.0,0.0,0.0,0.0,0.0,rs184220282
0.825,0.3,0.55,0.125,0.45,rs2350625
0.275,0.2,0.525,0.075,0.3,rs6006973
0.025,0.05,0.0,0.0,0.0,rs117404891
0.275,0.275,0.25,0.575,0.35,rs5765242
0.1,0.55,0.4,0.45,0.525,rs2742648
0.0,0.025,0.0,0.0,0.025,rs77049647
0.0,0.1,0.0,0.05,0.1,rs76645083
0.1,0.575,0.375,0.6,0.5,rs2350626
0.1,0.575,0.575,0.6,0.65,rs2742624
0.0,0.0,0.0,0.0,0.0,rs34422585
0.325,0.575,0.55,0.6,0.65,rs2742630
0.05,0.25,0.125,0.025,0.2,rs9626671
0.225,0.25,0.125,0.025,0.2,rs9306493
0.975,0.85,0.825,0.625,0.9,rs2673087
0.025,0.0,0.0,0.0,0.0,rs138918236
0.0,0.0,0.0,0.0,0.0,rs188696049
0.0,0.0,0.05,0.0,0.0,rs147609981
0.0,0.0,0.0,0.025,0.0,rs111723166
0.075,0.175,0.125,0.175,0.025,rs3788643
0.0,0.0,0.0,0.0,0.0,rs147247708
0.0,0.1,0.0,0.025,0.0,rs16993800
0.175,0.425,0.35,0.525,0.4,rs4823458
0.875,0.825,0.825,0.825,0.625,rs104664
0.9,0.425,0.475,0.275,0.325,rs742013
0.925,0.925,0.825,0.825,0.625,rs7285172
0.95,0.925,0.85,0.825,0.675,rs2350629
0.1,0.0,0.0,0.025,0.0,rs77414124
0.0,0.0,0.025,0.0,0.0,rs140383625
0.0,0.0,0.0,0.0,0.0,rs76584200
0.0,0.0,0.0,0.0,0.0,rs144133256
0.0,0.0,0.0,0.025,0.0,rs77223685
0.0,0.0,0.0,0.0,0.0,rs199797179
0.0,0.025,0.0,0.025,0.05,rs76029495
0.125,0.175,0.175,0.175,0.375,rs136604
0.0,0.0,0.025,0.0,0.0,rs59823491
0.0,0.0,0.0,0.05,0.0,rs117892067
0.0,0.1,0.275,0.05,0.175,rs114380830
0.125,0.1,0.175,0.125,0.05,rs12172195
0.0,0.0,0.0,0.0,0.0,rs117786136
0.975,0.5,0.65,0.55,0.7,rs5765340
0.0,0.0,0.0,0.025,0.0,rs142579982
0.1,0.2,0.1,0.175,0.375,rs1022479
0.0,0.0,0.0,0.025,0.0,rs80042866
0.575,0.35,0.4,0.425,0.625,rs5765364
0.6,0.325,0.35,0.4,0.625,rs5765370
0.1,0.1,0.125,0.175,0.025,rs6006753
0.05,0.025,0.025,0.025,0.05,rs73889958
0.075,0.025,0.025,0.0,0.05,rs60852449
0.125,0.0,0.05,0.0,0.025,rs34400920
0.225,0.275,0.025,0.25,0.15,rs11090632
0.05,0.125,0.075,0.2,0.15,rs73441275
0.675,0.575,0.5,0.5,0.475,rs5764742
0.3,0.125,0.075,0.2,0.15,rs7290896
0.525,0.4,0.475,0.35,0.475,rs5765397
0.0,0.0,0.0,0.05,0.0,rs9614474
0.15,0.05,0.05,0.175,0.075,rs5765401
0.25,0.15,0.125,0.125,0.3,rs6006756
0.525,0.475,0.5,0.35,0.55,rs5765425
0.0,0.0,0.0,0.025,0.025,rs117938903
0.075,0.025,0.0,0.075,0.05,rs6007065
0.175,0.325,0.325,0.1,0.125,rs28436897
0.0,0.1,0.0,0.025,0.0,rs73171291
0.0,0.025,0.0,0.075,0.0,rs74764103
0.15,0.075,0.55,0.375,0.4,rs713896
0.225,0.35,0.325,0.15,0.15,rs2238810
0.0,0.025,0.0,0.0,0.0,rs149891502
0.0,0.125,0.0,0.025,0.1,rs11702909
0.475,0.375,0.725,0.475,0.55,rs136723
0.0,0.0,0.0,0.0,0.025,rs13053630
0.8,0.95,0.975,0.9,0.975,rs129752
0.325,0.25,0.1,0.075,0.2,rs7287670
0.8,0.9,0.975,0.9,0.925,rs136741
0.025,0.05,0.025,0.15,0.225,rs79513756
0.0,0.0,0.0,0.0,0.0,rs200333117
0.1,0.325,0.225,0.45,0.1,rs9682
0.675,0.925,1.0,0.85,0.8,rs5765463
0.05,0.15,0.075,0.0,0.175,rs77472002
0.0,0.0,0.0,0.0,0.0,rs151076402
0.0,0.0,0.0,0.075,0.15,rs118001978
0.9,0.65,0.725,0.75,0.575,rs743931
0.0,0.0,0.0,0.025,0.1,rs142814172
0.825,0.625,0.7,0.7,0.6,rs739215
0.0,0.025,0.0,0.025,0.0,rs13057220
0.0,0.0,0.0,0.0,0.0,rs200901023
0.7,0.125,0.25,0.175,0.35,rs2071868
0.9,0.475,0.625,0.3,0.675,rs134822
0.05,0.025,0.075,0.025,0.3,rs3788654
0.025,0.5,0.4,0.525,0.175,rs4415
0.8,0.625,0.575,0.575,0.525,rs4416
0.0,0.0,0.0,0.0,0.0,rs201056633
0.0,0.0,0.0,0.0,0.0,rs143377110
0.875,0.875,0.7,0.55,0.775,rs5765490
0.0,0.025,0.0,0.05,0.0,rs73173337
0.175,0.15,0.2,0.05,0.175,rs3788658
0.0,0.0,0.05,0.0,0.0,rs147445431
0.0,0.0,0.0,0.0,0.0,rs79930833
0.075,0.025,0.0,0.025,0.125,rs7292820
0.675,0.2,0.225,0.1,0.325,rs3788669
0.65,0.875,0.6,0.6,0.7,rs5765523
0.0,0.05,0.0,0.025,0.0,rs17649376
0.625,0.2,0.225,0.1,0.325,rs3788673
0.0,0.0,0.0,0.0,0.0,rs138312931
0.0,0.0,0.0,0.025,0.025,rs13268
0.2,0.05,0.025,0.05,0.2,rs16994329
0.0,0.025,0.0,0.075,0.0,rs117509940
0.025,0.025,0.025,0.025,0.15,rs78339110
0.0,0.0,0.0,0.025,0.0,rs78098381
0.125,0.35,0.45,0.475,0.35,rs17564843
0.0,0.025,0.0,0.075,0.0,rs116888451
0.125,0.075,0.075,0.1,0.075,rs73886444
0.75,0.525,0.775,0.725,0.475,rs5765545
0.175,0.025,0.275,0.025,0.025,rs9614493
0.0,0.0,0.0,0.025,0.05,rs113799639
0.0,0.0,0.0,0.05,0.0,rs117701482
0.125,0.35,0.45,0.45,0.35,rs16994390
0.325,0.35,0.45,0.475,0.325,rs2301449
0.0,0.0,0.025,0.0,0.0,rs78106693
0.025,0.0,0.0,0.025,0.0,rs12168655
0.0,0.0,0.0,0.025,0.0,rs79559969
0.0,0.0,0.0,0.0,0.0,rs79371209
0.0,0.0,0.05,0.1,0.1,rs112593561
0.05,0.025,0.0,0.075,0.0,rs111271344
0.0,0.05,0.0,0.0,0.0,rs55882179
0.0,0.0,0.0,0.0,0.0,rs78985624
0.0,0.0,0.0,0.0,0.0,rs117040129
0.0,0.0,0.0,0.0,0.025,rs74485548
0.0,0.0,0.0,0.0,0.0,rs201467336
0.0,0.0,0.0,0.05,0.0,rs78689861
0.0,0.0,0.0,0.0,0.0,rs199766375
0.0,0.05,0.025,0.075,0.125,rs74861871
0.25,0.35,0.475,0.45,0.3,rs5765585
0.0,0.0,0.0,0.0,0.0,rs117989001
0.0,0.025,0.0,0.0,0.0,rs201427871
0.0,0.025,0.0,0.0,0.0,rs117615085
0.0,0.05,0.025,0.075,0.125,rs34876313
0.525,0.025,0.075,0.125,0.1,rs138179
0.0,0.0,0.0,0.025,0.05,rs111884888
0.325,0.05,0.075,0.175,0.1,rs6007155
0.0,0.05,0.0,0.0,0.0,rs73173391
0.0,0.025,0.0,0.0,0.0,rs73173392
0.925,0.875,0.675,0.7,0.85,rs135991
0.0,0.075,0.0,0.05,0.0,rs79917314
0.0,0.0,0.0,0.0,0.025,rs191805253
0.0,0.075,0.0,0.05,0.0,rs117989805
0.85,0.875,0.775,0.875,0.975,rs136007
0.0,0.0,0.0,0.025,0.05,rs56232057
0.0,0.0,0.0,0.0,0.0,rs183599326
0.05,0.025,0.075,0.1,0.1,rs61289397
0.0,0.0,0.05,0.0,0.0,rs190548125
0.425,0.3,0.525,0.5,0.45,rs763010
0.25,0.275,0.475,0.3,0.4,rs1023470
0.025,0.0,0.0,0.025,0.125,rs34402219
0.0,0.0,0.0,0.0,0.0,rs201340527
0.0,0.0,0.0,0.0,0.0,rs140014542
0.0,0.0,0.0,0.025,0.0,rs9614525
0.175,0.6,0.375,0.45,0.625,rs11704609
0.975,0.9,0.775,0.875,0.975,rs136033
0.0,0.0,0.0,0.05,0.0,rs9614799
0.0,0.0,0.0,0.0,0.0,rs56112134
0.425,0.85,0.85,0.725,0.85,rs5765681
0.425,0.125,0.6,0.05,0.375,rs136037
0.4,0.125,0.6,0.025,0.35,rs136042
0.0,0.0,0.0,0.025,0.05,rs116945524
0.775,0.9,0.375,0.975,0.625,rs136051
0.0,0.0,0.025,0.0,0.125,rs112090150
0.175,0.025,0.0,0.075,0.0,rs74507317
0.075,0.075,0.075,0.05,0.025,rs74677197
0.125,0.225,0.65,0.15,0.275,rs57514815
0.025,0.15,0.55,0.0,0.175,rs28561624
0.025,0.0,0.075,0.0,0.025,rs112100263
0.1,0.05,0.0,0.025,0.0,rs73886526
0.0,0.025,0.0,0.075,0.0,rs73175030
0.0,0.1,0.0,0.0,0.025,rs73450279
0.3,0.175,0.525,0.175,0.25,rs28587491
0.075,0.275,0.2,0.4,0.125,rs28480017
0.175,0.0,0.0,0.0,0.1,rs9777732
0.625,0.225,0.025,0.05,0.175,rs10453443
0.125,0.1,0.0,0.05,0.075,rs73452309
0.0,0.0,0.0,0.0,0.0,rs151319987
0.975,0.6,0.75,0.4,0.825,rs9286457
0.0,0.2,0.025,0.025,0.05,rs117551517
0.125,0.325,0.025,0.075,0.1,rs76895390
0.325,0.075,0.175,0.1,0.15,rs28421618
0.0,0.05,0.0,0.075,0.025,rs112963801
0.0,0.05,0.025,0.025,0.125,rs113343186
0.0,0.025,0.025,0.0,0.1,rs111885193
0.675,0.475,0.2,0.175,0.225,rs9286452
0.0,0.025,0.0,0.075,0.0,rs79233925
0.2,0.425,0.2,0.2,0.225,rs56398559
0.0,0.0,0.0,0.025,0.0,rs28755830
0.0,0.05,0.0,0.025,0.025,rs75832228
0.125,0.225,0.025,0.025,0.05,rs184823118
0.025,0.05,0.05,0.025,0.1,rs75662824
0.0,0.0,0.0,0.0,0.0,rs202233642
0.0,0.025,0.0,0.0,0.0,rs76104782
0.75,0.3,0.65,0.325,0.5,rs9330790
0.2,0.125,0.025,0.275,0.05,rs56115219
0.85,0.55,0.4,0.45,0.675,rs10448589
0.0,0.0,0.0,0.0,0.0,rs187778025
0.3,0.425,0.35,0.325,0.625,rs10448592
0.8,0.475,0.375,0.5,0.675,rs10448600
0.225,0.025,0.0,0.0,0.0,rs28446149
0.0,0.0,0.0,0.025,0.0,rs28668243
0.125,0.0,0.0,0.025,0.0,rs75725186
0.2,0.0,0.0,0.1,0.075,rs113538971
0.75,0.8,0.8,0.7,0.725,rs10448585
0.4,0.375,0.4,0.425,0.4,rs10448606
0.375,0.525,0.575,0.325,0.5,rs10453441
0.15,0.45,0.575,0.2,0.425,rs9330813
0.225,0.025,0.0,0.1,0.05,rs28615830
0.025,0.0,0.0,0.025,0.025,rs74912875
0.5,0.225,0.0,0.225,0.125,rs10453460
0.0,0.0,0.025,0.0,0.0,rs111758049
0.325,0.225,0.0,0.2,0.125,rs113951080
0.0,0.0,0.0,0.0,0.0,rs147654789
0.0,0.025,0.0,0.025,0.0,rs118176697
0.0,0.0,0.0,0.025,0.0,rs113108216
0.475,0.175,0.0,0.2,0.125,rs35877437
0.0,0.0,0.0,0.025,0.0,rs112022355
0.5,0.05,0.0,0.1,0.0,rs28419158
0.775,0.275,0.0,0.25,0.125,rs28562363
0.95,0.475,0.2,0.625,0.35,rs4077498
0.05,0.1,0.05,0.125,0.05,rs113953187
0.225,0.375,0.15,0.375,0.35,rs28685663
0.0,0.0,0.0,0.025,0.0,rs116990915
0.0,0.025,0.0,0.025,0.0,rs193238077
0.8,0.275,0.075,0.375,0.175,rs6519955
0.0,0.0,0.0,0.0,0.0,rs73175102
0.0,0.0,0.0,0.05,0.0,rs78211501
0.375,0.175,0.0,0.275,0.125,rs9626908
0.225,0.1,0.05,0.2,0.075,rs61074283
0.0,0.075,0.0,0.025,0.075,rs111847135
0.075,0.125,0.1,0.1,0.075,rs59929908
0.0,0.025,0.0,0.0,0.0,rs117930260
0.8,0.375,0.1,0.45,0.2,rs7292297
0.425,0.2,0.025,0.35,0.075,rs7291412
0.0,0.05,0.0,0.025,0.0,rs77910960
0.95,0.25,0.075,0.475,0.375,rs3934479
0.025,0.0,0.0,0.05,0.0,rs73888761
0.025,0.075,0.025,0.05,0.0,rs7410385
0.5,0.2,0.0,0.225,0.275,rs11913069
0.0,0.025,0.0,0.0,0.075,rs62228098
0.2,0.125,0.0,0.275,0.125,rs9616084
0.625,0.175,0.15,0.225,0.1,rs9626891
0.2,0.125,0.0,0.175,0.225,rs12160757
0.975,0.25,0.3,0.45,0.325,rs910923
0.925,0.275,0.275,0.5,0.4,rs11702999
0.025,0.125,0.0,0.025,0.0,rs77251783
0.0,0.075,0.0,0.025,0.025,rs117452563
0.1,0.0,0.0,0.0,0.15,rs56367023
0.925,0.325,0.275,0.125,0.4,rs2024929
0.15,0.15,0.075,0.1,0.375,rs5768763
0.0,0.0,0.025,0.0,0.0,rs145984251
0.025,0.1,0.0,0.025,0.025,rs77623192
0.0,0.025,0.0,0.025,0.05,rs117621208
0.0,0.0,0.025,0.0,0.0,rs12628025
0.325,0.8,0.975,0.775,0.775,rs135561
0.325,0.8,0.975,0.775,0.825,rs135550
0.175,0.625,0.925,0.65,0.65,rs135549
0.7,0.75,0.975,0.75,0.85,rs135543
0.3,0.15,0.05,0.125,0.2,rs9626730
0.0,0.0,0.0,0.0,0.0,rs117057849
0.05,0.075,0.0,0.025,0.025,rs4253650
0.45,0.15,0.05,0.1,0.2,rs881740
0.0,0.0,0.0,0.0,0.0,rs117691119
0.025,0.0,0.0,0.025,0.05,rs118147297
0.25,0.0,0.0,0.0,0.0,rs149711321
0.325,0.275,0.05,0.125,0.25,rs4253712
0.525,0.35,0.15,0.225,0.275,rs4823613
0.275,0.375,0.1,0.225,0.275,rs5767634
0.05,0.25,0.0,0.225,0.175,rs4253728
0.575,0.375,0.15,0.225,0.275,rs4253730
0.0,0.05,0.0,0.1,0.075,rs1800206
0.0,0.0,0.0,0.05,0.0,rs73177040
0.0,0.1,0.0,0.05,0.1,rs4253772
0.025,0.15,0.35,0.15,0.0,rs77400630
0.725,0.225,0.0,0.175,0.15,rs4253778
0.225,0.075,0.0,0.125,0.05,rs61748935
0.9,0.35,0.075,0.325,0.2,rs4508712
0.0,0.0,0.0,0.025,0.0,rs41302599
0.0,0.0,0.0,0.025,0.0,rs117135869
0.0,0.05,0.0,0.025,0.0,rs62226994
0.0,0.025,0.0,0.0,0.0,rs188400356
0.0,0.0,0.0,0.0,0.0,rs79718762
0.0,0.0,0.0,0.025,0.0,rs8142248
0.0,0.0,0.0,0.0,0.0,rs76688525
0.025,0.05,0.125,0.05,0.0,rs201701933
0.25,0.05,0.0,0.1,0.0,rs79334853
0.0,0.0,0.025,0.0,0.0,rs150315230
0.0,0.075,0.0,0.05,0.025,rs141601555
0.2,0.1,0.0,0.05,0.075,rs11090865
0.0,0.025,0.125,0.05,0.15,rs73177074
0.0,0.0,0.0,0.0,0.0,rs201749101
0.0,0.05,0.0,0.075,0.0,rs114058457
0.0,0.0,0.0,0.0,0.0,rs387907022
0.0,0.0,0.0,0.0,0.0,rs202229063
0.0,0.0,0.0,0.0,0.0,rs185988821
0.3,0.3,0.3,0.325,0.3,rs5768749
0.025,0.05,0.0,0.075,0.025,rs12166377
0.0,0.0,0.0,0.0,0.0,rs201509338
0.0,0.0,0.0,0.0,0.0,rs200116798
0.0,0.0,0.0,0.0,0.0,rs118156355
0.0,0.0,0.025,0.0,0.025,rs56325154
0.0,0.0,0.0,0.0,0.0,rs143276225
0.0,0.0,0.0,0.0,0.0,rs138303327
0.075,0.0,0.0,0.0,0.0,rs75983687
0.0,0.0,0.0,0.0,0.0,rs201155196
0.0,0.0,0.0,0.0,0.0,rs200072284
0.0,0.0,0.025,0.0,0.0,rs147639520
0.0,0.0,0.0,0.0,0.0,rs199710861
0.55,0.2,0.0,0.2,0.1,rs6007897
0.625,0.2,0.0,0.225,0.175,rs4044210
0.625,0.225,0.0,0.2,0.125,rs6008793
0.0,0.0,0.0,0.0,0.0,rs138703288
0.0,0.025,0.0,0.0,0.0,rs144122307
0.0,0.0,0.0,0.0,0.0,rs79453499
0.7,0.125,0.0,0.05,0.1,rs9615362
0.775,0.225,0.025,0.175,0.1,rs6520011
0.0,0.1,0.0,0.05,0.025,rs117664381
0.0,0.0,0.0,0.025,0.0,rs11704506
0.0,0.0,0.0,0.025,0.0,rs118015765
0.025,0.0,0.0,0.075,0.0,rs117562354
0.875,0.2,0.025,0.25,0.1,rs6008817
0.575,0.2,0.025,0.175,0.125,rs11703127
0.0,0.0,0.0,0.0,0.0,rs74756314
0.0,0.025,0.025,0.05,0.1,rs73890425
0.625,0.1,0.0,0.225,0.1,rs7288371
0.9,0.075,0.075,0.225,0.2,rs6008822
0.0,0.0,0.0,0.0,0.0,rs61737817
0.025,0.0,0.0,0.0,0.025,rs61737816
0.0,0.0,0.0,0.05,0.0,rs77717991
0.025,0.0,0.0,0.0,0.0,rs62227005
0.0,0.0,0.025,0.05,0.05,rs117310355
0.35,0.0,0.025,0.125,0.1,rs6008826
0.025,0.0,0.0,0.0,0.0,rs61737815
0.0,0.025,0.525,0.025,0.025,rs4823810
0.0,0.0,0.0,0.0,0.0,rs200569320
0.0,0.075,0.025,0.1,0.025,rs9616008
0.2,0.2,0.125,0.2,0.2,rs8137581
0.1,0.225,0.075,0.025,0.125,rs73177083
0.0,0.0,0.0,0.05,0.0,rs117958420
0.0,0.05,0.0,0.025,0.0,rs11703616
0.1,0.125,0.1,0.525,0.275,rs874827
0.375,0.125,0.1,0.575,0.275,rs6008833
0.725,0.8,0.7,0.95,0.9,rs760991
0.175,0.0,0.0,0.05,0.0,rs8139196
0.35,0.375,0.525,0.45,0.575,rs8138156
0.35,0.225,0.35,0.05,0.225,rs8139582
0.0,0.0,0.0,0.0,0.0,rs75094022
0.625,0.625,0.925,0.575,0.7,rs5768788
0.175,0.075,0.3,0.0,0.175,rs11914038
0.225,0.0,0.0,0.05,0.0,rs6008858
0.475,0.4,0.6,0.425,0.375,rs3788705
0.325,0.3,0.25,0.25,0.25,rs35973286
0.0,0.025,0.0,0.075,0.0,rs78522011
0.55,0.65,0.975,0.675,0.775,rs6520023
0.0,0.05,0.1,0.0,0.125,rs118127983
0.0,0.0,0.0,0.025,0.0,rs150631918
0.0,0.05,0.0,0.0,0.05,rs188671195
0.0,0.0,0.0,0.0,0.0,rs80253568
0.0,0.025,0.0,0.05,0.0,rs117259753
0.05,0.45,0.7,0.425,0.4,rs9616019
0.0,0.025,0.15,0.15,0.075,rs12628943
0.125,0.075,0.175,0.275,0.125,rs10211986
0.475,0.65,0.8,0.45,0.525,rs9616028
0.1,0.05,0.2,0.1,0.1,rs6008880
0.825,0.675,0.9,0.9,0.6,rs5768864
0.0,0.0,0.0,0.05,0.0,rs78804481
0.0,0.0,0.0,0.0,0.0,rs77068715
0.15,0.025,0.15,0.075,0.05,rs3827411
0.8,0.825,0.9,0.725,0.85,rs3827412
0.1,0.0,0.025,0.05,0.0,rs73888541
0.125,0.15,0.25,0.05,0.225,rs12484501
0.325,0.15,0.075,0.25,0.275,rs9615375
0.475,0.175,0.075,0.275,0.3,rs5768880
0.825,0.85,0.85,0.9,1.0,rs5767240
0.45,0.225,0.025,0.275,0.2,rs5768892
0.5,0.225,0.1,0.325,0.3,rs713917
0.85,0.5,0.625,0.675,0.45,rs5767244
0.0,0.0,0.0,0.0,0.0,rs202114318
0.95,0.975,0.95,0.95,0.975,rs4823561
0.0,0.0,0.0,0.0,0.0,rs144782066
0.0,0.0,0.0,0.0,0.0,rs148349145
0.0,0.125,0.0,0.0,0.025,rs61737811
0.0,0.0,0.0,0.0,0.0,rs201855257
0.0,0.0,0.0,0.0,0.0,rs200061231
0.0,0.0,0.0,0.0,0.0,rs199936313
0.0,0.0,0.0,0.0,0.0,rs146508060
0.0,0.0,0.0,0.0,0.0,rs143062246
0.0,0.0,0.0,0.0,0.0,rs142220741
0.0,0.0,0.025,0.0,0.0,rs192865476
0.0,0.0,0.0,0.0,0.0,rs41279837
0.725,0.95,0.95,0.95,0.975,rs4823850
0.0,0.0,0.1,0.025,0.075,rs117345830
0.0,0.025,0.0,0.0,0.0,rs118085077
0.825,0.975,0.9,0.975,0.95,rs5768935
0.125,0.15,0.025,0.35,0.125,rs9615382
0.425,0.7,0.725,0.825,0.875,rs738240
0.55,0.275,0.275,0.175,0.125,rs5768964
0.0,0.0,0.0,0.075,0.025,rs77285372
0.225,0.25,0.075,0.125,0.1,rs8138073
0.1,0.7,0.7,0.4,0.725,rs12485133
0.35,0.7,0.3,0.6,0.525,rs714024
0.25,0.175,0.0,0.4,0.2,rs138492
0.45,0.2,0.575,0.3,0.4,rs138481
0.45,0.3,0.525,0.3,0.425,rs732925
0.05,0.5,0.425,0.125,0.2,rs875559
0.0,0.0,0.0,0.075,0.0,rs117094395
0.05,0.175,0.0,0.25,0.25,rs17834253
0.45,0.525,0.425,0.125,0.2,rs2542038
0.7,0.6,0.45,0.45,0.35,rs885792
0.275,0.15,0.0,0.4,0.275,rs34212133
0.0,0.0,0.0,0.025,0.0,rs73176536
0.2,0.025,0.0,0.025,0.025,rs4823869
0.4,0.575,0.375,0.175,0.175,rs801721
0.075,0.0,0.0,0.0,0.0,rs8143065
0.0,0.0,0.0,0.05,0.025,rs9616098
0.075,0.25,0.4,0.2,0.175,rs135676
0.0,0.0,0.05,0.0,0.025,rs118023871
0.225,0.575,0.4,0.325,0.3,rs78424
0.075,0.05,0.0,0.025,0.025,rs62232615
0.0,0.05,0.0,0.0,0.0,rs13057352
0.55,0.375,0.275,0.45,0.4,rs743035
0.225,0.4,0.65,0.275,0.35,rs135698
0.1,0.025,0.0,0.025,0.025,rs801728
0.025,0.0,0.0,0.0,0.0,rs78444025
0.125,0.15,0.275,0.175,0.2,rs135701
0.6,0.775,0.725,0.75,0.575,rs6008957
0.475,0.1,0.1,0.1,0.075,rs9616103
0.0,0.0,0.0,0.0,0.025,rs117327271
0.025,0.075,0.025,0.075,0.025,rs5769110
0.45,0.1,0.05,0.1,0.075,rs9627540
0.1,0.05,0.0,0.075,0.05,rs62232639
0.15,0.125,0.375,0.2,0.45,rs761906
0.0,0.025,0.0,0.025,0.025,rs117051531
0.0,0.0,0.0,0.025,0.0,rs77665308
0.0,0.025,0.0,0.075,0.0,rs73182605
0.25,0.025,0.0,0.05,0.025,rs16995672
0.0,0.0,0.0,0.05,0.0,rs78601517
0.125,0.175,0.375,0.25,0.55,rs5767343
0.7,0.35,0.4,0.45,0.65,rs801640
0.0,0.075,0.125,0.025,0.175,rs12628080
0.35,0.15,0.0,0.15,0.025,rs801628
0.55,0.675,0.6,0.7,0.475,rs5769152
0.0,0.0,0.0,0.0,0.0,rs117245190
0.0,0.075,0.15,0.025,0.175,rs62233785
0.3,0.35,0.35,0.375,0.525,rs974226
0.2,0.3,0.45,0.375,0.45,rs7290059
0.0,0.0,0.0,0.0,0.0,rs116862892
0.0,0.0,0.0,0.025,0.0,rs76948592
0.325,0.225,0.225,0.225,0.375,rs1984405
0.0,0.0,0.0,0.0,0.0,rs78057761
0.4,0.325,0.275,0.35,0.425,rs6008993
0.0,0.0,0.0,0.025,0.0,rs117502253
0.85,0.75,0.7,0.7,0.675,rs131861
0.225,0.0,0.0,0.0,0.0,rs73891034
0.675,0.8,0.675,0.725,0.55,rs131873
0.3,0.05,0.0,0.0,0.0,rs6009015
0.375,0.75,0.675,0.725,0.55,rs362154
0.05,0.025,0.0,0.0,0.0,rs73184520
0.25,0.025,0.0,0.0,0.1,rs16995807
0.0,0.025,0.0,0.1,0.0,rs79173093
0.0,0.025,0.0,0.0,0.025,rs35119670
0.0,0.0,0.0,0.05,0.0,rs118017896
0.275,0.025,0.0,0.0,0.1,rs12160779
0.35,0.05,0.0,0.025,0.1,rs6009040
0.0,0.0,0.0,0.0,0.025,rs117964110
0.45,0.05,0.0,0.0,0.075,rs3891508
0.225,0.4,0.575,0.075,0.3,rs5769220
0.575,0.6,0.675,0.35,0.275,rs4823890
0.65,0.575,0.575,0.35,0.325,rs867086
0.0,0.0,0.025,0.0,0.0,rs75899447
0.5,0.425,0.575,0.225,0.325,rs5767402
0.875,0.625,0.6,0.35,0.375,rs6009047
0.225,0.075,0.025,0.0,0.05,rs78905339
0.35,0.075,0.025,0.0,0.05,rs16995967
0.275,0.075,0.025,0.0,0.05,rs112370377
0.35,0.075,0.025,0.0,0.05,rs73888455
0.35,0.075,0.025,0.0,0.05,rs73478582
0.35,0.075,0.025,0.0,0.05,rs73478584
0.35,0.075,0.025,0.0,0.05,rs16995971
0.425,0.075,0.025,0.0,0.05,rs6009062
0.325,0.625,0.65,0.725,0.775,rs9616165
0.3,0.075,0.025,0.0,0.05,rs56205905
0.0,0.0,0.0,0.1,0.075,rs4823900
0.0,0.0,0.075,0.0,0.0,rs181028066
0.0,0.0,0.0,0.05,0.0,rs117530715
0.65,0.35,0.35,0.35,0.25,rs136068
0.0,0.0,0.0,0.0,0.0,rs76850005
0.0,0.0,0.0,0.0,0.0,rs116994256
0.1,0.05,0.025,0.0,0.05,rs73890505
0.0,0.05,0.025,0.0,0.05,rs73186520
0.0,0.0,0.0,0.0,0.0,rs9616177
0.775,0.35,0.375,0.375,0.35,rs136101
0.05,0.2,0.375,0.3,0.125,rs4437
0.0,0.075,0.0,0.0,0.05,rs112648855
0.4,0.05,0.0,0.0,0.0,rs8142299
0.0,0.0,0.025,0.0,0.0,rs185546419
0.0,0.0,0.0,0.025,0.0,rs117449195
0.6,0.475,0.35,0.425,0.225,rs55878044
0.125,0.125,0.0,0.025,0.05,rs6008014
0.0,0.0,0.0,0.0,0.0,rs143658723
0.0,0.0,0.0,0.0,0.0,rs75430848
0.0,0.05,0.0,0.0,0.0,rs141454146
0.05,0.05,0.0,0.025,0.05,rs112913638
0.0,0.0,0.025,0.0,0.0,rs117744986
0.0,0.05,0.0,0.05,0.0,rs62225117
0.15,0.35,0.375,0.375,0.2,rs55641454
0.0,0.0,0.0,0.0,0.0,rs139966518
0.05,0.05,0.0,0.025,0.05,rs9616197
0.0,0.0,0.0,0.05,0.0,rs75104550
0.0,0.0,0.0,0.025,0.0,rs16996168
0.0,0.025,0.0,0.025,0.025,rs74560453
0.15,0.35,0.375,0.325,0.15,rs131946
0.3,0.075,0.0,0.025,0.0,rs7291161
0.275,0.05,0.0,0.05,0.05,rs9615456
0.9,0.8,1.0,0.65,0.65,rs131896
0.0,0.0,0.0,0.0,0.0,rs146290920
0.1,0.075,0.225,0.15,0.05,rs13053636
0.225,0.325,0.025,0.35,0.35,rs4823588
0.125,0.125,0.0,0.0,0.1,rs16996234
0.0,0.0,0.0,0.025,0.0,rs117941345
0.0,0.025,0.0,0.025,0.05,rs13054137
0.05,0.425,0.575,0.225,0.4,rs86559
0.675,0.6,0.55,0.35,0.5,rs131929
0.0,0.0,0.0,0.05,0.0,rs75524349
0.0,0.0,0.0,0.05,0.0,rs9615127
0.0,0.0,0.0,0.0,0.0,rs139951227
0.1,0.15,0.0,0.0,0.075,rs739013
0.0,0.025,0.0,0.025,0.05,rs71313092
0.15,0.45,0.55,0.35,0.45,rs4823464
0.025,0.025,0.0,0.025,0.0,rs79285278
0.3,0.35,0.55,0.275,0.5,rs9615461
0.0,0.0,0.0,0.0,0.0,rs138863534
0.675,0.325,0.575,0.275,0.575,rs5767494
0.975,0.85,0.975,0.45,0.875,rs8140163
0.0,0.0,0.0,0.0,0.0,rs78733435
0.0,0.0,0.0,0.0,0.0,rs370372413
0.0,0.15,0.0,0.05,0.05,rs80299207
0.775,0.85,0.975,0.625,0.875,rs738665
0.0,0.0,0.0,0.0,0.0,rs144351340
0.775,0.85,0.975,0.625,0.875,rs5766691
0.0,0.05,0.0,0.0,0.0,rs78096288
0.25,0.15,0.025,0.35,0.175,rs56145009
0.0,0.0,0.0,0.0,0.0,rs17175403
0.5,0.675,0.625,0.625,0.475,rs738669
0.275,0.125,0.025,0.175,0.025,rs754890
0.575,0.675,0.65,0.675,0.425,rs4823603
0.0,0.025,0.0,0.05,0.0,rs34154253
0.0,0.0,0.0,0.0,0.0,rs180867222
0.425,0.325,0.675,0.175,0.275,rs9637352
0.275,0.225,0.3,0.2,0.25,rs7292316
0.7,0.4,0.3,0.475,0.425,rs135363
0.0,0.0,0.0,0.05,0.0,rs9615467
0.0,0.0,0.0,0.0,0.0,rs17763384
0.0,0.0,0.0,0.05,0.0,rs117622751
0.0,0.025,0.0,0.025,0.025,rs117632576
0.0,0.0,0.025,0.0,0.0,rs116985463
0.75,0.2,0.2,0.175,0.225,rs6007633
0.675,0.05,0.025,0.05,0.225,rs6007635
0.05,0.125,0.0,0.125,0.075,rs135379
0.8,0.3,0.55,0.475,0.55,rs875029
0.275,0.025,0.1,0.0,0.05,rs9626700
0.275,0.025,0.1,0.0,0.05,rs9626702
0.0,0.0,0.0,0.0,0.0,rs117644037
0.35,0.55,0.375,0.4,0.45,rs4823617
0.35,0.55,0.375,0.4,0.225,rs8140251
0.0,0.0,0.0,0.05,0.0,rs73172511
0.15,0.25,0.55,0.375,0.3,rs136617
0.0,0.0,0.0,0.025,0.0,rs7291607
0.0,0.0,0.0,0.0,0.025,rs79131281
0.0,0.0,0.0,0.05,0.0,rs116900944
0.075,0.0,0.0,0.075,0.05,rs73172520
0.2,0.525,0.375,0.475,0.25,rs8136752
0.125,0.0,0.025,0.05,0.175,rs79083211
0.2,0.525,0.425,0.35,0.2,rs9615482
0.8,0.9,0.775,0.9,0.775,rs4342040
0.325,0.075,0.3,0.275,0.275,rs739111
0.4,0.3,0.625,0.475,0.475,rs136636
0.0,0.0,0.0,0.0,0.0,rs77576813
0.0,0.0,0.0,0.025,0.0,rs118179232
0.075,0.2,0.05,0.05,0.1,rs73887242
0.0,0.0,0.0,0.0,0.0,rs118077630
0.0,0.2,0.075,0.05,0.125,rs62225336
0.525,0.1,0.275,0.0,0.15,rs11913251
0.55,0.1,0.275,0.0,0.15,rs73469736
0.2,0.2,0.225,0.025,0.125,rs766168
0.425,0.425,0.575,0.55,0.5,rs6008118
0.05,0.2,0.5,0.4,0.45,rs2187793
0.775,0.45,0.6,0.625,0.6,rs9626993
0.0,0.0,0.0,0.0,0.0,rs138903421
0.0,0.0,0.0,0.0,0.0,rs184677623
0.075,0.4,0.475,0.6,0.475,rs1029311
0.0,0.0,0.0,0.025,0.0,rs73172554
0.025,0.05,0.075,0.025,0.05,rs5766748
0.4,0.225,0.1,0.1,0.1,rs5767676
0.4,0.225,0.15,0.15,0.15,rs12484978
0.125,0.075,0.025,0.0,0.0,rs116740211
0.0,0.0,0.0,0.05,0.0,rs79265174
0.65,0.55,0.575,0.675,0.6,rs2337522
0.0,0.0,0.025,0.0,0.0,rs146493993
0.75,0.525,0.475,0.625,0.65,rs4823632
0.0,0.0,0.0,0.025,0.0,rs116251692
0.125,0.075,0.375,0.1,0.225,rs6008150
0.025,0.0,0.0,0.0,0.025,rs61670807
0.0,0.0,0.0,0.05,0.0,rs117718838
0.0,0.0,0.0,0.025,0.05,rs55876127
0.175,0.7,0.375,0.45,0.625,rs2337542
0.2,0.675,0.325,0.5,0.625,rs131853
0.0,0.0,0.0,0.025,0.0,rs73475602
0.2,0.125,0.025,0.125,0.05,rs59039117
0.65,0.3,0.75,0.5,0.45,rs713983
0.0,0.0,0.0,0.075,0.025,rs62225357
0.0,0.0,0.0,0.0,0.0,rs112887208
0.0,0.0,0.0,0.0,0.0,rs376192255
0.425,0.1,0.025,0.125,0.075,rs9626722
0.0,0.075,0.0,0.05,0.0,rs76148675
0.0,0.0,0.0,0.0,0.0,rs181974826
0.175,0.275,0.75,0.35,0.35,rs34214957
0.125,0.525,0.225,0.35,0.325,rs5767722
0.2,0.1,0.025,0.125,0.1,rs910081
0.0,0.025,0.0,0.05,0.0,rs77031946
0.0,0.0,0.0,0.0,0.0,rs9615158
0.225,0.15,0.05,0.15,0.125,rs4823482
0.4,0.375,0.8,0.525,0.525,rs7287901
0.125,0.125,0.0,0.2,0.225,rs73172599
0.025,0.05,0.025,0.2,0.075,rs4823643
0.325,0.625,0.275,0.375,0.5,rs763031
0.025,0.025,0.0,0.0,0.0,rs140470624
0.875,0.75,0.3,0.725,0.6,rs2027855
0.0,0.0,0.0,0.0,0.0,rs13057595
0.0,0.0,0.025,0.0,0.075,rs75134277
0.275,0.7,0.3,0.75,0.55,rs130872
0.125,0.025,0.225,0.0,0.125,rs929048
0.0,0.25,0.0,0.075,0.1,rs4823645
0.0,0.0,0.0,0.075,0.0,rs76811265
0.0,0.075,0.0,0.025,0.0,rs117162572
0.0,0.0,0.0,0.025,0.0,rs116961986
0.0,0.0,0.0,0.05,0.025,rs62225361
0.025,0.0,0.0,0.0,0.025,rs115183643
0.775,0.175,0.225,0.525,0.275,rs6007671
0.0,0.0,0.0,0.0,0.0,rs117081659
0.0,0.0,0.0,0.025,0.0,rs73174714
0.0,0.025,0.0,0.075,0.0,rs9615162
0.025,0.0,0.0,0.0,0.025,rs34476782
0.125,0.15,0.175,0.0,0.15,rs9627057
0.2,0.3,0.15,0.175,0.275,rs9627062
0.075,0.4,0.25,0.325,0.35,rs1981462
0.0,0.0,0.0,0.05,0.0,rs113872905
0.0,0.025,0.0,0.025,0.0,rs16996925
0.0,0.025,0.0,0.05,0.0,rs9615539
0.975,0.725,0.65,0.85,0.75,rs6008239
0.0,0.0,0.025,0.025,0.0,rs75113110
0.0,0.0,0.0,0.0,0.0,rs117635092
0.0,0.0,0.0,0.05,0.0,rs117787677
0.075,0.025,0.175,0.05,0.15,rs6008250
0.0,0.0,0.0,0.0,0.0,rs12628793
0.25,0.25,0.275,0.125,0.275,rs5767791
0.75,0.825,0.7,0.55,0.75,rs135143
0.15,0.4,0.325,0.325,0.275,rs130481
0.0,0.0,0.0,0.075,0.025,rs77650614
0.0,0.025,0.0,0.075,0.0,rs118159773
0.0,0.025,0.0,0.025,0.0,rs7288712
0.45,0.225,0.425,0.275,0.275,rs10460765
0.0,0.025,0.05,0.0,0.05,rs5767803
0.0,0.0,0.0,0.0,0.0,rs79829102
0.05,0.025,0.025,0.0,0.05,rs5767806
0.2,0.0,0.0,0.05,0.0,rs2064433
0.125,0.075,0.175,0.25,0.125,rs62225389
0.4,0.15,0.275,0.2,0.225,rs6007694
0.8,0.475,0.425,0.55,0.525,rs2285093
0.0,0.0,0.0,0.0,0.0,rs79369357
0.1,0.05,0.0,0.025,0.0,rs115118
0.7,0.35,0.4,0.55,0.25,rs131120
0.0,0.025,0.0,0.025,0.025,rs117364427
0.2,0.35,0.275,0.375,0.5,rs2337969
0.025,0.15,0.05,0.025,0.15,rs13056610
0.0,0.0,0.0,0.0,0.0,rs75188320
0.225,0.15,0.05,0.025,0.15,rs57641837
0.175,0.125,0.2,0.225,0.25,rs56813510
0.0,0.0,0.05,0.025,0.025,rs5766806
0.675,0.375,0.2,0.325,0.2,rs131103
0.6,0.15,0.15,0.2,0.175,rs131100
0.0,0.0,0.0,0.025,0.0,rs78449155
0.075,0.0,0.05,0.025,0.025,rs1858755
0.025,0.025,0.05,0.025,0.025,rs6007701
0.15,0.0,0.0,0.025,0.0,rs75834517
0.225,0.075,0.0,0.05,0.075,rs9615171
0.325,0.3,0.15,0.2,0.275,rs6008295
0.0,0.0,0.0,0.025,0.0,rs117834824
0.75,0.425,0.275,0.275,0.5,rs5767834
0.125,0.05,0.0,0.025,0.05,rs28725442
0.4,0.65,0.85,0.725,0.625,rs5767849
0.225,0.0,0.05,0.025,0.0,rs9626749
0.0,0.0,0.0,0.025,0.0,rs117194462
0.15,0.175,0.05,0.275,0.075,rs9627093
0.0,0.0,0.0,0.025,0.025,rs73174771
0.0,0.025,0.0,0.025,0.0,rs76887417
0.0,0.025,0.0,0.025,0.0,rs17669761
0.675,0.8,0.925,0.9,0.775,rs371022
0.0,0.15,0.0,0.25,0.025,rs132125
0.0,0.075,0.0,0.075,0.0,rs73174785
0.025,0.0,0.075,0.0,0.025,rs61521756
0.05,0.0,0.075,0.0,0.025,rs62227799
0.025,0.0,0.075,0.025,0.025,rs62227807
0.525,0.15,0.225,0.125,0.275,rs397723
0.175,0.025,0.0,0.125,0.05,rs9615606
0.0,0.0,0.0,0.05,0.0,rs79046739
0.075,0.025,0.1,0.05,0.1,rs9627120
0.0,0.025,0.0,0.025,0.0,rs74780177
0.475,0.2,0.15,0.225,0.35,rs6008359
0.0,0.0,0.0,0.0,0.0,rs145744511
0.025,0.0,0.0,0.05,0.125,rs12158109
0.475,0.4,0.1,0.525,0.325,rs6008372
0.275,0.225,0.0,0.5,0.225,rs5767968
0.0,0.0,0.025,0.0,0.0,rs368170200
0.125,0.0,0.125,0.025,0.1,rs6008375
0.3,0.25,0.05,0.575,0.4,rs2338254
0.0,0.025,0.0,0.0,0.025,rs73176710
0.0,0.0,0.0,0.025,0.0,rs11703458
0.0,0.025,0.0,0.025,0.025,rs16997552
0.85,0.3,0.4,0.2,0.375,rs878487
0.35,0.675,0.775,0.8,0.8,rs738738
0.6,0.925,0.775,0.875,0.875,rs7290606
0.4,0.225,0.25,0.05,0.05,rs9626773
0.0,0.0,0.0,0.0,0.0,rs117057152
0.0,0.025,0.0,0.025,0.025,rs117825507
0.6,0.95,0.9,0.875,0.9,rs5767992
0.0,0.0,0.025,0.0,0.0,rs201483665
0.05,0.05,0.05,0.025,0.05,rs77876633
0.0,0.025,0.0,0.0,0.0,rs2103954
0.6,0.6,0.75,0.825,0.7,rs4823694
0.0,0.3,0.55,0.125,0.325,rs5768007
0.225,0.175,0.0,0.2,0.075,rs6008400
0.05,0.1,0.025,0.3,0.15,rs6008402
0.325,0.1,0.0,0.375,0.15,rs11703828
0.475,0.2,0.125,0.575,0.25,rs6007751
0.0,0.0,0.0,0.025,0.0,rs118168483
0.55,0.725,0.95,0.65,0.9,rs5768015
0.3,0.2,0.325,0.475,0.25,rs4823703
0.65,0.7,0.75,0.625,0.8,rs4823709
0.4,0.475,0.45,0.7,0.325,rs738744
0.275,0.45,0.45,0.15,0.6,rs5766904
0.0,0.0,0.0,0.0,0.0,rs117713082
0.125,0.225,0.075,0.125,0.05,rs11704818
0.0,0.0,0.025,0.0,0.0,rs76859580
0.0,0.025,0.0,0.025,0.0,rs150774015
0.325,0.425,0.45,0.1,0.55,rs5768088
0.075,0.025,0.0,0.0,0.0,rs113251484
0.475,0.6,0.7,0.6,0.725,rs761917
0.1,0.175,0.25,0.475,0.175,rs2064803
0.85,0.7,0.625,0.75,0.6,rs4823719
0.95,0.725,0.625,0.75,0.6,rs4823721
0.0,0.0,0.05,0.0,0.0,rs76934446
0.2,0.075,0.075,0.0,0.225,rs5768107
0.225,0.225,0.225,0.1,0.075,rs6007757
0.0,0.0,0.0,0.0,0.025,rs62224237
0.075,0.075,0.05,0.025,0.125,rs9627183
0.025,0.075,0.05,0.0,0.125,rs738728
0.1,0.1,0.05,0.0,0.15,rs5768114
0.275,0.625,0.525,0.575,0.375,rs738733
0.725,0.75,0.85,0.675,0.675,rs5768148
0.55,0.225,0.375,0.425,0.325,rs5768149
0.15,0.025,0.0,0.05,0.0,rs12157373
0.0,0.0,0.0,0.025,0.05,rs112432957
0.275,0.375,0.7,0.45,0.45,rs5768156
0.15,0.075,0.05,0.0,0.075,rs6008456
0.275,0.275,0.375,0.4,0.25,rs4990141
0.075,0.125,0.325,0.375,0.2,rs874961
0.0,0.0,0.0,0.05,0.0,rs73182791
0.0,0.0,0.0,0.075,0.025,rs117663002
0.0,0.0,0.0,0.0,0.025,rs117162349
0.2,0.375,0.125,0.15,0.15,rs9615234
0.05,0.05,0.05,0.0,0.075,rs5768178
0.05,0.05,0.05,0.0,0.075,rs187093589
0.05,0.05,0.05,0.0,0.075,rs78965479
0.575,0.6,0.85,0.575,0.525,rs5768202
0.05,0.05,0.05,0.0,0.075,rs5766957
0.25,0.225,0.15,0.45,0.325,rs5766958
0.0,0.0,0.0,0.025,0.05,rs113212741
0.0,0.0,0.0,0.025,0.0,rs56091638
0.75,0.275,0.35,0.2,0.4,rs4823509
0.0,0.05,0.0,0.0,0.075,rs77386801
0.35,0.175,0.25,0.125,0.05,rs6008485
0.275,0.05,0.05,0.05,0.125,rs5768220
0.275,0.05,0.05,0.05,0.125,rs76192177
0.325,0.2,0.3,0.15,0.175,rs9615717
0.0,0.0,0.05,0.0,0.0,rs74897032
0.0,0.025,0.0,0.0,0.0,rs79669777
0.0,0.025,0.0,0.025,0.0,rs118027103
0.15,0.05,0.025,0.05,0.3,rs9615251
0.0,0.0,0.0,0.025,0.0,rs117336966
0.175,0.0,0.025,0.0,0.175,rs6007780
0.1,0.35,0.325,0.55,0.225,rs9615252
0.25,0.1,0.1,0.125,0.05,rs5766971
0.0,0.075,0.0,0.05,0.075,rs62225670
0.775,0.625,0.625,0.85,0.575,rs6008503
1.0,0.975,0.975,1.0,0.75,rs135345
0.0,0.05,0.0,0.025,0.0,rs117639066
0.0,0.0,0.0,0.0,0.0,rs368302445
0.0,0.0,0.0,0.0,0.0,rs144561369
0.0,0.025,0.0,0.025,0.025,rs77730349
0.575,0.575,0.55,0.75,0.675,rs743094
0.15,0.5,0.575,0.7,0.425,rs738704
0.075,0.05,0.0,0.0,0.175,rs6008523
0.0,0.0,0.0,0.0,0.0,rs373439688
0.0,0.05,0.0,0.025,0.0,rs55975331
0.05,0.2,0.175,0.225,0.125,rs135264
0.125,0.325,0.55,0.425,0.45,rs5768311
0.1,0.125,0.275,0.1,0.15,rs9627236
0.025,0.05,0.0,0.025,0.025,rs7284100
0.75,0.675,0.825,0.85,0.85,rs135294
0.2,0.4,0.5,0.375,0.55,rs6008549
0.0,0.05,0.0,0.025,0.0,rs116988783
0.075,0.275,0.0,0.475,0.275,rs11703784
0.0,0.0,0.0,0.0,0.0,rs117805886
0.225,0.225,0.0,0.4,0.275,rs12172234
0.3,0.225,0.0,0.425,0.275,rs35941134
0.9,0.925,0.875,0.8,0.825,rs5768350
0.0,0.025,0.0,0.025,0.0,rs117403545
0.125,0.3,0.425,0.0,0.125,rs16998356
0.475,0.6,0.425,0.45,0.3,rs9626807
0.0,0.0,0.0,0.0,0.0,rs117577285
0.175,0.05,0.4,0.075,0.2,rs16998380
0.0,0.0,0.0,0.0,0.0,rs17625488
0.175,0.025,0.4,0.05,0.2,rs16994730
0.0,0.0,0.0,0.05,0.05,rs77850061
0.15,0.175,0.025,0.25,0.05,rs715500
0.5,0.35,0.125,0.425,0.175,rs131127
0.225,0.025,0.0,0.025,0.0,rs73480896
0.0,0.025,0.0,0.025,0.0,rs117969706
0.475,0.475,0.75,0.5,0.725,rs2338671
0.4,0.225,0.425,0.5,0.35,rs131137
0.0,0.0,0.0,0.1,0.075,rs78191372
0.0,0.0,0.075,0.0,0.025,rs80128396
0.325,0.05,0.2,0.375,0.2,rs5768412
0.0,0.0,0.0,0.0,0.0,rs117210489
0.0,0.0,0.0,0.025,0.0,rs117468176
0.475,0.2,0.3,0.15,0.175,rs926233
0.05,0.225,0.15,0.2,0.25,rs133528
0.675,0.25,0.225,0.225,0.15,rs6007812
0.175,0.475,0.275,0.3,0.5,rs133530
0.3,0.15,0.175,0.225,0.4,rs12169853
0.0,0.05,0.3,0.05,0.1,rs5768434
0.225,0.1,0.1,0.025,0.075,rs12484143
1.0,0.775,0.75,0.55,0.825,rs5767060
0.0,0.0,0.0,0.0,0.05,rs117657266
0.35,0.225,0.4,0.15,0.2,rs7286079
0.25,0.025,0.1,0.075,0.1,rs60349186
0.0,0.0,0.0,0.075,0.0,rs73186731
0.05,0.075,0.05,0.05,0.2,rs74507238
0.05,0.075,0.025,0.05,0.2,rs76711243
0.0,0.0,0.0,0.05,0.0,rs117670747
0.95,0.9,0.775,0.6,0.85,rs738184
0.575,0.3,0.4,0.3,0.375,rs9615811
0.0,0.05,0.3,0.05,0.125,rs5768453
0.0,0.0,0.0,0.0,0.0,rs34204455
0.625,0.725,0.675,0.775,0.725,rs2013591
0.05,0.25,0.425,0.025,0.1,rs13054085
0.0,0.0,0.0,0.05,0.075,rs76884740
0.075,0.125,0.325,0.15,0.275,rs5767072
0.05,0.3,0.4,0.025,0.1,rs5768461
0.925,0.725,1.0,0.65,0.725,rs469999
0.0,0.05,0.0,0.0,0.0,rs76040685
0.0,0.05,0.325,0.025,0.125,rs74278741
0.025,0.3,0.425,0.05,0.1,rs5768480
0.45,0.425,0.675,0.3,0.325,rs4499
0.05,0.3,0.35,0.075,0.05,rs77652610
0.05,0.05,0.1,0.075,0.1,rs79506914
0.1,0.0,0.1,0.025,0.05,rs73479545
0.075,0.175,0.075,0.15,0.125,rs4392
0.0,0.0,0.0,0.0,0.0,rs34326441
0.1,0.025,0.0,0.075,0.0,rs74755044
0.625,0.8,0.4,0.85,0.65,rs133580
0.1,0.225,0.075,0.125,0.1,rs133584
0.0,0.0,0.0,0.05,0.0,rs62226623
0.275,0.175,0.1,0.275,0.225,rs6007822
0.25,0.45,0.225,0.375,0.325,rs909502
0.0,0.025,0.0,0.025,0.0,rs76303817
0.0,0.05,0.4,0.1,0.3,rs4823743
0.0,0.0,0.0,0.025,0.0,rs111536152
0.05,0.0,0.125,0.0,0.1,rs35835342
0.0,0.0,0.0,0.0,0.0,rs76663933
0.0,0.125,0.1,0.275,0.25,rs73169417
0.35,0.275,0.425,0.2,0.375,rs11702956
0.775,0.75,0.925,0.75,0.8,rs35679622
0.1,0.025,0.225,0.1,0.35,rs36007025
0.275,0.3,0.25,0.275,0.15,rs133616
0.05,0.3,0.125,0.175,0.225,rs9627289
0.225,0.0,0.025,0.0,0.025,rs28675311
0.625,0.625,0.85,0.4,0.725,rs133620
0.15,0.05,0.05,0.0,0.025,rs12627978
0.325,0.25,0.1,0.425,0.275,rs4396
0.0,0.0,0.0,0.0,0.0,rs9615863
0.0,0.0,0.0,0.0,0.025,rs117789314
0.075,0.2,0.05,0.35,0.2,rs133631
0.3,0.35,0.625,0.475,0.425,rs9615864
0.0,0.0,0.05,0.0,0.0,rs187529321
0.0,0.0,0.05,0.025,0.075,rs73169441
0.0,0.025,0.05,0.05,0.075,rs133649
0.275,0.15,0.175,0.15,0.275,rs742019
0.7,0.625,0.65,0.575,0.625,rs133651
0.35,0.35,0.0,0.325,0.15,rs6008628
0.175,0.175,0.15,0.225,0.225,rs9615867
0.175,0.175,0.25,0.175,0.25,rs133658
0.0,0.025,0.0,0.025,0.025,rs9615868
0.475,0.475,0.575,0.5,0.575,rs133662
0.0,0.1,0.0,0.0,0.025,rs74848814
0.0,0.0,0.0,0.025,0.0,rs75753551
0.475,0.35,0.025,0.45,0.3,rs909497
0.0,0.0,0.025,0.0,0.0,rs117863393
0.0,0.05,0.0,0.1,0.025,rs34134485
0.825,0.45,0.425,0.55,0.5,rs6008655
0.15,0.1,0.025,0.175,0.175,rs67263787
0.05,0.4,0.125,0.2,0.425,rs10427669
0.0,0.025,0.05,0.1,0.0,rs73169466
0.325,0.1,0.025,0.0,0.0,rs13054685
0.9,0.375,0.575,0.4,0.45,rs1883131
0.35,0.175,0.2,0.3,0.35,rs5768555
0.15,0.025,0.0,0.075,0.125,rs2179060
0.025,0.025,0.025,0.15,0.025,rs9627314
0.275,0.2,0.5,0.125,0.45,rs5767121
0.95,0.825,0.575,0.825,0.725,rs133679
0.375,0.15,0.0,0.175,0.0,rs4823756
0.575,0.65,0.5,0.65,0.65,rs133693
0.0,0.0,0.0,0.0,0.0,rs116854386
0.0,0.1,0.05,0.075,0.0,rs76030603
0.0,0.0,0.025,0.0,0.0,rs5768582
0.0,0.0,0.0,0.05,0.0,rs78239657
0.45,0.2,0.05,0.125,0.025,rs73487196
0.325,0.125,0.05,0.025,0.025,rs73888588
0.45,0.2,0.05,0.125,0.075,rs73487197
0.125,0.075,0.0,0.1,0.0,rs58286997
0.0,0.0,0.0,0.0,0.0,rs117696728
0.625,0.35,0.4,0.25,0.375,rs130804
0.0,0.0,0.0,0.0,0.0,rs187432349
0.475,0.275,0.375,0.125,0.4,rs130830
0.0,0.05,0.275,0.1,0.025,rs73171414
0.075,0.35,0.425,0.2,0.375,rs16998984
0.1,0.025,0.0,0.0,0.0,rs75066394
0.2,0.5,0.625,0.45,0.4,rs6007848
0.5,0.675,0.775,0.625,0.925,rs5767136
0.2,0.275,0.225,0.275,0.025,rs17707481
0.775,0.725,0.475,0.625,0.625,rs6007850
0.0,0.0,0.0,0.025,0.0,rs76332574
0.125,0.2,0.0,0.1,0.2,rs12106638
0.4,0.625,0.625,0.675,0.9,rs4823768
0.375,0.65,0.475,0.6,0.525,rs7293013
0.15,0.025,0.0,0.025,0.075,rs916268
0.0,0.0,0.0,0.0,0.0,rs75207814
0.0,0.0,0.0,0.0,0.025,rs77857154
0.175,0.25,0.525,0.325,0.35,rs4823535
0.125,0.0,0.0,0.0,0.05,rs73485269
0.05,0.4,0.275,0.425,0.5,rs8136255
0.15,0.075,0.1,0.0,0.0,rs78574224
0.1,0.075,0.075,0.0,0.0,rs28689976
0.1,0.25,0.275,0.225,0.1,rs9627347
0.575,0.225,0.375,0.275,0.2,rs5768624
0.975,0.775,0.6,0.75,0.75,rs135168
0.0,0.1,0.2,0.05,0.05,rs75102455
0.1,0.45,0.275,0.5,0.425,rs13056560
0.675,0.85,0.75,0.875,0.725,rs4823776
0.0,0.0,0.0,0.05,0.05,rs74763425
0.0,0.05,0.0,0.025,0.0,rs8140841
0.55,0.7,0.55,0.875,0.8,rs2001078
0.1,0.625,0.3,0.7,0.5,rs9615893
0.0,0.0,0.0,0.0,0.0,rs12169429
0.0,0.0,0.0,0.0,0.0,rs76893291
0.75,0.8,0.525,0.85,0.8,rs5768643
0.175,0.0,0.0,0.05,0.075,rs9627357
0.0,0.0,0.0,0.025,0.0,rs75698695
0.0,0.0,0.075,0.0,0.0,rs76164244
0.975,0.675,0.7,0.825,0.775,rs6008718
0.6,0.475,0.55,0.475,0.55,rs5768657
0.075,0.3,0.125,0.45,0.375,rs9615905
0.225,0.05,0.125,0.075,0.025,rs11913664
0.275,0.15,0.05,0.2,0.125,rs6008735
0.775,0.275,0.575,0.4,0.4,rs5767172
0.3,0.15,0.125,0.2,0.125,rs11913116
0.675,0.175,0.45,0.225,0.275,rs10460766
0.8,0.3,0.4,0.3,0.375,rs6008741
0.675,0.15,0.35,0.1,0.25,rs763002
0.7,0.55,0.7,0.8,0.85,rs4823790
0.3,0.3,0.35,0.775,0.475,rs8142739
0.275,0.375,0.35,0.675,0.7,rs133513
0.0,0.0,0.0,0.0,0.0,rs117129046
0.275,0.35,0.25,0.2,0.425,rs133503
1.0,0.825,0.9,0.975,0.95,rs6520007
0.25,0.25,0.175,0.525,0.225,rs916283
0.1,0.225,0.15,0.2,0.525,rs133473
0.275,0.15,0.175,0.525,0.25,rs5768709
0.65,0.45,0.5,0.85,0.625,rs80517
0.025,0.075,0.0,0.0,0.125,rs73888446
0.0,0.0,0.0,0.0,0.0,rs73173404
0.175,0.075,0.0,0.025,0.05,rs78011702
0.1,0.4,0.375,0.6,0.7,rs9615919
0.05,0.175,0.3,0.0,0.075,rs16999364
0.05,0.175,0.3,0.0,0.075,rs16999372
0.0,0.0,0.0,0.0,0.0,rs76141473
0.0,0.0,0.05,0.0,0.0,rs138199437
0.2,0.2,0.225,0.025,0.1,rs10483242
0.45,0.375,0.45,0.375,0.225,rs5767194
0.1,0.0,0.0,0.0,0.075,rs73425926
0.225,0.0,0.225,0.025,0.225,rs74755527
0.225,0.2,0.2,0.125,0.225,rs5768744
0.0,0.0,0.0,0.1,0.0,rs73173418
0.975,0.85,0.875,0.575,0.55,rs28607216
0.225,0.3,0.325,0.3,0.1,rs35442569
0.775,0.775,0.775,0.9,0.825,rs145463015
0.025,0.025,0.175,0.0,0.025,rs35883968
0.175,0.0,0.175,0.0,0.025,rs34282403
0.275,0.175,0.4,0.375,0.55,rs28385606
0.2,0.0,0.125,0.025,0.1,rs28670921
0.125,0.55,0.2,0.325,0.4,rs28453811
0.0,0.0,0.0,0.0,0.0,rs76703344
0.0,0.0,0.0,0.025,0.0,rs77637002
1.0,0.85,0.75,0.85,0.95,rs28540533
0.05,0.025,0.1,0.025,0.05,rs28470428
0.225,0.15,0.175,0.225,0.0,rs28619115
0.125,0.0,0.125,0.0,0.1,rs28583016
0.125,0.425,0.35,0.5,0.575,rs28660539
0.0,0.0,0.0,0.075,0.025,rs117373929
0.0,0.0,0.1,0.0,0.125,rs73173452
0.575,0.65,0.85,0.625,0.825,rs28480167
0.85,0.65,0.575,0.675,0.8,rs28478619
0.3,0.6,0.375,0.55,0.65,rs28621643
0.1,0.0,0.1,0.0,0.075,rs28437626
0.25,0.3,0.0,0.1,0.1,rs9617409
0.975,0.975,0.925,0.775,0.8,rs1116488
0.075,0.4,0.525,0.15,0.125,rs5771622
0.0,0.0,0.0,0.0,0.025,rs116849156
0.075,0.15,0.125,0.125,0.075,rs6010520
0.0,0.025,0.0,0.025,0.125,rs117604295
0.475,0.7,0.775,0.55,0.625,rs7290651
0.175,0.025,0.1,0.025,0.1,rs73429964
0.0,0.0,0.075,0.0,0.075,rs76500988
0.0,0.025,0.0,0.0,0.0,rs117293902
0.35,0.6,0.475,0.375,0.6,rs730147
0.075,0.275,0.3,0.275,0.25,rs9617477
0.875,0.975,0.95,0.7,0.875,rs2337487
0.025,0.1,0.3,0.025,0.1,rs11704388
0.45,0.475,0.25,0.55,0.55,rs8142256
0.0,0.1,0.0,0.275,0.175,rs11204493
0.0,0.15,0.175,0.075,0.0,rs73891343
0.075,0.15,0.275,0.15,0.075,rs17823579
0.05,0.35,0.2,0.3,0.4,rs4925431
0.275,0.475,0.275,0.425,0.575,rs4925432
0.05,0.0,0.075,0.05,0.075,rs77899570
0.5,0.625,0.7,0.425,0.475,rs11913836
0.3,0.35,0.45,0.475,0.45,rs9617493
0.125,0.0,0.075,0.025,0.1,rs73175132
0.2,0.0,0.075,0.025,0.1,rs73175134
0.25,0.025,0.075,0.025,0.1,rs73889542
0.75,0.45,0.6,0.25,0.325,rs5771705
0.1,0.15,0.175,0.1,0.0,rs12485086
0.15,0.275,0.175,0.475,0.425,rs9617419
0.25,0.2,0.075,0.1,0.15,rs10483243
0.0,0.0,0.1,0.0,0.05,rs58577646
0.3,0.25,0.325,0.1,0.175,rs5771710
0.1,0.025,0.0,0.125,0.025,rs11912386
0.65,0.35,0.15,0.675,0.5,rs132220
0.025,0.025,0.05,0.15,0.05,rs73175151
0.4,0.65,0.425,0.65,0.55,rs4244607
0.425,0.725,0.425,0.825,0.775,rs5771713
0.225,0.65,0.325,0.65,0.55,rs5771716
0.3,0.4,0.125,0.45,0.45,rs13053354
0.15,0.15,0.175,0.15,0.15,rs11204500
0.4,0.475,0.35,0.675,0.575,rs4925435
0.0,0.0,0.0,0.0,0.0,rs77043864
0.05,0.125,0.075,0.25,0.35,rs7288241
0.675,0.325,0.65,0.375,0.3,rs130129
0.375,0.1,0.575,0.25,0.175,rs130132
0.275,0.2,0.125,0.1,0.175,rs9617422
0.375,0.3,0.15,0.25,0.225,rs4925446
0.65,0.675,0.675,0.7,0.575,rs132231
0.3,0.35,0.6,0.35,0.325,rs13053451
0.725,0.575,0.725,0.6,0.425,rs130163
0.0,0.0,0.0,0.025,0.05,rs77087614
0.425,0.275,0.025,0.475,0.175,rs130191
0.65,0.6,0.1,0.65,0.35,rs130199
0.375,0.4,0.075,0.225,0.175,rs6587310
0.175,0.325,0.075,0.175,0.175,rs13058052
0.025,0.1,0.0,0.05,0.075,rs9628476
0.025,0.1,0.0,0.05,0.075,rs7286059
0.0,0.1,0.0,0.025,0.05,rs117229848
0.0,0.1,0.0,0.025,0.05,rs75154671
0.0,0.0,0.0,0.05,0.025,rs117492155
0.275,0.175,0.7,0.075,0.175,rs12627844
0.0,0.025,0.0,0.0,0.025,rs77109544
0.4,0.575,0.2,0.525,0.325,rs13056461
0.175,0.275,0.1,0.1,0.1,rs5771629
0.0,0.0,0.0,0.025,0.0,rs77756067
0.0,0.075,0.0,0.0,0.025,rs76476178
0.2,0.25,0.05,0.125,0.2,rs7286383
0.0,0.025,0.025,0.0,0.0,rs5771808
0.025,0.2,0.0,0.0,0.05,rs75968298
0.025,0.15,0.1,0.1,0.075,rs5771644
0.15,0.35,0.8,0.4,0.525,rs131025
0.75,0.55,0.55,0.6,0.7,rs6010527
0.975,0.975,0.925,0.9,0.925,rs78492
0.025,0.0,0.075,0.0,0.025,rs17824173
0.0,0.0,0.075,0.0,0.025,rs79806349
0.0,0.0,0.0,0.0,0.0,rs140383675
0.225,0.675,0.675,0.675,0.675,rs2337497
0.0,0.0,0.0,0.0,0.025,rs117567961
0.15,0.025,0.125,0.05,0.05,rs6010475
0.2,0.525,0.4,0.525,0.55,rs8136148
0.0,0.0,0.0,0.025,0.025,rs117458295
0.075,0.125,0.025,0.075,0.1,rs16999916
0.625,0.175,0.325,0.075,0.125,rs5771851
0.525,0.125,0.275,0.075,0.125,rs5771853
0.55,0.125,0.075,0.075,0.1,rs9617458
0.05,0.0,0.1,0.0,0.05,rs58163826
0.0,0.0,0.0,0.0,0.0,rs9617397
0.575,0.55,0.725,0.6,0.625,rs5771860
0.1,0.175,0.05,0.05,0.025,rs62225981
0.0,0.05,0.0,0.0,0.025,rs34353439
0.225,0.175,0.05,0.1,0.075,rs34407081
0.475,0.225,0.175,0.175,0.175,rs9628553
0.25,0.5,0.7,0.45,0.6,rs5771862
0.05,0.05,0.125,0.0,0.0,rs9617402
0.325,0.15,0.1,0.275,0.275,rs7288568
0.0,0.0,0.0,0.0,0.05,rs143215324
0.075,0.125,0.075,0.225,0.2,rs7286388
0.05,0.075,0.0,0.0,0.025,rs143297251
0.0,0.0,0.05,0.0,0.0,rs80122443
0.15,0.125,0.0,0.175,0.125,rs7511364
0.075,0.15,0.075,0.2,0.15,rs11204487
0.5,0.35,0.2,0.6,0.45,rs7284992
0.275,0.9,0.825,0.75,0.7,rs28444486
0.05,0.1,0.05,0.325,0.125,rs78375305
0.025,0.05,0.0,0.025,0.025,rs28704073
0.275,0.075,0.025,0.05,0.125,rs28608140
0.025,0.2,0.0,0.125,0.05,rs73179552
0.725,1.0,0.925,0.925,0.95,rs28419286
0.325,0.0,0.025,0.025,0.075,rs28375551
0.0,0.0,0.025,0.0,0.0,rs192166799
0.2,0.0,0.025,0.025,0.075,rs28532114
0.475,0.1,0.275,0.075,0.1,rs28489060
0.025,0.025,0.0,0.0,0.025,rs73179563
0.025,0.025,0.025,0.025,0.05,rs115520670
0.3,0.225,0.075,0.475,0.3,rs3935733
0.05,0.05,0.05,0.025,0.025,rs73889859
0.625,0.575,0.525,0.525,0.65,rs4076042
0.0,0.0,0.0,0.025,0.075,rs117353787
0.0,0.025,0.0,0.025,0.0,rs116974058
0.625,0.725,0.75,0.575,0.8,rs28451832
0.025,0.0,0.025,0.05,0.0,rs77293382
0.5,0.9,0.65,0.75,0.85,rs28497237
0.525,0.75,0.75,0.65,0.5,rs28578895
0.55,0.525,0.625,0.675,0.475,rs28496358
0.3,0.425,0.6,0.375,0.375,rs28538790
0.275,0.15,0.15,0.225,0.475,rs35938512
0.1,0.2,0.2,0.125,0.15,rs73427900
0.0,0.025,0.0,0.025,0.0,rs77311868
0.025,0.025,0.0,0.025,0.0,rs117445710
0.2,0.125,0.35,0.275,0.2,rs4075230
0.175,0.275,0.125,0.1,0.0,rs80326259
0.0,0.025,0.0,0.025,0.0,rs3935258
0.375,0.75,0.75,0.575,0.475,rs3936054
0.95,0.575,0.25,0.625,0.55,rs28395391
0.0,0.0,0.0,0.075,0.025,rs62228087
0.075,0.0,0.0,0.175,0.1,rs76229632
0.85,0.35,0.3,0.45,0.225,rs6009275
0.0,0.025,0.0,0.0,0.0,rs73179587
0.0,0.025,0.0,0.0,0.0,rs147087908
0.075,0.05,0.075,0.0,0.025,rs875576
0.2,0.35,0.175,0.575,0.575,rs12171007
0.825,0.5,0.6,0.55,0.525,rs6009352
0.1,0.275,0.125,0.175,0.3,rs2318399
0.175,0.025,0.075,0.0,0.025,rs56876325
0.475,0.2,0.375,0.325,0.175,rs6009448
0.05,0.475,0.4,0.35,0.45,rs5769415
0.075,0.075,0.125,0.125,0.05,rs73179602
0.125,0.25,0.225,0.2,0.325,rs4824005
0.05,0.175,0.225,0.1,0.1,rs73181703
0.0,0.075,0.05,0.25,0.05,rs62225909
0.075,0.0,0.1,0.0,0.05,rs73431814
0.05,0.05,0.125,0.025,0.25,rs5770123
0.05,0.075,0.0,0.075,0.25,rs71314884
0.025,0.0,0.0,0.0,0.0,rs76018071
0.0,0.0,0.0,0.0,0.0,rs138432964
0.175,0.175,0.275,0.15,0.1,rs12170462
0.6,0.3,0.2,0.325,0.55,rs114888472
0.05,0.0,0.0,0.025,0.025,rs12159798
0.0,0.0,0.0,0.025,0.0,rs76866981
0.075,0.1,0.075,0.275,0.1,rs12106663
0.0,0.0,0.0,0.05,0.0,rs78307189
0.05,0.2,0.4,0.175,0.15,rs7284528
0.0,0.075,0.025,0.275,0.05,rs62225940
0.05,0.175,0.275,0.325,0.3,rs5769616
0.6,0.475,0.675,0.625,0.7,rs5770398
0.3,0.05,0.0,0.0,0.05,rs35673575
0.0,0.0,0.025,0.0,0.0,rs148870277
0.025,0.0,0.0,0.05,0.05,rs116026358
0.475,0.35,0.5,0.475,0.65,rs6009715
0.0,0.0,0.0,0.0,0.05,rs7287396
0.425,0.025,0.0,0.05,0.05,rs6009734
0.325,0.425,0.3,0.35,0.225,rs4823942
0.025,0.375,0.325,0.15,0.125,rs9628063
0.025,0.075,0.025,0.05,0.075,rs73181777
0.275,0.1,0.025,0.05,0.075,rs68119480
0.125,0.275,0.0,0.05,0.05,rs73433971
0.25,0.1,0.025,0.05,0.075,rs73181785
0.0,0.0,0.0,0.025,0.025,rs74711147
0.075,0.15,0.375,0.15,0.2,rs5770581
0.55,0.775,0.7,0.7,0.575,rs5769705
0.475,0.3,0.675,0.35,0.3,rs5769706
0.0,0.025,0.0,0.05,0.0,rs75651092
0.1,0.25,0.35,0.2,0.275,rs17824774
0.0,0.025,0.0,0.025,0.0,rs73181796
0.675,0.65,0.8,0.45,0.775,rs5770666
0.0,0.0,0.0,0.025,0.0,rs62221247
0.225,0.4,0.575,0.525,0.45,rs742976
0.0,0.025,0.0,0.075,0.075,rs117877573
0.0,0.0,0.0,0.0,0.0,rs191032433
0.175,0.05,0.35,0.075,0.325,rs62223365
0.15,0.6,0.45,0.35,0.15,rs2873699
0.425,0.075,0.35,0.1,0.4,rs34189568
0.0,0.0,0.0,0.025,0.025,rs117084099
0.725,0.825,0.775,0.625,0.7,rs4823966
0.725,0.625,0.4,0.475,0.275,rs2318432
0.675,0.25,0.35,0.275,0.575,rs5769796
0.35,0.725,0.475,0.55,0.325,rs5769373
0.75,0.925,0.7,0.775,0.8,rs5769381
0.0,0.0,0.0,0.0,0.0,rs77312977
0.275,0.05,0.025,0.025,0.075,rs12169316
0.175,0.025,0.025,0.025,0.0,rs12169358
0.275,0.05,0.025,0.025,0.0,rs12170605
0.725,0.925,0.775,0.75,0.825,rs5769385
0.7,0.3,0.45,0.425,0.65,rs5769386
0.0,0.0,0.0,0.0,0.025,rs117270697
0.775,0.975,0.725,0.775,0.85,rs4823975
0.0,0.0,0.0,0.0,0.1,rs13055527
0.175,0.725,0.25,0.65,0.375,rs5769389
0.025,0.025,0.0,0.025,0.0,rs113944715
0.05,0.05,0.025,0.025,0.1,rs11702959
0.825,0.225,0.075,0.3,0.3,rs5769843
0.0,0.05,0.0,0.025,0.0,rs77779902
1.0,0.925,0.7,0.725,0.675,rs5769849
0.45,0.5,0.225,0.55,0.275,rs4823981
0.575,0.85,0.55,0.45,0.65,rs5769852
0.15,0.575,0.75,0.7,0.625,rs12628155
0.0,0.05,0.0,0.025,0.0,rs111314200
0.0,0.0,0.0,0.0,0.0,rs139691487
0.025,0.0,0.05,0.125,0.05,rs73183564
0.0,0.0,0.0,0.025,0.0,rs73183565
0.575,0.05,0.075,0.075,0.075,rs6009399
0.275,0.625,0.8,0.725,0.55,rs4402864
0.025,0.05,0.125,0.075,0.0,rs5769393
0.75,0.925,0.775,0.875,0.75,rs910308
0.0,0.05,0.0,0.025,0.0,rs113960506
0.075,0.275,0.525,0.1,0.15,rs926761
0.15,0.0,0.05,0.025,0.0,rs8137626
0.0,0.0,0.125,0.025,0.0,rs12628360
0.35,0.175,0.175,0.45,0.225,rs7292709
0.05,0.0,0.0,0.05,0.0,rs76192598
0.0,0.025,0.0,0.125,0.05,rs75167430
0.5,0.175,0.0,0.375,0.35,rs6009459
0.1,0.1,0.175,0.15,0.225,rs80571
0.375,0.175,0.0,0.35,0.35,rs7289310
0.0,0.05,0.05,0.0,0.0,rs117652607
0.0,0.0,0.025,0.0,0.0,rs76833936
0.35,0.2,0.2,0.25,0.3,rs135230
0.775,0.625,0.2,0.575,0.65,rs86750
0.625,0.525,0.0,0.375,0.425,rs1547426
0.025,0.05,0.0,0.0,0.0,rs11090930
0.0,0.05,0.025,0.075,0.125,rs12484100
0.2,0.25,0.125,0.425,0.3,rs80567
0.0,0.175,0.025,0.2,0.1,rs739194
0.225,0.075,0.1,0.225,0.2,rs135256
0.475,0.55,0.2,0.525,0.35,rs6009503
0.075,0.025,0.0,0.0,0.075,rs9627870
0.325,0.425,0.15,0.475,0.3,rs4823998
0.125,0.0,0.3,0.1,0.175,rs73185576
0.225,0.25,0.125,0.2,0.225,rs5769954
0.3,0.375,0.525,0.15,0.275,rs5769966
0.65,0.575,0.975,0.35,0.575,rs5769967
0.425,0.25,0.475,0.3,0.3,rs6009184
0.65,0.425,0.3,0.275,0.225,rs5769975
0.025,0.0,0.0,0.025,0.0,rs9968028
0.025,0.0,0.0,0.025,0.025,rs9616470
0.125,0.025,0.275,0.05,0.125,rs113243715
0.375,0.625,0.2,0.55,0.5,rs5769440
0.0,0.025,0.075,0.05,0.05,rs80078075
0.025,0.0,0.2,0.075,0.125,rs76230687
0.0,0.025,0.0,0.025,0.025,rs117896431
0.0,0.0,0.05,0.025,0.05,rs76884665
0.0,0.025,0.0,0.05,0.0,rs34540191
0.55,0.575,0.625,0.65,0.725,rs9627883
0.0,0.025,0.05,0.025,0.05,rs5769985
0.4,0.15,0.45,0.35,0.375,rs6009527
0.35,0.0,0.4,0.1,0.2,rs12170052
0.325,0.15,0.2,0.25,0.225,rs2318940
0.0,0.025,0.0,0.05,0.0,rs78974176
0.05,0.0,0.25,0.1,0.175,rs4621267
0.025,0.45,0.125,0.325,0.2,rs5769445
0.15,0.0,0.0,0.025,0.0,rs73889940
0.75,0.725,0.875,0.825,0.775,rs6009535
0.05,0.025,0.45,0.1,0.2,rs55806647
0.05,0.05,0.125,0.1,0.2,rs6009538
0.075,0.475,0.55,0.375,0.3,rs2027840
0.05,0.0,0.175,0.05,0.05,rs17825726
0.15,0.5,0.675,0.425,0.325,rs940114
0.0,0.0,0.0,0.025,0.0,rs111819340
0.4,0.75,0.725,0.725,0.625,rs739079
0.475,0.675,0.95,0.625,0.5,rs739081
0.0,0.0,0.025,0.0,0.025,rs75743466
0.025,0.0,0.025,0.05,0.0,rs12628677
0.775,0.85,0.875,0.75,0.75,rs737832
0.05,0.075,0.025,0.175,0.025,rs80021614
0.075,0.025,0.0,0.0,0.0,rs111984504
0.125,0.1,0.025,0.175,0.025,rs11705420
0.45,0.2,0.125,0.5,0.075,rs9616496
0.1,0.075,0.025,0.15,0.025,rs6009546
0.0,0.0,0.05,0.0,0.0,rs118118510
0.0,0.0,0.025,0.0,0.0,rs140578869
0.75,0.8,0.975,0.825,0.875,rs2688071
0.8,0.9,0.875,0.975,0.725,rs1107799
0.0,0.0,0.0,0.025,0.0,rs1076919
0.45,0.325,0.15,0.65,0.15,rs6520091
0.0,0.0,0.025,0.0,0.0,rs140151753
0.25,0.625,0.75,0.475,0.6,rs2688173
0.0,0.075,0.025,0.15,0.05,rs76564284
0.0,0.0,0.0,0.025,0.0,rs117398593
0.0,0.025,0.1,0.0,0.0,rs118136011
0.15,0.2,0.45,0.15,0.125,rs6009557
0.075,0.0,0.1,0.05,0.1,rs77547443
0.475,0.675,0.325,0.775,0.5,rs1533926
0.1,0.425,0.275,0.25,0.375,rs762942
0.925,0.9,0.9,0.925,0.775,rs5770112
0.225,0.0,0.075,0.05,0.0,rs16999584
0.0,0.0,0.0,0.05,0.0,rs73173120
0.15,0.25,0.55,0.425,0.4,rs7289031
0.05,0.025,0.0,0.05,0.025,rs17180054
0.3,0.225,0.425,0.2,0.2,rs12628657
0.475,0.575,0.85,0.375,0.7,rs5770142
0.1,0.025,0.075,0.1,0.025,rs7291215
0.15,0.0,0.0,0.025,0.0,rs6009575
0.175,0.55,0.65,0.4,0.425,rs11090940
0.175,0.025,0.025,0.05,0.075,rs8139745
0.075,0.0,0.125,0.05,0.1,rs8139089
0.1,0.15,0.075,0.25,0.1,rs78066928
0.425,0.575,0.85,0.575,0.55,rs2858648
0.275,0.525,0.2,0.35,0.45,rs2177319
0.025,0.05,0.0,0.05,0.025,rs75168966
0.025,0.425,0.025,0.4,0.15,rs1880008
0.125,0.05,0.075,0.1,0.15,rs56041766
1.0,0.725,1.0,0.8,0.8,rs2248965
0.475,0.4,0.475,0.5,0.5,rs1880009
0.975,0.65,1.0,0.75,0.725,rs2858578
0.125,0.0,0.1,0.025,0.125,rs6520095
0.675,0.625,0.475,0.675,0.475,rs5769520
0.6,0.525,0.65,0.575,0.65,rs2858534
0.125,0.15,0.05,0.225,0.3,rs6009583
0.0,0.0,0.0,0.025,0.0,rs117802941
0.575,0.4,0.8,0.525,0.625,rs2858500
0.175,0.225,0.05,0.25,0.25,rs9627692
0.825,0.475,0.95,0.5,0.525,rs977299
0.175,0.225,0.15,0.1,0.15,rs7286313
0.15,0.1,0.15,0.125,0.125,rs13058252
0.1,0.325,0.125,0.475,0.225,rs2858509
1.0,0.675,1.0,0.875,0.8,rs762927
0.05,0.1,0.075,0.05,0.075,rs2858512
0.6,0.275,0.25,0.325,0.225,rs6009594
0.225,0.1,0.075,0.05,0.075,rs2858517
0.0,0.025,0.0,0.0,0.0,rs117322830
0.15,0.45,0.725,0.5,0.675,rs5769554
0.0,0.0,0.0,0.025,0.0,rs34656530
0.0,0.125,0.0,0.0,0.0,rs73173191
0.575,0.4,0.525,0.325,0.4,rs6009217
0.475,0.025,0.075,0.1,0.05,rs11912713
0.075,0.175,0.225,0.375,0.225,rs10427793
0.025,0.05,0.0,0.025,0.0,rs117659079
0.0,0.075,0.0,0.05,0.0,rs79850777
0.175,0.3,0.75,0.275,0.475,rs848756
0.075,0.1,0.0,0.225,0.125,rs9627971
0.2,0.325,0.525,0.35,0.25,rs5770249
0.4,0.075,0.0,0.175,0.3,rs860238
0.0,0.175,0.0,0.1,0.025,rs11702899
0.0,0.0,0.0,0.025,0.0,rs73174810
0.85,0.425,0.85,0.5,0.525,rs708443
0.525,0.325,0.725,0.3,0.5,rs848728
0.45,0.125,0.225,0.325,0.175,rs2858535
0.5,0.125,0.175,0.45,0.5,rs848726
0.05,0.4,0.55,0.25,0.175,rs929025
0.1,0.1,0.025,0.125,0.075,rs11914210
0.1,0.125,0.025,0.15,0.075,rs9627980
0.325,0.625,0.65,0.475,0.5,rs737844
0.35,0.0,0.075,0.075,0.125,rs6009631
0.15,0.025,0.15,0.25,0.15,rs708450
0.5,0.1,0.175,0.25,0.375,rs2177321
0.35,0.45,0.675,0.6,0.5,rs994774
0.675,0.65,0.8,0.7,0.625,rs8138475
0.575,0.55,0.7,0.7,0.55,rs877161
0.4,0.05,0.125,0.1,0.1,rs7290667
0.0,0.25,0.2,0.25,0.2,rs12484636
0.325,0.5,0.45,0.3,0.3,rs2239777
0.1,0.0,0.1,0.0,0.075,rs12170978
0.25,0.025,0.025,0.1,0.025,rs77385887
0.45,0.25,0.175,0.125,0.15,rs5770316
0.15,0.35,0.425,0.325,0.325,rs13054716
0.125,0.05,0.0,0.025,0.025,rs73442846
0.125,0.05,0.0,0.025,0.025,rs12330051
0.3,0.525,0.525,0.375,0.35,rs6009648
0.6,0.5,0.6,0.275,0.275,rs5770342
0.0,0.15,0.225,0.05,0.15,rs743782
0.025,0.075,0.025,0.075,0.175,rs6520112
0.675,0.7,0.85,0.7,0.625,rs713997
1.0,0.825,0.6,0.875,0.85,rs5770370
0.0,0.175,0.05,0.15,0.05,rs8143098
0.5,0.125,0.2,0.3,0.4,rs7291202
0.175,0.2,0.225,0.3,0.2,rs5770391
0.0,0.025,0.125,0.1,0.075,rs5770393
0.075,0.5,0.2,0.3,0.275,rs9616608
0.175,0.025,0.125,0.1,0.15,rs5770403
0.325,0.25,0.5,0.125,0.15,rs9627719
0.325,0.1,0.4,0.025,0.075,rs9306539
0.025,0.175,0.0,0.0,0.025,rs112983849
0.75,0.725,0.6,0.5,0.675,rs13056082
0.95,0.925,0.95,0.875,0.9,rs136771
0.0,0.05,0.0,0.1,0.05,rs77283331
0.175,0.125,0.025,0.1,0.225,rs12166144
0.0,0.025,0.0,0.15,0.025,rs62231860
0.45,0.125,0.075,0.275,0.375,rs136773
0.4,0.1,0.1,0.275,0.35,rs6009661
0.9,0.675,0.475,0.675,0.75,rs6009663
0.0,0.0,0.075,0.0,0.1,rs35894977
0.425,0.025,0.3,0.1,0.375,rs6009674
0.125,0.125,0.15,0.275,0.1,rs5770418
0.075,0.0,0.0,0.0,0.0,rs17000918
0.0,0.0,0.1,0.0,0.1,rs13057116
0.35,0.1,0.1,0.2,0.2,rs7287788
0.0,0.0,0.0,0.0,0.0,rs140665342
0.65,0.15,0.25,0.325,0.275,rs5770423
0.0,0.025,0.0,0.05,0.0,rs2032482
0.325,0.825,0.675,0.775,0.6,rs136782
0.025,0.0,0.1,0.0,0.1,rs34156481
0.775,0.35,0.375,0.325,0.625,rs6009680
0.325,0.125,0.225,0.225,0.35,rs7287094
0.975,0.875,0.725,0.7,0.875,rs136790
0.25,0.275,0.275,0.375,0.625,rs6009689
0.1,0.25,0.225,0.275,0.45,rs12159113
0.0,0.0,0.0,0.025,0.05,rs62231918
0.0,0.0,0.0,0.0,0.0,rs146837257
0.025,0.45,0.425,0.175,0.05,rs5770437
0.4,0.025,0.075,0.1,0.175,rs9616625
0.4,0.325,0.05,0.375,0.3,rs1075850
0.1,0.025,0.0,0.0,0.075,rs732641
0.125,0.25,0.4,0.225,0.5,rs8138283
0.1,0.1,0.25,0.025,0.025,rs10427830
0.35,0.475,0.175,0.275,0.25,rs714006
0.075,0.1,0.225,0.025,0.05,rs60271258
0.15,0.05,0.0,0.05,0.05,rs55778205
0.15,0.025,0.0,0.05,0.05,rs6009264
0.25,0.025,0.225,0.175,0.2,rs79544241
0.125,0.55,0.65,0.3,0.35,rs760515
0.025,0.225,0.1,0.05,0.05,rs74579996
0.0,0.05,0.0,0.025,0.025,rs73176909
0.025,0.05,0.15,0.075,0.025,rs77826050
0.025,0.075,0.0,0.15,0.1,rs76886620
0.0,0.0,0.0,0.025,0.0,rs118071569
0.15,0.075,0.15,0.075,0.025,rs12158321
0.15,0.075,0.15,0.075,0.025,rs12159805
0.175,0.15,0.025,0.275,0.3,rs6009723
0.5,0.2,0.15,0.35,0.325,rs75712748
0.0,0.0,0.0,0.0,0.0,rs149674805
0.025,0.05,0.125,0.075,0.025,rs10427998
0.0,0.025,0.0,0.0,0.0,rs116863378
0.0,0.0,0.05,0.0,0.0,rs76726786
0.225,0.2,0.325,0.125,0.125,rs9616661
0.0,0.0,0.0,0.025,0.0,rs80061114
0.0,0.0,0.0,0.075,0.0,rs116876575
0.575,0.1,0.0,0.15,0.075,rs11090973
0.0,0.0,0.0,0.025,0.0,rs117693345
0.025,0.05,0.075,0.075,0.2,rs74557471
0.025,0.05,0.1,0.075,0.2,rs76793315
0.475,0.05,0.175,0.05,0.025,rs12169586
0.525,0.05,0.175,0.125,0.1,rs10854872
0.025,0.05,0.275,0.05,0.025,rs76637995
0.6,0.425,0.475,0.6,0.775,rs134461
0.075,0.225,0.25,0.35,0.425,rs134458
0.0,0.0,0.0,0.0,0.025,rs117550993
0.175,0.025,0.175,0.05,0.025,rs6520124
0.0,0.025,0.0,0.025,0.075,rs73176947
0.1,0.15,0.075,0.2,0.3,rs3810643
0.0,0.0,0.025,0.025,0.025,rs80146006
0.35,0.05,0.075,0.0,0.0,rs9627740
0.0,0.025,0.0,0.05,0.05,rs10483248
0.0,0.025,0.0,0.075,0.0,rs74462673
0.0,0.025,0.025,0.025,0.025,rs10483249
0.0,0.0,0.0,0.025,0.025,rs117204269
0.0,0.0,0.1,0.0,0.075,rs5770525
0.225,0.075,0.25,0.075,0.225,rs135771
0.0,0.0,0.0,0.0,0.05,rs144405648
0.25,0.075,0.25,0.075,0.225,rs135775
0.025,0.1,0.05,0.3,0.2,rs743947
0.525,0.1,0.125,0.125,0.15,rs135793
0.0,0.025,0.05,0.025,0.125,rs135809
0.0,0.0,0.0,0.0,0.0,rs141639100
0.0,0.0,0.0,0.05,0.0,rs34120047
0.8,0.95,0.475,0.925,0.65,rs135846
0.525,0.9,0.325,0.8,0.45,rs1008320
0.0,0.0,0.0,0.025,0.025,rs77747294
0.0,0.0,0.0,0.05,0.025,rs117082807
0.025,0.225,0.15,0.025,0.0,rs5770568
0.0,0.0,0.025,0.0,0.0,rs117419894
0.0,0.025,0.0,0.0,0.0,rs76052213
0.15,0.0,0.075,0.05,0.025,rs9628072
0.0,0.0,0.0,0.075,0.0,rs73177000
0.0,0.025,0.0,0.025,0.0,rs77941260
0.675,0.75,0.45,0.475,0.525,rs916362
0.075,0.15,0.05,0.275,0.1,rs11705461
0.95,1.0,0.65,0.925,0.725,rs6009794
0.0,0.0,0.0,0.025,0.0,rs117580258
0.0,0.025,0.15,0.0,0.075,rs2071901
0.025,0.2,0.05,0.0,0.0,rs147368314
0.0,0.0,0.025,0.0,0.0,rs117722524
0.0,0.0,0.1,0.025,0.025,rs75475638
0.0,0.0,0.0,0.0,0.0,rs189860362
0.0,0.0,0.0,0.0,0.0,rs5770630
0.15,0.15,0.075,0.125,0.075,rs73179148
0.875,1.0,0.6,0.925,0.75,rs739245
0.125,0.2,0.2,0.25,0.25,rs5770638
0.875,1.0,0.55,0.9,0.75,rs28656033
0.0,0.0,0.075,0.025,0.225,rs71316554
0.45,0.175,0.25,0.075,0.35,rs8135992
0.0,0.05,0.0,0.0,0.0,rs78994182
0.7,1.0,0.6,0.875,0.8,rs5769725
0.25,0.8,0.4,0.775,0.35,rs5770651
0.675,0.975,0.6,0.875,0.875,rs760842
0.0,0.025,0.0,0.05,0.0,rs117000576
0.95,1.0,0.675,0.85,0.9,rs9616721
0.0,0.0,0.05,0.05,0.2,rs73179170
0.075,0.05,0.0,0.175,0.125,rs34658901
0.375,0.1,0.075,0.225,0.4,rs11090995
0.15,0.05,0.05,0.075,0.1,rs113125752
0.45,0.9,0.575,0.7,0.725,rs738413
0.075,0.05,0.075,0.125,0.1,rs35795505
0.025,0.2,0.075,0.0,0.0,rs79363272
0.125,0.0,0.0,0.05,0.125,rs111392589
0.125,0.0,0.075,0.0,0.1,rs114815082
0.225,0.025,0.15,0.05,0.225,rs12171156
0.925,0.3,0.6,0.25,0.75,rs6009845
0.0,0.0,0.0,0.025,0.025,rs62234096
0.175,0.0,0.0,0.0,0.175,rs76160051
0.0,0.0,0.05,0.0,0.025,rs76527509
0.375,0.225,0.25,0.1,0.225,rs139789
0.0,0.0,0.0,0.025,0.125,rs112599482
0.15,0.0,0.075,0.0,0.075,rs11913011
0.0,0.0,0.0,0.0,0.0,rs7289670
0.125,0.025,0.125,0.025,0.025,rs9616347
0.0,0.0,0.0,0.0,0.0,rs188079446
0.0,0.025,0.0,0.075,0.025,rs117438528
0.0,0.0,0.025,0.0,0.0,rs117044142
0.3,0.0,0.025,0.0,0.25,rs9680571
0.0,0.0,0.0,0.025,0.0,rs118148725
0.375,0.0,0.05,0.0,0.2,rs12158007
0.0,0.0,0.0,0.0,0.0,rs188859633
0.0,0.075,0.075,0.025,0.225,rs61333294
0.0,0.025,0.0,0.0,0.0,rs117905061
0.875,0.25,0.35,0.375,0.6,rs4468
0.525,0.075,0.075,0.025,0.2,rs916418
0.6,0.1,0.075,0.025,0.3,rs916419
0.125,0.0,0.1,0.025,0.025,rs138829
0.0,0.0,0.0,0.0,0.0,rs139630692
0.65,0.175,0.15,0.15,0.475,rs138843
0.0,0.025,0.0,0.05,0.0,rs78264894
0.075,0.025,0.05,0.0,0.0,rs10427831
0.0,0.0,0.025,0.0,0.0,rs76852688
0.025,0.0,0.0,0.125,0.0,rs117613664
0.0,0.0,0.0,0.0,0.025,rs78279592
0.0,0.0,0.0,0.025,0.0,rs80045995
0.25,0.025,0.1,0.0,0.0,rs58422561
0.025,0.0,0.0,0.05,0.0,rs117482615
0.55,0.925,0.85,0.975,0.85,rs761878
0.0,0.0,0.0,0.0,0.025,rs75796394
0.0,0.0,0.025,0.0,0.0,rs372675865
0.0,0.025,0.0,0.0,0.0,rs117217676
0.325,0.1,0.1,0.025,0.25,rs2295407
0.475,0.075,0.05,0.0,0.05,rs6009335
0.475,0.075,0.05,0.0,0.125,rs6009338
0.075,0.0,0.0,0.0,0.025,rs55748279
0.0,0.0,0.0,0.0,0.0,rs149686381
0.075,0.0,0.0,0.0,0.025,rs17001403
0.0,0.0,0.0,0.0,0.0,rs141430510
0.075,0.0,0.1,0.025,0.1,rs3922872
0.0,0.025,0.0,0.05,0.0,rs62233155
0.0,0.0,0.0,0.0,0.0,rs200490756
0.0,0.0,0.0,0.0,0.0,rs201033281
0.0,0.0,0.0,0.0,0.075,rs149112831
0.0,0.1,0.025,0.0,0.0,rs139946841
0.55,0.1,0.05,0.0,0.125,rs8139422
0.0,0.0,0.0,0.0,0.0,rs75892493
0.4,0.125,0.225,0.1,0.275,rs7410612
0.5,0.125,0.2,0.075,0.3,rs11912619
0.0,0.0,0.0,0.0,0.0,rs11703995
0.525,0.225,0.35,0.075,0.4,rs7287579
0.1,0.025,0.0,0.05,0.075,rs28493499
0.125,0.125,0.1,0.075,0.2,rs28434404
0.725,0.25,0.225,0.125,0.35,rs28372042
0.0,0.075,0.0,0.1,0.025,rs28652639
0.95,0.475,0.65,0.3,0.55,rs28523661
0.0,0.0,0.0,0.0,0.0,rs117796274
0.0,0.0,0.025,0.0,0.0,rs118017608
0.1,0.05,0.0,0.025,0.075,rs62231868
0.075,0.025,0.025,0.0,0.025,rs73445922
0.25,0.125,0.325,0.075,0.125,rs73445933
0.1,0.05,0.025,0.05,0.125,rs73445937
0.825,0.525,0.6,0.25,0.3,rs28479081
0.3,0.175,0.225,0.125,0.0,rs28634968
0.8,0.325,0.475,0.2,0.175,rs28570255
0.125,0.025,0.0,0.025,0.0,rs73891201
0.075,0.05,0.15,0.025,0.075,rs28372448
0.025,0.25,0.075,0.175,0.0,rs77981919
0.675,0.575,0.525,0.675,0.325,rs28681372
0.0,0.05,0.0,0.0,0.025,rs143904075
0.075,0.0,0.0,0.0,0.025,rs141460854
0.6,0.5,0.675,0.525,0.85,rs5771069
0.0,0.05,0.0,0.025,0.0,rs9617098
0.0,0.0,0.025,0.0,0.0,rs148316130
0.0,0.025,0.025,0.0,0.0,rs181121019
0.65,0.5,0.65,0.525,0.85,rs137862
0.0,0.0,0.0,0.0,0.0,rs369901019
0.0,0.0,0.0,0.1,0.0,rs78270429
0.15,0.25,0.25,0.3,0.2,rs137878
0.025,0.025,0.025,0.0,0.025,rs114396700
0.225,0.5,0.325,0.55,0.275,rs137885
0.0,0.0,0.375,0.0,0.225,rs73183330
0.025,0.0,0.3,0.0,0.225,rs115704036
0.225,0.275,0.275,0.3,0.175,rs11101958
0.0,0.0,0.0,0.025,0.0,rs76786083
0.075,0.05,0.025,0.025,0.05,rs56327033
0.325,0.425,0.3,0.325,0.425,rs1079653
0.45,0.375,0.275,0.325,0.4,rs5771131
0.0,0.0,0.0,0.1,0.05,rs117334902
0.0,0.025,0.325,0.025,0.025,rs79814761
0.75,0.425,0.7,0.275,0.475,rs7290681
0.075,0.025,0.05,0.025,0.025,rs2294384
0.0,0.025,0.0,0.1,0.0,rs41283496
0.0,0.0,0.0,0.0,0.0,rs183916737
0.675,0.675,0.625,0.5,0.675,rs137920
0.0,0.025,0.05,0.025,0.025,rs181700711
1.0,0.95,0.925,0.825,0.95,rs2294385
0.1,0.35,0.3,0.2,0.225,rs35110809
0.0,0.0,0.0,0.0,0.0,rs201463856
0.075,0.15,0.075,0.075,0.35,rs2076132
0.025,0.0,0.025,0.0,0.35,rs73183393
0.0,0.0,0.0,0.0,0.0,rs41302601
0.0,0.0,0.05,0.0,0.0,rs28362607
0.05,0.025,0.05,0.025,0.025,rs6010173
0.025,0.05,0.0,0.0,0.0,rs117054355
0.0,0.0,0.0,0.0,0.0,rs77297773
0.2,0.15,0.0,0.175,0.075,rs138224
0.0,0.0,0.0,0.0,0.0,rs138243
0.0,0.0,0.05,0.0,0.0,rs116869697
0.0,0.125,0.05,0.075,0.075,rs59650998
0.3,0.05,0.0,0.0,0.025,rs112256184
0.0,0.0,0.0,0.0,0.0,rs55747387
0.225,0.375,0.375,0.45,0.425,rs138270
0.0,0.175,0.1,0.0,0.3,rs12484907
0.95,0.775,0.625,0.675,0.8,rs5771086
0.125,0.2,0.1,0.025,0.35,rs4838857
0.225,0.025,0.0,0.0,0.025,rs9628267
0.0,0.0,0.0,0.0,0.05,rs118178636
0.0,0.0,0.025,0.0,0.0,rs141940015
0.025,0.0,0.025,0.025,0.025,rs75222915
0.025,0.025,0.0,0.05,0.0,rs28479153
0.825,0.575,0.8,0.6,0.95,rs1555050
0.025,0.075,0.0,0.025,0.325,rs56036086
0.175,0.0,0.0,0.075,0.025,rs6537637
0.0,0.0,0.025,0.0,0.0,rs143900396
0.0,0.0,0.0,0.0,0.025,rs34163881
0.025,0.0,0.05,0.075,0.05,rs2272852
0.0,0.0,0.025,0.0,0.0,rs146532216
0.0,0.0,0.0,0.0,0.0,rs138207892
0.0,0.0,0.0,0.0,0.0,rs145518427
0.0,0.025,0.0,0.0,0.0,rs17248287
0.0,0.0,0.0,0.0,0.0,rs199815606
0.025,0.0,0.0,0.0,0.0,rs61739385
0.0,0.0,0.0,0.0,0.0,rs143759693
0.0,0.0,0.0,0.025,0.0,rs149231425
0.0,0.0,0.0,0.0,0.0,rs144692967
0.0,0.0,0.0,0.0,0.0,rs138592738
0.0,0.0,0.0,0.0,0.0,rs199582514
0.0,0.0,0.0,0.0,0.0,rs139934957
0.0,0.0,0.0,0.0,0.0,rs74767375
0.075,0.25,0.35,0.275,0.1,rs5771259
0.1,0.225,0.375,0.3,0.4,rs7511006
0.0,0.0,0.0,0.0,0.0,rs118091943
0.0,0.0,0.0,0.0,0.0,rs199898082
0.0,0.0,0.0,0.0,0.0,rs200360214
0.025,0.0,0.05,0.075,0.05,rs35820251
0.0,0.0,0.0,0.0,0.0,rs143228101
0.0,0.0,0.0,0.0,0.0,rs142968114
0.0,0.0,0.0,0.0,0.0,rs145695654
0.0,0.0,0.0,0.0,0.0,rs2230823
0.0,0.0,0.0,0.0,0.0,rs149914576
0.0,0.0,0.0,0.0,0.0,rs191191851
0.0,0.0,0.0,0.0,0.0,rs201667359
0.1,0.2,0.425,0.3,0.425,rs73187284
0.1,0.225,0.075,0.025,0.0,rs34422484
0.15,0.375,0.3,0.25,0.5,rs742184
0.0,0.0,0.0,0.0,0.0,rs138533200
0.0,0.05,0.0,0.025,0.05,rs33932986
0.65,0.75,0.575,0.775,0.6,rs2076139
0.0,0.025,0.0,0.1,0.0,rs117450593
0.05,0.225,0.05,0.025,0.05,rs61760587
0.0,0.025,0.125,0.05,0.025,rs34823637
0.475,0.475,0.45,0.225,0.2,rs909691
0.0,0.025,0.0,0.025,0.0,rs75930249
0.0,0.025,0.0,0.075,0.0,rs76461841
0.025,0.025,0.075,0.05,0.0,rs62621372
0.0,0.0,0.0,0.0,0.0,rs144108995
0.125,0.0,0.0,0.025,0.0,rs58705604
0.675,0.3,0.575,0.2,0.25,rs28379706
0.0,0.0,0.0,0.0,0.0,rs76654220
0.1,0.025,0.025,0.05,0.025,rs73437463
0.05,0.0,0.125,0.025,0.0,rs73891214
0.0,0.025,0.0,0.025,0.0,rs11553142
0.625,0.4,0.25,0.35,0.65,rs35812349
0.125,0.0,0.125,0.05,0.0,rs11553143
0.0,0.025,0.025,0.025,0.0,rs150997450
0.0,0.0,0.125,0.05,0.0,rs28500484
0.025,0.0,0.0,0.0,0.0,rs58971390
0.4,0.125,0.25,0.225,0.45,rs8142229
0.825,0.425,0.3,0.3,0.65,rs7290471
0.325,0.025,0.125,0.05,0.0,rs7287079
0.325,0.025,0.125,0.05,0.0,rs7284516
0.0,0.0,0.0,0.0,0.1,rs78225146
0.0,0.0,0.125,0.05,0.0,rs117246629
0.075,0.45,0.25,0.425,0.6,rs7510868
0.0,0.0,0.0,0.0,0.0,rs140304979
0.0,0.0,0.0,0.0,0.0,rs201267178
0.025,0.0,0.0,0.0,0.0,rs74740987
0.225,0.55,0.65,0.175,0.275,rs7410465
0.0,0.0,0.0,0.0,0.0,rs149262092
0.0,0.0,0.0,0.0,0.0,rs148271691
0.0,0.0,0.0,0.0,0.0,rs571330097
0.7,0.825,0.95,0.65,0.6,rs2334099
0.0,0.0,0.0,0.0,0.0,rs114588174
0.0,0.0,0.0,0.0,0.0,rs150134312
0.0,0.0,0.0,0.0,0.0,rs144758234
0.0,0.0,0.0,0.0,0.0,rs201604809
0.0,0.0,0.0,0.0,0.0,rs189571888
0.05,0.0,0.075,0.0,0.0,rs11555194
0.0,0.0,0.0,0.025,0.0,rs118082496
0.0,0.0,0.0,0.0,0.0,rs200173779
0.0,0.025,0.0,0.025,0.025,rs56269507
0.0,0.0,0.0,0.0,0.0,rs202067340
0.0,0.0,0.0,0.025,0.0,rs117141973
0.225,0.35,0.15,0.425,0.325,rs4824146
0.0,0.0,0.0,0.0,0.0,rs147869659
0.0,0.0,0.0,0.0,0.0,rs148111223
0.0,0.0,0.0,0.0,0.0,rs188976869
0.85,0.7,1.0,0.55,0.625,rs5771040
0.9,0.8,0.875,0.6,0.65,rs738683
0.0,0.0,0.0,0.05,0.0,rs57016867
0.075,0.025,0.0,0.025,0.025,rs9628167
1.0,1.0,0.95,0.925,1.0,rs2232878
0.0,0.0,0.0,0.05,0.0,rs41280565
0.125,0.025,0.075,0.075,0.025,rs2232884
0.0,0.0,0.0,0.0,0.0,rs41280567
0.375,0.15,0.35,0.025,0.3,rs2232887
0.3,0.2,0.0,0.25,0.15,rs4824157
0.275,0.375,0.375,0.55,0.5,rs6009972
0.35,0.625,0.675,0.65,0.5,rs8138406
0.025,0.0,0.0,0.0,0.0,rs549768708
0.05,0.0,0.0,0.0,0.075,rs114166322
0.425,0.05,0.0,0.025,0.05,rs6010121
0.075,0.0,0.0,0.0,0.05,rs115920265
0.0,0.0,0.0,0.025,0.0,rs75276302
0.075,0.075,0.0,0.225,0.175,rs73172241
0.0,0.0,0.0,0.0,0.0,rs17850507
0.25,0.325,0.35,0.05,0.325,rs140524
0.05,0.225,0.35,0.025,0.275,rs11479
0.025,0.025,0.0,0.025,0.025,rs112723255
0.25,0.525,0.575,0.625,0.6,rs470119
0.0,0.0,0.0,0.0,0.0,rs188802138
0.375,0.65,0.575,0.65,0.625,rs140522
0.625,0.9,0.925,0.675,0.925,rs131794
0.85,0.85,0.975,0.6,0.875,rs131788
0.625,0.35,0.575,0.125,0.575,rs6009986
0.05,0.075,0.125,0.0,0.1,rs62239508
0.0,0.0,0.0,0.0,0.0,rs202093399
0.0,0.0,0.0,0.0,0.0,rs141222336
0.15,0.075,0.0,0.0,0.05,rs6009989
0.5,0.75,0.85,0.55,0.7,rs131777
0.15,0.05,0.0,0.0,0.05,rs6010000
0.15,0.05,0.0,0.0,0.05,rs6010001
0.175,0.05,0.0,0.0,0.05,rs6010006
0.125,0.025,0.0,0.075,0.175,rs9628177
0.075,0.15,0.325,0.075,0.25,rs5770893
0.1,0.15,0.325,0.025,0.275,rs2073604
0.025,0.15,0.275,0.025,0.25,rs5770911
0.575,0.05,0.0,0.0,0.1,rs73445514
0.025,0.15,0.325,0.025,0.275,rs3213445
0.775,0.8,0.975,0.6,0.8,rs131749
0.05,0.05,0.1,0.0,0.125,rs62239540
0.175,0.025,0.0,0.0,0.1,rs7287960
0.025,0.0,0.2,0.025,0.2,rs3213444
0.0,0.05,0.05,0.15,0.275,rs3213443
0.025,0.075,0.35,0.025,0.075,rs75209192
0.225,0.825,0.925,0.625,0.625,rs3219201
0.15,0.0,0.25,0.075,0.425,rs11091008
0.05,0.05,0.175,0.025,0.2,rs14136
0.05,0.0,0.0,0.0,0.0,rs114184170
0.125,0.525,0.525,0.5,0.4,rs140510
0.8,0.775,0.625,0.625,0.65,rs131728
0.85,0.85,0.975,0.65,0.75,rs131724
0.125,0.6,0.875,0.525,0.5,rs131718
0.0,0.0,0.025,0.05,0.025,rs73172277
0.0,0.075,0.0,0.05,0.125,rs6151429
0.0,0.0,0.0,0.0,0.0,rs201693608
0.3,0.5,0.35,0.55,0.275,rs743616
0.0,0.0,0.0,0.0,0.0,rs74315479
0.075,0.0,0.0,0.075,0.025,rs6151425
0.55,0.275,0.1,0.1,0.15,rs2071421
0.0,0.0,0.0,0.0,0.0,rs143994992
0.0,0.0,0.0,0.0,0.0,rs138468395
0.0,0.0,0.0,0.0,0.0,rs201251634
0.0,0.025,0.0,0.0,0.0,rs201794808
0.65,0.5,0.65,0.2,0.5,rs9616802
0.05,0.375,0.4,0.125,0.325,rs1003322
0.075,0.1,0.0,0.075,0.025,rs78222150
0.0,0.05,0.0,0.0,0.05,rs117063829
0.125,0.275,0.45,0.15,0.175,rs6010044
0.2,0.15,0.025,0.625,0.375,rs9616906
0.45,0.25,0.025,0.625,0.425,rs9616812
0.0,0.0,0.0,0.0,0.0,rs145851552
0.1,0.05,0.025,0.0,0.05,rs78399651
0.275,0.275,0.05,0.6,0.425,rs9616915
0.0,0.0,0.0,0.025,0.0,rs117641416
0.675,0.475,0.4,0.175,0.125,rs9616816
0.15,0.325,0.275,0.625,0.475,rs7354797
0.0,0.0,0.0,0.1,0.0,rs77452243
0.825,0.825,0.7,0.85,0.65,rs2341010
0.375,0.5,0.725,0.225,0.375,rs739365
0.0,0.0,0.0,0.0,0.0,rs147941361
0.0,0.0,0.0,0.0,0.0,rs182897668
0.0,0.0,0.0,0.0,0.0,rs200519592
0.0,0.0,0.0,0.0,0.0,rs200078273
0.0,0.0,0.0,0.0,0.0,rs188450024
0.025,0.05,0.0,0.05,0.075,rs142356721
0.0,0.025,0.0,0.025,0.075,rs61729471
0.0,0.0,0.0,0.025,0.0,rs117066889
0.0,0.0,0.0,0.075,0.0,rs76161499
0.025,0.0,0.0,0.0,0.0,rs200572899
0.0,0.0,0.0,0.05,0.0,rs200077311
0.0,0.0,0.0,0.0,0.0,rs201793890
0.0,0.0,0.0,0.0,0.0,rs186474600
0.0,0.0,0.0,0.0,0.0,rs191010623
0.55,0.4,0.425,0.35,0.25,rs10451
0.0,0.0,0.0,0.0,0.0,rs183612124
0.0,0.1,0.0,0.05,0.025,rs73174435
0.0,0.0,0.0,0.0,0.0,rs79314756
0.0,0.1,0.075,0.0,0.025,rs77216309
0.0,0.0,0.0,0.0,0.0,rs73174437
0.025,0.125,0.3,0.075,0.0,rs76866150
0.325,0.1,0.025,0.05,0.0,rs8135434
0.05,0.0,0.0,0.15,0.05,rs113391741
0.0,0.225,0.0,0.275,0.15,rs34939255
0.0,0.0,0.0,0.0,0.0,rs190639024
